Canon_SMILES,chembl_id,activity_type,value,units,assay_chembl_id,assay_description
CC(CCc1ccccc1)NCC(O)c1ccc(O)c(C(N)=O)c1,CHEMBL429,Log K',0.14,,CHEMBL702885,Binding constant against human serum albumin (HSA)
CN(Cc1cnc2nc(N)nc(N)c2n1)c1ccc(C(=O)N[C@@H](CCC(=O)O)C(=O)O)cc1,CHEMBL34259,Log K',0.77,,CHEMBL702885,Binding constant against human serum albumin (HSA)
CN(C/C=C/C#CC(C)(C)C)Cc1cccc2ccccc12,CHEMBL822,Log K',1.17,,CHEMBL702885,Binding constant against human serum albumin (HSA)
CCCCNc1cc(C(=O)O)cc(S(N)(=O)=O)c1Oc1ccccc1,CHEMBL1072,Log K',0.03,,CHEMBL702885,Binding constant against human serum albumin (HSA)
CC(C)NCC(O)c1ccc(NS(C)(=O)=O)cc1,CHEMBL471,Log K',0.44,,CHEMBL702885,Binding constant against human serum albumin (HSA)
CC(C)(C)NC[C@H](O)COc1nsnc1N1CCOCC1,CHEMBL499,Log K',0.33,,CHEMBL702885,Binding constant against human serum albumin (HSA)
COc1cc2nc(N3CCN(C(=O)C4CCCO4)CC3)nc(N)c2cc1OC,CHEMBL611,Log K',0.16,,CHEMBL702885,Binding constant against human serum albumin (HSA)
CN(C)CCCN1c2ccccc2CCc2ccccc21,CHEMBL11,Log K',0.75,,CHEMBL702885,Binding constant against human serum albumin (HSA)
CC[C@@]1(O)C(=O)OCc2c1cc1n(c2=O)Cc2cc3ccccc3nc2-1,CHEMBL65,Log K',0.08,,CHEMBL702885,Binding constant against human serum albumin (HSA)
C=CCc1ccccc1OCC(O)CNC(C)C,CHEMBL266195,Log K',0.04,,CHEMBL702885,Binding constant against human serum albumin (HSA)
CC(=O)O[C@H]1C[C@@]2(C)[C@@H](C[C@@H](O)[C@H]3[C@@]4(C)CC[C@@H](O)[C@@H](C)[C@@H]4CC[C@@]32C)/C1=C(\CCC=C(C)C)C(=O)O,CHEMBL374975,Log K',0.33,,CHEMBL702885,Binding constant against human serum albumin (HSA)
O=c1c2ccccc2[se]n1-c1ccccc1,CHEMBL51085,Log K',1.04,,CHEMBL702885,Binding constant against human serum albumin (HSA)
COc1cc([C@@H]2c3cc4c(cc3[C@@H](O[C@@H]3O[C@@H]5CO[C@@H](C)O[C@H]5[C@H](O)[C@H]3O)[C@H]3COC(=O)[C@H]23)OCO4)cc(OC)c1O,CHEMBL44657,Log K',0.49,,CHEMBL702885,Binding constant against human serum albumin (HSA)
Nc1nnc(-c2cccc(Cl)c2Cl)c(N)n1,CHEMBL741,Log K',0.13,,CHEMBL702885,Binding constant against human serum albumin (HSA)
CN1[C@@H]2CC[C@H]1C[C@@H](OC(=O)C(CO)c1ccccc1)C2,CHEMBL517712,Log B/F,1.004,,CHEMBL702884,Ability to bind to human serum albumin (HSA)
CC1(C)S[C@@H]2[C@H](NC(=O)[C@H](N)c3ccc(O)cc3)C(=O)N2[C@H]1C(=O)O,CHEMBL1082,Log K',1.21,,CHEMBL702885,Binding constant against human serum albumin (HSA)
COc1ccc2c(c1)c(CC(=O)O)c(C)n2C(=O)c1ccc(Cl)cc1,CHEMBL6,Log K',0.47,,CHEMBL702885,Binding constant against human serum albumin (HSA)
CC1=C(C(=O)O)N2C(=O)[C@@H](NC(=O)[C@H](N)c3ccccc3)[C@H]2SC1,CHEMBL1727,Log K',1.11,,CHEMBL702885,Binding constant against human serum albumin (HSA)
CC(C)NCC(O)COc1ccc(CC(N)=O)cc1,CHEMBL24,Log K',0.48,,CHEMBL702885,Binding constant against human serum albumin (HSA)
COc1cc(Cc2cnc(N)nc2N)cc(OC)c1OC,CHEMBL22,Log K',0.26,,CHEMBL702885,Binding constant against human serum albumin (HSA)
CN(C)CCCN1c2ccccc2Sc2ccc(C(F)(F)F)cc21,CHEMBL570,Log K',1.05,,CHEMBL702885,Binding constant against human serum albumin (HSA)
CC(NC(C)(C)C)C(=O)c1cccc(Cl)c1,CHEMBL894,Log K',0.05,,CHEMBL702885,Binding constant against human serum albumin (HSA)
CC(=O)CC(c1ccccc1)c1c(O)c2ccccc2oc1=O,CHEMBL1464,Log K',0.04,,CHEMBL702885,Binding constant against human serum albumin (HSA)
C[C@H]1c2cccc(O)c2C(=O)C2=C(O)[C@]3(O)C(=O)C(C(N)=O)=C(O)[C@@H](N(C)C)[C@@H]3[C@@H](O)[C@@H]21.O,CHEMBL1200699,Log K',0.01,,CHEMBL702885,Binding constant against human serum albumin (HSA)
COc1cc2nc(N3CCN(C(=O)c4ccco4)CC3)nc(N)c2cc1OC,CHEMBL2,Log K',0.06,,CHEMBL702885,Binding constant against human serum albumin (HSA)
CN/C(=N\CCSCc1nc[nH]c1C)NC#N,CHEMBL30,Log K',0.44,,CHEMBL702885,Binding constant against human serum albumin (HSA)
NS(=O)(=O)c1cc2c(cc1Cl)NCNS2(=O)=O,CHEMBL435,Log K',0.42,,CHEMBL702885,Binding constant against human serum albumin (HSA)
C[C@H](CS)C(=O)N1CCC[C@H]1C(=O)O,CHEMBL1560,Log K',2.69,,CHEMBL702885,Binding constant against human serum albumin (HSA)
CC(=O)Oc1ccccc1C(=O)O,CHEMBL25,Log K',1.39,,CHEMBL702885,Binding constant against human serum albumin (HSA)
CNC(=C[N+](=O)[O-])NCCSCc1ccc(CN(C)C)o1,CHEMBL1790041,Log K',0.1,,CHEMBL702885,Binding constant against human serum albumin (HSA)
O=C(CCCN1CC=C(n2c(=O)[nH]c3ccccc32)CC1)c1ccc(F)cc1,CHEMBL1108,Log K',0.43,,CHEMBL702885,Binding constant against human serum albumin (HSA)
C=CCc1ccccc1OCC(O)CNC(C)C,CHEMBL266195,Log B/F,-0.121,,CHEMBL702884,Ability to bind to human serum albumin (HSA)
C[C@]12CC[C@H]3[C@@H](CCC4=CC(=O)CC[C@@]43C)[C@@H]1CC[C@@H]2O,CHEMBL386630,Log K',0.74,,CHEMBL702885,Binding constant against human serum albumin (HSA)
CNS(=O)(=O)Cc1ccc2[nH]cc(CCN(C)C)c2c1,CHEMBL128,Log K',0.05,,CHEMBL702885,Binding constant against human serum albumin (HSA)
O=C(O)c1cc(/N=N/c2ccc(S(=O)(=O)Nc3ccccn3)cc2)ccc1O,CHEMBL421,Log K',0.56,,CHEMBL702885,Binding constant against human serum albumin (HSA)
Cc1cc(=O)n(-c2ccccc2)n1C,CHEMBL277474,Log K',0.69,,CHEMBL702885,Binding constant against human serum albumin (HSA)
Clc1cccc(Cl)c1NC1=NCCN1,CHEMBL134,Log K',0.13,,CHEMBL702885,Binding constant against human serum albumin (HSA)
C=C[C@H]1CN2CC[C@H]1C[C@H]2[C@H](O)c1ccnc2ccc(OC)cc12,CHEMBL170,Log K',0.49,,CHEMBL702885,Binding constant against human serum albumin (HSA)
CCC(c1ccccc1)c1c(O)c2ccccc2oc1=O,CHEMBL1465,Log B/F,2.128,,CHEMBL702884,Ability to bind to human serum albumin (HSA)
CN(C)[C@@H]1C(O)=C(C(N)=O)C(=O)[C@@]2(O)C(O)=C3C(=O)c4c(O)cccc4[C@@](C)(O)[C@H]3C[C@@H]12,CHEMBL1440,Log K',0.08,,CHEMBL702885,Binding constant against human serum albumin (HSA)
CCOC(=O)C(C)(C)Oc1ccc(Cl)cc1,CHEMBL565,Log K',0.27,,CHEMBL702885,Binding constant against human serum albumin (HSA)
C=C[C@H]1CN2CC[C@H]1C[C@@H]2[C@@H](O)c1ccnc2ccc(OC)cc12,CHEMBL1294,Log K',0.44,,CHEMBL702885,Binding constant against human serum albumin (HSA)
CN1[C@@H]2C[C@@H](OC(=O)[C@H](CO)c3ccccc3)C[C@H]1[C@@H]1O[C@@H]12,CHEMBL569713,Log K',0.34,,CHEMBL702885,Binding constant against human serum albumin (HSA)
CN(C)[C@@H]1C(O)=C(C(N)=O)C(=O)[C@@]2(O)C(O)=C3C(=O)c4c(O)cccc4C[C@H]3C[C@@H]12,CHEMBL2009312,Log K',0.21,,CHEMBL702885,Binding constant against human serum albumin (HSA)
COc1ccc(CCN(C)CCCC(C#N)(c2ccc(OC)c(OC)c2)C(C)C)cc1OC,CHEMBL6966,Log B/F,0.278,,CHEMBL702884,Ability to bind to human serum albumin (HSA)
CC(=O)[C@H]1CC[C@H]2[C@@H]3CCC4=CC(=O)CC[C@]4(C)[C@H]3CC[C@]12C,CHEMBL103,Log K',0.59,,CHEMBL702885,Binding constant against human serum albumin (HSA)
Nc1nc(=O)[nH]cc1F,CHEMBL1463,Log K',1.11,,CHEMBL702885,Binding constant against human serum albumin (HSA)
C[C@H]1COc2c(N3CCN(C)CC3)c(F)cc3c(=O)c(C(=O)O)cn1c23.C[C@H]1COc2c(N3CCN(C)CC3)c(F)cc3c(=O)c(C(=O)O)cn1c23.O,CHEMBL5315124,Log K',0.14,,CHEMBL702885,Binding constant against human serum albumin (HSA)
CO/N=C(\C(=O)N[C@@H]1C(=O)N2C(C(=O)O)=C(COC(N)=O)CS[C@H]12)c1ccco1,CHEMBL1436,Log K',1.33,,CHEMBL702885,Binding constant against human serum albumin (HSA)
COc1ccc2c(c1)c(CC(=O)O)c(C)n2C(=O)c1ccc(Cl)cc1,CHEMBL6,Log B/F,0.919,,CHEMBL702884,Ability to bind to human serum albumin (HSA)
CCC1(c2ccccc2)C(=O)NC(=O)NC1=O,CHEMBL40,Log B/F,0.11,,CHEMBL702884,Ability to bind to human serum albumin (HSA)
CCCNC(=O)NS(=O)(=O)c1ccc(Cl)cc1,CHEMBL498,Log K',0.44,,CHEMBL702885,Binding constant against human serum albumin (HSA)
CC(C)NCC(O)COc1cccc2[nH]ccc12,CHEMBL500,Log K',0.13,,CHEMBL702885,Binding constant against human serum albumin (HSA)
O=C1CCC(c2ccccc2)(C2CCN(Cc3ccccc3)CC2)C(=O)N1,CHEMBL10272,Log B/F,0.087,,CHEMBL858645,Ability to bind to human serum albumin
COc1ccc(Cl)cc1C(=O)NCCc1ccc(S(=O)(=O)NC(=O)NC2CCCCC2)cc1,CHEMBL472,Log K',0.68,,CHEMBL702885,Binding constant against human serum albumin (HSA)
COCCc1ccc(OCC(O)CNC(C)C)cc1,CHEMBL13,Log B/F,0.807,,CHEMBL702884,Ability to bind to human serum albumin (HSA)
CO/N=C(\C(=O)N[C@@H]1C(=O)N2C(C(=O)OC(C)OC(C)=O)=C(COC(N)=O)CS[C@H]12)c1ccco1,CHEMBL1095930,Log K',0.56,,CHEMBL702885,Binding constant against human serum albumin (HSA)
C[C@H]1C[C@@H]2[C@H]([C@@H](O)C[C@@]3(C)[C@H]2CC[C@]3(O)C(=O)CO)[C@@]2(C)C=CC(=O)C=C12,CHEMBL650,Log K',0.22,,CHEMBL702885,Binding constant against human serum albumin (HSA)
C[C@@H]1C[C@H]2[C@@H]3CCC4=CC(=O)C=C[C@]4(C)[C@@]3(F)[C@@H](O)C[C@]2(C)[C@@]1(O)C(=O)CO,CHEMBL384467,Log B/F,0.454,,CHEMBL702884,Ability to bind to human serum albumin (HSA)
COc1ccc2cc([C@H](C)C(=O)O)ccc2c1,CHEMBL154,Log K',0.25,,CHEMBL702885,Binding constant against human serum albumin (HSA)
COc1ccc(CCN(C)CCCC(C#N)(c2ccc(OC)c(OC)c2)C(C)C)cc1OC,CHEMBL6966,Log K',0.52,,CHEMBL702885,Binding constant against human serum albumin (HSA)
CCCC(=O)Nc1ccc(OCC(O)CNC(C)C)c(C(C)=O)c1,CHEMBL642,Log K',0.21,,CHEMBL702885,Binding constant against human serum albumin (HSA)
O=C(O)c1ccccc1O,CHEMBL424,Log K',0.66,,CHEMBL702885,Binding constant against human serum albumin (HSA)
CN(C)CCCN1c2ccccc2Sc2ccccc21,CHEMBL564,Log K',0.92,,CHEMBL702885,Binding constant against human serum albumin (HSA)
OC[C@H]1O[C@@](CO)(O[C@H]2O[C@H](CO)[C@@H](O)[C@H](O)[C@H]2O)[C@@H](O)[C@@H]1O,CHEMBL253582,Log B/F,-2.886,,CHEMBL702884,Ability to bind to human serum albumin (HSA)
CCN(CC)CC(=O)Nc1c(C)cccc1C,CHEMBL79,Log K',0.23,,CHEMBL702885,Binding constant against human serum albumin (HSA)
CO[C@@H]1[C@@H](OC(N)=O)[C@@H](O)[C@H](Oc2ccc3c(O)c(NC(=O)c4ccc(O)c(CC=C(C)C)c4)c(=O)oc3c2C)OC1(C)C,CHEMBL36506,Log K',0.35,,CHEMBL702885,Binding constant against human serum albumin (HSA)
Cc1cn([C@H]2C[C@H](N=[N+]=[N-])[C@@H](CO)O2)c(=O)[nH]c1=O,CHEMBL129,Log K',1.02,,CHEMBL702885,Binding constant against human serum albumin (HSA)
CCCc1cc(=O)[nH]c(=S)[nH]1,CHEMBL1518,Log K',0.75,,CHEMBL702885,Binding constant against human serum albumin (HSA)
C[C@]12CCC(=O)C=C1CC[C@@H]1[C@@H]2[C@@H](O)C[C@@]2(C)[C@H]1CC[C@]2(O)C(=O)CO,CHEMBL389621,Log K',0.4,,CHEMBL702885,Binding constant against human serum albumin (HSA)
NS(=O)(=O)c1cc(C(=O)O)c(NCc2ccco2)cc1Cl,CHEMBL35,Log K',0.13,,CHEMBL702885,Binding constant against human serum albumin (HSA)
CCCCC1C(=O)N(c2ccccc2)N(c2ccccc2)C1=O,CHEMBL101,Log B/F,1.619,,CHEMBL702884,Ability to bind to human serum albumin (HSA)
O=C(O)[C@H]1O[C@@H](O)[C@H](O)[C@@H](O)[C@@H]1O,CHEMBL1159524,Log B/F,-2.0,,CHEMBL702884,Ability to bind to human serum albumin (HSA)
Cc1ccc(/C(=C\CN2CCCC2)c2cccc(/C=C/C(=O)O)n2)cc1,CHEMBL1224,Log K',0.02,,CHEMBL702885,Binding constant against human serum albumin (HSA)
CCCCC1C(=O)N(c2ccccc2)N(c2ccccc2)C1=O,CHEMBL101,Log K',0.19,,CHEMBL702885,Binding constant against human serum albumin (HSA)
N[C@@H](Cc1c[nH]c2ccccc12)C(=O)O,CHEMBL54976,Log K',0.78,,CHEMBL702885,Binding constant against human serum albumin (HSA)
CCC(C)n1ncn(-c2ccc(N3CCN(c4ccc(OCC5COC(Cn6cncn6)(c6ccc(Cl)cc6Cl)O5)cc4)CC3)cc2)c1=O,CHEMBL64391,Log K',1.04,,CHEMBL702885,Binding constant against human serum albumin (HSA)
C[C@H]1O[C@@H](O[C@H]2[C@@H](O)C[C@H](O[C@H]3[C@@H](O)C[C@H](O[C@H]4CC[C@@]5(C)[C@H](CC[C@@H]6[C@@H]5CC[C@]5(C)[C@@H](C7=CC(=O)OC7)CC[C@]65O)C4)O[C@@H]3C)O[C@@H]2C)C[C@H](O)[C@@H]1O,CHEMBL254219,Log K',0.13,,CHEMBL702885,Binding constant against human serum albumin (HSA)
CC(=O)Nc1ccc(O)cc1,CHEMBL112,Log K',0.81,,CHEMBL702885,Binding constant against human serum albumin (HSA)
CC1(C)S[C@@H]2[C@H](NC(=O)COc3ccccc3)C(=O)N2[C@H]1C(=O)O,CHEMBL615,Log K',0.69,,CHEMBL702885,Binding constant against human serum albumin (HSA)
C[C@]12C=CC(=O)C=C1CC[C@@H]1[C@@H]2[C@@H](O)C[C@@]2(C)[C@H]1CC[C@]2(O)C(=O)CO,CHEMBL131,Log K',0.4,,CHEMBL702885,Binding constant against human serum albumin (HSA)
CC(=O)N1CCN(c2ccc(OCC3COC(Cn4ccnc4)(c4ccc(Cl)cc4Cl)O3)cc2)CC1,CHEMBL157101,Log K',0.84,,CHEMBL702885,Binding constant against human serum albumin (HSA)
C[C@H]1O[C@@H](O[C@H]2[C@@H](O)C[C@H](O[C@H]3[C@@H](O)C[C@H](O[C@H]4CC[C@@]5(C)[C@H](CC[C@@H]6[C@@H]5CC[C@]5(C)[C@@H](C7=CC(=O)OC7)CC[C@]65O)C4)O[C@@H]3C)O[C@@H]2C)C[C@H](O)[C@@H]1O,CHEMBL254219,Log B/F,3.222,,CHEMBL702884,Ability to bind to human serum albumin (HSA)
O=C(O)c1cn(C2CC2)c2cc(N3CCNCC3)c(F)cc2c1=O,CHEMBL8,Log K',0.14,,CHEMBL702885,Binding constant against human serum albumin (HSA)
CN(C)c1ccc(O)c2c1C[C@H]1C[C@H]3[C@H](N(C)C)C(O)=C(C(N)=O)C(=O)[C@@]3(O)C(O)=C1C2=O,CHEMBL1434,Log K',0.21,,CHEMBL702885,Binding constant against human serum albumin (HSA)
Cc1nccn1CC1CCc2c(c3ccccc3n2C)C1=O,CHEMBL46,Log K',0.37,,CHEMBL702885,Binding constant against human serum albumin (HSA)
C[C@]12CC[C@@H]3c4ccc(O)cc4CC[C@H]3[C@@H]1CC[C@@H]2O,CHEMBL135,Log K',0.68,,CHEMBL702885,Binding constant against human serum albumin (HSA)
COCCc1ccc(OCC(O)CNC(C)C)cc1,CHEMBL13,Log K',0.29,,CHEMBL702885,Binding constant against human serum albumin (HSA)
CCN(CC)CCOC(=O)c1ccc(N)cc1,CHEMBL569,Log K',0.19,,CHEMBL702885,Binding constant against human serum albumin (HSA)
CCn1cc(C(=O)O)c(=O)c2cc(F)c(N3CCNCC3)cc21,CHEMBL9,Log K',0.14,,CHEMBL702885,Binding constant against human serum albumin (HSA)
CCCNC(C)C(=O)Nc1c(C)csc1C(=O)OC,CHEMBL1093,Log B/F,-0.281,,CHEMBL702884,Ability to bind to human serum albumin (HSA)
O=C1NC(=O)C(c2ccccc2)(c2ccccc2)N1,CHEMBL16,Log K',0.0,,CHEMBL702885,Binding constant against human serum albumin (HSA)
Cc1ccc(S(=O)(=O)NC(=O)NN2CCCCCC2)cc1,CHEMBL817,Log K',0.42,,CHEMBL702885,Binding constant against human serum albumin (HSA)
CC(C)(C)NCC(O)COc1cccc2c1CC(O)C(O)C2,CHEMBL521606,Log K',0.4,,CHEMBL702885,Binding constant against human serum albumin (HSA)
CCOC(=O)C1=CCCN(C(C)C)C1,CHEMBL152846,Log B/F,1.595,,CHEMBL702884,Ability to bind to human serum albumin (HSA)
CC(C)NCC(O)COc1cccc2ccccc12,CHEMBL27,Log K',0.28,,CHEMBL702885,Binding constant against human serum albumin (HSA)
O=C(O)c1cc(=O)c2c(OCC(O)COc3cccc4oc(C(=O)O)cc(=O)c34)cccc2o1,CHEMBL428880,Log K',1.07,,CHEMBL702885,Binding constant against human serum albumin (HSA)
O=C(N[C@H](CO)[C@H](O)c1ccc([N+](=O)[O-])cc1)C(Cl)Cl,CHEMBL130,Log K',0.46,,CHEMBL702885,Binding constant against human serum albumin (HSA)
Clc1ccccc1C(c1ccccc1)(c1ccccc1)n1ccnc1,CHEMBL104,Log K',1.34,,CHEMBL702885,Binding constant against human serum albumin (HSA)
C[C@@H]1O[C@@H](O[C@H]2C[C@@H](O)[C@]3(CO)[C@H]4[C@H](O)C[C@]5(C)[C@@H](C6=CC(=O)OC6)CC[C@]5(O)[C@@H]4CC[C@]3(O)C2)[C@H](O)[C@H](O)[C@H]1O,CHEMBL222863,Log B/F,1.066,,CHEMBL702884,Ability to bind to human serum albumin (HSA)
CCCCC1C(=O)N(c2ccccc2)N(c2ccc(O)cc2)C1=O,CHEMBL1228,Log K',0.02,,CHEMBL702885,Binding constant against human serum albumin (HSA)
CCCCNc1ccc(C(=O)OCCN(C)C)cc1,CHEMBL698,Log K',0.32,,CHEMBL702885,Binding constant against human serum albumin (HSA)
Cn1c(=O)c2c(ncn2C)n(C)c1=O,CHEMBL113,Log K',0.92,,CHEMBL702885,Binding constant against human serum albumin (HSA)
CN(C)c1cccc2c(S(=O)(=O)NCC(=O)O)cccc12,CHEMBL343297,Log K',0.26,,CHEMBL702885,Binding constant against human serum albumin (HSA)
C=CCOc1ccccc1OCC(O)CNC(C)C,CHEMBL546,Log K',0.15,,CHEMBL702885,Binding constant against human serum albumin (HSA)
CN1C(=O)CN=C(c2ccccc2)c2cc(Cl)ccc21,CHEMBL12,Binding,86.1,%,CHEMBL646313,The ability concentration.)
COc1cc(NS(=O)(=O)c2ccc(N)cc2)nc(OC)n1,CHEMBL62193,Binding,98.7,%,CHEMBL646314,The ability concentration.)
CO[C@H]1/C=C/O[C@@]2(C)Oc3c(C)c(O)c4c(O)c(c(/C=N/N5CCN(C)CC5)c(O)c4c3C2=O)NC(=O)/C(C)=C\C=C\[C@H](C)[C@H](O)[C@@H](C)[C@@H](O)[C@@H](C)[C@H](OC(C)=O)[C@@H]1C,CHEMBL374478,Binding,73.3,%,CHEMBL646313,The ability concentration.)
C[C@H]1O[C@@H](O[C@H]2[C@@H](O)C[C@H](O[C@H]3[C@@H](O)C[C@H](O[C@H]4CC[C@@]5(C)[C@H](CC[C@@H]6[C@@H]5CC[C@]5(C)[C@@H](C7=CC(=O)OC7)CC[C@]65O)C4)O[C@@H]3C)O[C@@H]2C)C[C@H](O)[C@@H]1O,CHEMBL254219,Binding,96.6,%,CHEMBL646313,The ability concentration.)
O=C1NC(=O)C(c2ccccc2)(c2ccccc2)N1,CHEMBL16,Binding,63.4,%,CHEMBL646313,The ability concentration.)
CC(=O)CC(c1ccccc1)c1c(O)c2ccccc2oc1=O,CHEMBL1464,Binding,98.0,%,CHEMBL646313,The ability concentration.)
CC(=O)CC(c1ccccc1)c1c(O)c2ccccc2oc1=O,CHEMBL1464,Response,37.1,RU,CHEMBL644568,Warfarin (80 uM) response(early) on first day of human serum albumin (HSA) immobilization
CC(=O)CC(c1ccccc1)c1c(O)c2ccccc2oc1=O,CHEMBL1464,Response,38.4,RU,CHEMBL645093,Warfarin (80 uM) response (early) on 7th day of human serum albumin (HSA) immobilization
CC(=O)CC(c1ccccc1)c1c(O)c2ccccc2oc1=O,CHEMBL1464,Response,38.2,RU,CHEMBL644481,Warfarin (80 uM) response( between early and middle) on first day of human serum albumin (HSA) immobilization
CC(=O)CC(c1ccccc1)c1c(O)c2ccccc2oc1=O,CHEMBL1464,Response,28.8,RU,CHEMBL645090,Warfarin (80 uM) response (between early and middle) on 7th day of human serum albumin (HSA) immobilization
CC(=O)CC(c1ccccc1)c1c(O)c2ccccc2oc1=O,CHEMBL1464,Response,38.4,RU,CHEMBL876582,Warfarin (80 uM) response (middle) on first day of human serum albumin (HSA) immobilization
CC(=O)CC(c1ccccc1)c1c(O)c2ccccc2oc1=O,CHEMBL1464,Response,41.3,RU,CHEMBL645096,Warfarin (80 uM) response (middle) on 7th day of human serum albumin (HSA) immobilization
CC(=O)CC(c1ccccc1)c1c(O)c2ccccc2oc1=O,CHEMBL1464,Response,38.9,RU,CHEMBL645092,Warfarin (80 uM) response (between middle and late) on first day of human serum albumin (HSA) immobilization
CC(=O)CC(c1ccccc1)c1c(O)c2ccccc2oc1=O,CHEMBL1464,Response,41.1,RU,CHEMBL645091,Warfarin (80 uM) response (between middle and late) on 7th day of human serum albumin (HSA) immobilization
CC(=O)CC(c1ccccc1)c1c(O)c2ccccc2oc1=O,CHEMBL1464,Response,39.3,RU,CHEMBL645095,Warfarin (80 uM) response (late) on first day of human serum albumin (HSA) immobilization
CC(=O)CC(c1ccccc1)c1c(O)c2ccccc2oc1=O,CHEMBL1464,Response,41.8,RU,CHEMBL645094,Warfarin (80 uM) response (late) on 7th day of human serum albumin (HSA) immobilization
CC(=O)CC(c1ccccc1)c1c(O)c2ccccc2oc1=O,CHEMBL1464,Response,39.3,RU,CHEMBL645095,Warfarin (80 uM) response (late) on first day of human serum albumin (HSA) immobilization
CC(=O)CC(c1ccccc1)c1c(O)c2ccccc2oc1=O,CHEMBL1464,Response,41.8,RU,CHEMBL645094,Warfarin (80 uM) response (late) on 7th day of human serum albumin (HSA) immobilization
CC(C)Nc1cccnc1N1CCN(C(=O)c2cc3cc(NS(C)(=O)=O)ccc3[nH]2)CC1,CHEMBL593,Binding,96.7,%,CHEMBL646314,The ability concentration.)
CC(C)c1nc(CN(C)C(=O)N[C@H](C(=O)N[C@@H](Cc2ccccc2)C[C@H](O)[C@H](Cc2ccccc2)NC(=O)OCc2cncs2)C(C)C)cs1,CHEMBL163,Binding,99.0,%,CHEMBL646313,The ability concentration.)
C=C[C@H]1CN2CC[C@H]1C[C@H]2[C@H](O)c1ccnc2ccc(OC)cc12,CHEMBL170,Binding,34.6,%,CHEMBL646315,The ability binding to (HSA) human serum albumin (Binding classified based on injection of compound at 80 uM concn.)
COc1ccc2cc([C@H](C)C(=O)O)ccc2c1,CHEMBL154,Binding,99.7,%,CHEMBL646313,The ability concentration.)
O=c1ccc2ccccc2o1,CHEMBL6466,Binding,83.9,%,CHEMBL646313,The ability concentration.)
O=C(c1ccc(F)cc1)C1CCN(CCn2c(=O)[nH]c3ccccc3c2=O)CC1,CHEMBL51,Binding,93.2,%,CHEMBL646314,The ability concentration.)
C[C@]12C=CC(=O)C=C1CC[C@@H]1[C@@H]2C(=O)C[C@@]2(C)[C@H]1CC[C@]2(O)C(=O)CO,CHEMBL635,Binding,53.7,%,CHEMBL646313,The ability concentration.)
CCC1(O)C(=O)OCc2c1cc1n(c2=O)Cc2cc3c(Cl)c4c(cc3nc2-1)OCO4,CHEMBL90636,K,1200.0,1/Maa,CHEMBL702882,Association constant for the binding of the carboxylate form to human serum albumin;(M aa)e-1
CCC1(O)C(=O)OCc2c1cc1n(c2=O)Cc2cc3c(Cl)c4c(cc3nc2-1)OCO4,CHEMBL90636,Activity,1.6,,CHEMBL702880,Binding parameter of the carboxylate form to human serum albumin; n value
CCC1(O)C(=O)OCc2c1cc1n(c2=O)Cc2cc3cc4c(cc3nc2-1)OCO4,CHEMBL52057,K,10.0,1/Maa,CHEMBL702883,Association constant for the binding of the lactone form to human serum albumin;(M aa)e-1
CCC1(O)C(=O)OCc2c1cc1n(c2=O)Cc2cc3cc4c(cc3nc2-1)OCO4,CHEMBL52057,K,2200.0,1/Maa,CHEMBL702882,Association constant for the binding of the carboxylate form to human serum albumin;(M aa)e-1
CCC1(O)C(=O)OCc2c1cc1n(c2=O)Cc2cc3cc4c(cc3nc2-1)OCO4,CHEMBL52057,Activity,1.3,,CHEMBL702881,Binding parameter of the lactone form to human serum albumin; n value
CCC1(O)C(=O)OCc2c1cc1n(c2=O)Cc2cc3cc4c(cc3nc2-1)OCO4,CHEMBL52057,Activity,1.7,,CHEMBL702880,Binding parameter of the carboxylate form to human serum albumin; n value
CC[C@@]1(O)C(=O)OCc2c1cc1n(c2=O)Cc2cc3ccccc3nc2-1,CHEMBL65,K,30.0,1/Maa,CHEMBL702883,Association constant for the binding of the lactone form to human serum albumin;(M aa)e-1
CC[C@@]1(O)C(=O)OCc2c1cc1n(c2=O)Cc2cc3ccccc3nc2-1,CHEMBL65,K,4700.0,1/Maa,CHEMBL702882,Association constant for the binding of the carboxylate form to human serum albumin;(M aa)e-1
CC[C@@]1(O)C(=O)OCc2c1cc1n(c2=O)Cc2cc3ccccc3nc2-1,CHEMBL65,Activity,1.8,,CHEMBL702881,Binding parameter of the lactone form to human serum albumin; n value
CC[C@@]1(O)C(=O)OCc2c1cc1n(c2=O)Cc2cc3ccccc3nc2-1,CHEMBL65,Activity,2.3,,CHEMBL702880,Binding parameter of the carboxylate form to human serum albumin; n value
CCc1c(C)c2cc3nc(c(C(=O)OC)c4nc(cc5[nH]c(cc1[nH]2)C1(C)C5=CC=C(C(=O)OC)C1C(=O)OC)C(C)=C4C(=O)OC)[C@@H](CCCC(=O)OC)[C@@H]3C,CHEMBL346148,K,14400000.0,M-1,CHEMBL804548,Compound was tested for its binding ability to site II of Human serum albumin (HSA) expressed as binding constant
CCc1c(C)c2cc3nc(c4c5nc(cc6[nH]c(cc1[nH]2)C1(C)C6=CC=C(C(=O)OC)C1C(=O)OC)C(C)=C5C(=O)N(Cc1cc(C(F)(F)F)cc(C(F)(F)F)c1)C4=O)[C@@H](CCC(=O)OC)[C@@H]3C,CHEMBL405303,K,16000000.0,M-1,CHEMBL804548,Compound was tested for its binding ability to site II of Human serum albumin (HSA) expressed as binding constant
CCc1c(C)c2cc3nc(c4c5nc(cc6[nH]c(cc1[nH]2)C1(C)C6=CC=C(C(=O)OC)C1C(=O)OC)C(C)=C5C(=O)C4)[C@@H](CCC(=O)OC)[C@@H]3C,CHEMBL348010,K,10600000.0,M-1,CHEMBL804548,Compound was tested for its binding ability to site II of Human serum albumin (HSA) expressed as binding constant
CCc1c(C)c2cc3nc(c(CC(=O)OC)c4nc(cc5[nH]c(cc1[nH]2)C1(C)C5=CC=C(C(=O)OC)C1C(=O)OC)C(C)=C4C(=O)OC)[C@@H](CCC(=O)OC)[C@@H]3C,CHEMBL445389,K,17500000.0,M-1,CHEMBL804548,Compound was tested for its binding ability to site II of Human serum albumin (HSA) expressed as binding constant
CCCCCCN1C(=O)C2=C(C)c3cc4[nH]c(cc5[nH]c(cc6nc(c(c2n3)C1=O)[C@@H](CCC(=O)OC)[C@@H]6C)c(C)c5CC)C1(C)C4=CC=C(C(=O)OC)C1C(=O)OC,CHEMBL358923,K,16100000.0,M-1,CHEMBL804548,Compound was tested for its binding ability to site II of Human serum albumin (HSA) expressed as binding constant
CC[C@@]1(O)C(=O)OCc2c1cc1n(c2=O)Cc2cc3cc(O)ccc3nc2-1,CHEMBL273862,K,130.0,1/Maa,CHEMBL702883,Association constant for the binding of the lactone form to human serum albumin;(M aa)e-1
CC[C@@]1(O)C(=O)OCc2c1cc1n(c2=O)Cc2cc3cc(O)ccc3nc2-1,CHEMBL273862,K,260.0,1/Maa,CHEMBL702882,Association constant for the binding of the carboxylate form to human serum albumin;(M aa)e-1
CC[C@@]1(O)C(=O)OCc2c1cc1n(c2=O)Cc2cc3cc(O)ccc3nc2-1,CHEMBL273862,Activity,1.7,,CHEMBL702881,Binding parameter of the lactone form to human serum albumin; n value
CC[C@@]1(O)C(=O)OCc2c1cc1n(c2=O)Cc2cc3cc(O)ccc3nc2-1,CHEMBL273862,Activity,1.7,,CHEMBL702880,Binding parameter of the carboxylate form to human serum albumin; n value
Cc1ccc(S(=O)(=O)N[C@@H](CNC(=O)c2cc3cc(OCC4CCNCC4)ccc3[nH]2)C(=O)O)cc1,CHEMBL327216,Binding,85.0,%,CHEMBL646311,Protein Binding Assay measures the ability of a compound to bind to human albumin in pH 7.4 buffer.
O=C(O)CC(NC(=O)c1cc2cc(OCC3CCNCC3)ccc2[nH]1)c1cccnc1,CHEMBL94555,Binding,47.0,%,CHEMBL646311,Protein Binding Assay measures the ability of a compound to bind to human albumin in pH 7.4 buffer.
Cn1c(C(=O)NC[C@H](NS(=O)(=O)c2ccccc2)C(=O)O)cc2cc(OCC3CCNCC3)ccc21,CHEMBL96139,Binding,94.0,%,CHEMBL646311,Protein Binding Assay measures the ability of a compound to bind to human albumin in pH 7.4 buffer.
O=C(NC[C@H](NS(=O)(=O)c1ccccc1)C(=O)O)c1cc2cc(OCCN3CCNCC3)ccc2[nH]1,CHEMBL96174,Binding,57.0,%,CHEMBL646311,Protein Binding Assay measures the ability of a compound to bind to human albumin in pH 7.4 buffer.
CC[C@H](C)[C@H]1NC(=O)[C@H](CCCN=C(N)N)NC(=O)[C@H]2CCCN2C(=O)[C@H](CC(N)=O)NC(=O)[C@@H](CC(=O)O)NC(=O)[C@H](NC(=O)[C@H](CC(C)C)NC(=O)[C@H](C)NC(C)=O)CSSC[C@H](C(=O)N[C@@H](CCC(N)=O)C(=O)N[C@@H](Cc2ccccc2)C(=O)N[C@H](C(=O)N[C@@H](CCC(=O)O)C(=O)NCC(N)=O)C(C)C)NC(=O)[C@@H](Cc2ccc(O)cc2)NC(=O)[C@H](Cc2c[nH]c3ccccc23)NC(=O)[C@@H](CCCN=C(N)N)NC(=O)[C@H](CC(=O)O)NC1=O,CHEMBL409918,k'/k'+1,0.21,,CHEMBL810830,Compound was measured for its retention time in human serum albumin;where k`=tt-t0/t0; tt=retention time of compound and t0=retention time of DMSO
CC[C@H](C)[C@H]1NC(=O)[C@H](CCCN=C(N)N)NC(=O)[C@H]2CCCN2C(=O)[C@H](CC(N)=O)NC(=O)[C@@H](CC(=O)O)NC(=O)[C@H](NC(=O)[C@H](CC(C)C)NC(=O)[C@H](C)NC(C)=O)CSSC[C@H](C(=O)N[C@@H](CCC(N)=O)C(=O)N[C@@H](Cc2ccccc2)C(=O)N[C@H](C(=O)N[C@@H](CCC(=O)O)C(=O)NCC(N)=O)C(C)C)NC(=O)[C@@H](Cc2ccc(O)cc2)NC(=O)[C@H](Cc2c[nH]c3ccccc23)NC(=O)[C@@H](CCCN=C(N)N)NC(=O)[C@H](CC(=O)O)NC1=O,CHEMBL409918,k'/k'+1,0.39,,CHEMBL810832,Compound was measured for its retention time in rabbit serum albumin;where k`=tt-t0/t0; tt=retention time of compound and t0=retention time of DMSO
O=C(NC[C@H](NS(=O)(=O)c1ccccc1)C(=O)O)c1cc2cc(OCC3CCNCC3)ccc2[nH]1,CHEMBL96097,Binding,66.0,%,CHEMBL646311,Protein Binding Assay measures the ability of a compound to bind to human albumin in pH 7.4 buffer.
Cn1c(C(=O)NC[C@H](NS(=O)(=O)c2ccccc2)C(=O)O)cc2cc(OCCC3CCNCC3)ccc21,CHEMBL317751,Binding,94.0,%,CHEMBL646311,Protein Binding Assay measures the ability of a compound to bind to human albumin in pH 7.4 buffer.
CC[C@H](C)[C@@H]1NC(=O)[C@H](CCCN=C(N)N)NC(=O)[C@@H]2CCCN2C(=O)[C@H](CC(N)=O)NC(=O)[C@H](CC(=O)O)NC(=O)[C@@H](NC(=O)[C@H](CC(C)C)NC(=O)[C@H](C)NC(=O)CCCCCOP(=O)(O)OC2CCC(c3ccccc3)(c3ccccc3)CC2)CSSC[C@@H](C(=O)N[C@@H](CCC(N)=O)C(=O)N[C@@H](Cc2ccccc2)C(=O)N[C@H](C(=O)N[C@@H](CCC(=O)O)C(=O)NCC(N)=O)C(C)C)NC(=O)[C@H](Cc2ccc(O)cc2)NC(=O)[C@H](Cc2c[nH]c3ccccc23)NC(=O)[C@H](CCCN=C(N)N)NC(=O)[C@H](CC(=O)O)NC1=O,CHEMBL2372340,k'/k'+1,0.78,,CHEMBL810830,Compound was measured for its retention time in human serum albumin;where k`=tt-t0/t0; tt=retention time of compound and t0=retention time of DMSO
CC[C@H](C)[C@@H]1NC(=O)[C@H](CCCN=C(N)N)NC(=O)[C@@H]2CCCN2C(=O)[C@H](CC(N)=O)NC(=O)[C@H](CC(=O)O)NC(=O)[C@@H](NC(=O)[C@H](CC(C)C)NC(=O)[C@H](C)NC(=O)CCCCCOP(=O)(O)OC2CCC(c3ccccc3)(c3ccccc3)CC2)CSSC[C@@H](C(=O)N[C@@H](CCC(N)=O)C(=O)N[C@@H](Cc2ccccc2)C(=O)N[C@H](C(=O)N[C@@H](CCC(=O)O)C(=O)NCC(N)=O)C(C)C)NC(=O)[C@H](Cc2ccc(O)cc2)NC(=O)[C@H](Cc2c[nH]c3ccccc23)NC(=O)[C@H](CCCN=C(N)N)NC(=O)[C@H](CC(=O)O)NC1=O,CHEMBL2372340,k'/k'+1,0.97,,CHEMBL810832,Compound was measured for its retention time in rabbit serum albumin;where k`=tt-t0/t0; tt=retention time of compound and t0=retention time of DMSO
O=C(NC[C@H](NS(=O)(=O)c1ccccc1)C(=O)O)c1cc2cc(OCCn3ccnc3)ccc2[nH]1,CHEMBL330154,Binding,98.0,%,CHEMBL646311,Protein Binding Assay measures the ability of a compound to bind to human albumin in pH 7.4 buffer.
CC[C@H](C)[C@@H]1NC(=O)[C@H](CCCN=C(N)N)NC(=O)[C@@H]2CCCN2C(=O)[C@H](CC(N)=O)NC(=O)[C@H](CC(=O)O)NC(=O)[C@@H](NC(=O)[C@H](CC(C)C)NC(=O)[C@H](C)NC(=O)CCCCCOP(=O)(O)Oc2ccc3ccccc3c2)CSSC[C@@H](C(=O)N[C@@H](CCC(N)=O)C(=O)N[C@@H](Cc2ccccc2)C(=O)N[C@H](C(=O)N[C@@H](CCC(=O)O)C(=O)NCC(N)=O)C(C)C)NC(=O)[C@H](Cc2ccc(O)cc2)NC(=O)[C@H](Cc2c[nH]c3ccccc23)NC(=O)[C@H](CCCN=C(N)N)NC(=O)[C@H](CC(=O)O)NC1=O,CHEMBL2372335,k'/k'+1,0.92,,CHEMBL810830,Compound was measured for its retention time in human serum albumin;where k`=tt-t0/t0; tt=retention time of compound and t0=retention time of DMSO
CC[C@H](C)[C@@H]1NC(=O)[C@H](CCCN=C(N)N)NC(=O)[C@@H]2CCCN2C(=O)[C@H](CC(N)=O)NC(=O)[C@H](CC(=O)O)NC(=O)[C@@H](NC(=O)[C@H](CC(C)C)NC(=O)[C@H](C)NC(=O)CCCCCOP(=O)(O)Oc2ccc3ccccc3c2)CSSC[C@@H](C(=O)N[C@@H](CCC(N)=O)C(=O)N[C@@H](Cc2ccccc2)C(=O)N[C@H](C(=O)N[C@@H](CCC(=O)O)C(=O)NCC(N)=O)C(C)C)NC(=O)[C@H](Cc2ccc(O)cc2)NC(=O)[C@H](Cc2c[nH]c3ccccc23)NC(=O)[C@H](CCCN=C(N)N)NC(=O)[C@H](CC(=O)O)NC1=O,CHEMBL2372335,k'/k'+1,0.97,,CHEMBL810832,Compound was measured for its retention time in rabbit serum albumin;where k`=tt-t0/t0; tt=retention time of compound and t0=retention time of DMSO
O=C(NC[C@H](NS(=O)(=O)c1ccccc1)C(=O)O)c1cc2cc(OCCCc3c[nH]cn3)ccc2[nH]1,CHEMBL441810,Binding,98.0,%,CHEMBL646311,Protein Binding Assay measures the ability of a compound to bind to human albumin in pH 7.4 buffer.
O=C(NC[C@H](NS(=O)(=O)c1ccccc1)C(=O)O)c1cc2ccc(OCC3CCNCC3)cc2[nH]1,CHEMBL94672,Binding,57.0,%,CHEMBL646311,Protein Binding Assay measures the ability of a compound to bind to human albumin in pH 7.4 buffer.
O=C(NC[C@H](NS(=O)(=O)c1ccccc1)C(=O)O)c1cc2cc(OCc3ccncc3)ccc2[nH]1,CHEMBL328969,Binding,99.0,%,CHEMBL646311,Protein Binding Assay measures the ability of a compound to bind to human albumin in pH 7.4 buffer.
Nc1cc(COc2ccc3[nH]c(C(=O)NC[C@H](NS(=O)(=O)c4ccccc4)C(=O)O)cc3c2)ccn1,CHEMBL96788,Binding,99.0,%,CHEMBL646311,Protein Binding Assay measures the ability of a compound to bind to human albumin in pH 7.4 buffer.
CC[C@H](C)[C@@H]1NC(=O)[C@H](CCCN=C(N)N)NC(=O)[C@@H]2CCCN2C(=O)[C@H](CC(N)=O)NC(=O)[C@H](CC(=O)O)NC(=O)[C@@H](NC(=O)[C@H](CC(C)C)NC(=O)[C@H](C)NC(=O)CCCCCOP(=O)(O)OCCCCCc2ccccc2)CSSC[C@@H](C(=O)N[C@@H](CCC(N)=O)C(=O)N[C@@H](Cc2ccccc2)C(=O)N[C@H](C(=O)N[C@@H](CCC(=O)O)C(=O)NCC(N)=O)C(C)C)NC(=O)[C@H](Cc2ccc(O)cc2)NC(=O)[C@H](Cc2c[nH]c3ccccc23)NC(=O)[C@H](CCCN=C(N)N)NC(=O)[C@H](CC(=O)O)NC1=O,CHEMBL2372334,k'/k'+1,0.92,,CHEMBL810830,Compound was measured for its retention time in human serum albumin;where k`=tt-t0/t0; tt=retention time of compound and t0=retention time of DMSO
CC[C@H](C)[C@@H]1NC(=O)[C@H](CCCN=C(N)N)NC(=O)[C@@H]2CCCN2C(=O)[C@H](CC(N)=O)NC(=O)[C@H](CC(=O)O)NC(=O)[C@@H](NC(=O)[C@H](CC(C)C)NC(=O)[C@H](C)NC(=O)CCCCCOP(=O)(O)OCCCCCc2ccccc2)CSSC[C@@H](C(=O)N[C@@H](CCC(N)=O)C(=O)N[C@@H](Cc2ccccc2)C(=O)N[C@H](C(=O)N[C@@H](CCC(=O)O)C(=O)NCC(N)=O)C(C)C)NC(=O)[C@H](Cc2ccc(O)cc2)NC(=O)[C@H](Cc2c[nH]c3ccccc23)NC(=O)[C@H](CCCN=C(N)N)NC(=O)[C@H](CC(=O)O)NC1=O,CHEMBL2372334,k'/k'+1,0.98,,CHEMBL810832,Compound was measured for its retention time in rabbit serum albumin;where k`=tt-t0/t0; tt=retention time of compound and t0=retention time of DMSO
O=C(NC[C@H](NS(=O)(=O)c1ccccc1)C(=O)O)c1cc2cc(OCCC3CCNCC3)ccc2[nH]1,CHEMBL57040,Binding,76.0,%,CHEMBL646311,Protein Binding Assay measures the ability of a compound to bind to human albumin in pH 7.4 buffer.
O=C(O)CCNC(=O)c1cc2cc(OCC3CCNCC3)ccc2[nH]1,CHEMBL328727,Binding,52.0,%,CHEMBL646311,Protein Binding Assay measures the ability of a compound to bind to human albumin in pH 7.4 buffer.
CC[C@H](C)[C@H]1NC(=O)[C@H](CCCN=C(N)N)NC(=O)[C@H]2CCCN2C(=O)[C@H](CC(N)=O)NC(=O)[C@@H](CC(=O)O)NC(=O)[C@H](NC(=O)[C@H](CC(C)C)NC(=O)[C@H](C)NC(=O)CCC(=O)NS(=O)(=O)c2ccc3ccccc3c2)CSSC[C@H](C(=O)N[C@@H](CCC(N)=O)C(=O)N[C@@H](Cc2ccccc2)C(=O)N[C@H](C(=O)N[C@@H](CCC(=O)O)C(=O)NCC(N)=O)C(C)C)NC(=O)[C@@H](Cc2ccc(O)cc2)NC(=O)[C@H](Cc2c[nH]c3ccccc23)NC(=O)[C@@H](CCCN=C(N)N)NC(=O)[C@H](CC(=O)O)NC1=O,CHEMBL438599,k'/k'+1,0.97,,CHEMBL810830,Compound was measured for its retention time in human serum albumin;where k`=tt-t0/t0; tt=retention time of compound and t0=retention time of DMSO
CC[C@H](C)[C@H]1NC(=O)[C@H](CCCN=C(N)N)NC(=O)[C@H]2CCCN2C(=O)[C@H](CC(N)=O)NC(=O)[C@@H](CC(=O)O)NC(=O)[C@H](NC(=O)[C@H](CC(C)C)NC(=O)[C@H](C)NC(=O)CCC(=O)NS(=O)(=O)c2ccc3ccccc3c2)CSSC[C@H](C(=O)N[C@@H](CCC(N)=O)C(=O)N[C@@H](Cc2ccccc2)C(=O)N[C@H](C(=O)N[C@@H](CCC(=O)O)C(=O)NCC(N)=O)C(C)C)NC(=O)[C@@H](Cc2ccc(O)cc2)NC(=O)[C@H](Cc2c[nH]c3ccccc23)NC(=O)[C@@H](CCCN=C(N)N)NC(=O)[C@H](CC(=O)O)NC1=O,CHEMBL438599,k'/k'+1,0.98,,CHEMBL810832,Compound was measured for its retention time in rabbit serum albumin;where k`=tt-t0/t0; tt=retention time of compound and t0=retention time of DMSO
CC1(C)C2CCC1(Cc1ccc(S(=O)(=O)N[C@@H](CNC(=O)c3cc4cc(OCC5CCNCC5)ccc4[nH]3)C(=O)O)cc1)C(=O)C2,CHEMBL94393,Binding,63.0,%,CHEMBL646311,Protein Binding Assay measures the ability of a compound to bind to human albumin in pH 7.4 buffer.
O=C(c1ccc2oc(-c3cncc(Cn4cc(C(F)(F)F)ccc4=O)c3)cc2c1)N1CCC(N2C(=O)OCc3ccccc32)CC1,CHEMBL286771,Binding,96.0,%,CHEMBL809803,Compound was tested for Serum albumin binding
O=C(c1ccc2oc(CN3CCC[C@@H](n4cc(C(F)(F)F)ccc4=O)C3)cc2c1)N1CCC(N2C(=O)OCc3ccccc32)CC1,CHEMBL281988,Binding,96.0,%,CHEMBL809803,Compound was tested for Serum albumin binding
O=C(c1ccc2oc(-c3cccc(Cn4cc(C(F)(F)F)ccc4=O)c3)cc2c1)N1CCC(N2C(=O)OCc3ccccc32)CC1,CHEMBL31556,Binding,98.0,%,CHEMBL809803,Compound was tested for Serum albumin binding
O=C(Cn1cc(C(F)(F)F)ccc1=O)NCc1cc2cc(C(=O)N3CCC(N4C(=O)OCc5ccccc54)CC3)ccc2o1,CHEMBL31065,Binding,96.2,%,CHEMBL809803,Compound was tested for Serum albumin binding
O=C(c1ccc2oc(-c3cc(Cn4cc(C(F)(F)F)ccc4=O)ccn3)cc2c1)N1CCC(N2C(=O)OCc3ccccc32)CC1,CHEMBL29368,Binding,96.0,%,CHEMBL809803,Compound was tested for Serum albumin binding
COc1cc(OC2CCN(C(C)=O)CC2)ccc1C(=O)N1CCC(N2C(=O)OCc3ccccc32)CC1,CHEMBL24781,Binding,83.7,%,CHEMBL809803,Compound was tested for Serum albumin binding
O=C(c1ccc2oc(CN3CCC(n4cc(C(F)(F)F)ccc4=O)CC3)cc2c1)N1CCC(N2C(=O)OCc3ccccc32)CC1,CHEMBL30587,Binding,93.0,%,CHEMBL809803,Compound was tested for Serum albumin binding
O=C(c1ccc2oc(CN3CCCC[C@H]3Cn3cc(C(F)(F)F)ccc3=O)cc2c1)N1CCC(N2C(=O)OCc3ccccc32)CC1,CHEMBL283676,Binding,98.0,%,CHEMBL809803,Compound was tested for Serum albumin binding
O=C(c1ccc2oc(-c3cccc(Cn4cc(C(F)(F)F)ccc4=O)n3)cc2c1)N1CCC(N2C(=O)OCc3ccccc32)CC1,CHEMBL445875,Binding,98.0,%,CHEMBL809803,Compound was tested for Serum albumin binding
O=C(Cn1cc(C(F)(F)F)ccc1=O)NCc1cc2cc(C(=O)N3CCC(N4C(=O)OCc5ccccc54)CC3)cnc2o1,CHEMBL284442,Binding,86.2,%,CHEMBL809803,Compound was tested for Serum albumin binding
COc1cccc(-c2c(O)nc3cc(Cl)ccc3c2O)c1,CHEMBL336156,HSAI,10.0,,CHEMBL808309,Human serum albumin index was measured by retention time on an HPLC column containing human albumin
Oc1nc2cc(Cl)ccc2c(O)c1-c1cccc(Cc2ccoc2)c1,CHEMBL130778,HSAI,50.0,,CHEMBL808309,Human serum albumin index was measured by retention time on an HPLC column containing human albumin
CC(=O)c1cc(Cc2cccc(-c3c(O)nc4cc(Cl)ccc4c3O)c2)ccc1O,CHEMBL335840,HSAI,75.0,,CHEMBL808309,Human serum albumin index was measured by retention time on an HPLC column containing human albumin
O=C(O)c1cccc(-c2c(O)nc3cc(Cl)ccc3c2O)c1,CHEMBL132062,HSAI,9.0,,CHEMBL808309,Human serum albumin index was measured by retention time on an HPLC column containing human albumin
Oc1nc2ccccc2c(O)c1-c1ccccc1,CHEMBL324519,HSAI,2.0,,CHEMBL808309,Human serum albumin index was measured by retention time on an HPLC column containing human albumin
Oc1nc2cc(Cl)ccc2c(O)c1-c1cccc(-c2ccccc2)c1,CHEMBL130399,HSAI,117.0,,CHEMBL808309,Human serum albumin index was measured by retention time on an HPLC column containing human albumin
Oc1nc2cc(Cl)ccc2c(O)c1-c1cccc(-n2ccc3ccccc32)c1,CHEMBL130575,HSAI,322.0,,CHEMBL808309,Human serum albumin index was measured by retention time on an HPLC column containing human albumin
Oc1nc2cc(Cl)ccc2c(O)c1-c1cccc(C2=CCc3ccccc32)c1,CHEMBL130144,HSAI,571.0,,CHEMBL808309,Human serum albumin index was measured by retention time on an HPLC column containing human albumin
CNCc1ccc(Cc2cccc(-c3c(O)nc4cc(Cl)ccc4c3O)c2)cc1,CHEMBL131076,HSAI,13.0,,CHEMBL808309,Human serum albumin index was measured by retention time on an HPLC column containing human albumin
C=C(C)COc1cccc(C2=C(O)/C(=C/CC)NC2=O)c1,CHEMBL133380,HSAI,13.0,,CHEMBL808309,Human serum albumin index was measured by retention time on an HPLC column containing human albumin
COc1ccc(CCOc2c(I)cc(C[C@@H](N)C(=O)O)cc2I)cc1,CHEMBL280062,HSAI,32.0,,CHEMBL808309,Human serum albumin index was measured by retention time on an HPLC column containing human albumin
Oc1nc2cc(Cl)ccc2c(O)c1-c1ccsc1,CHEMBL132903,HSAI,11.0,,CHEMBL808309,Human serum albumin index was measured by retention time on an HPLC column containing human albumin
Cc1ccc(-c2c(O)nc3cc(Cl)ccc3c2O)cc1,CHEMBL130735,HSAI,13.0,,CHEMBL808309,Human serum albumin index was measured by retention time on an HPLC column containing human albumin
C=C(C)COc1cccc(-c2c(O)nc3cc(Cl)ccc3c2O)c1,CHEMBL130879,HSAI,31.0,,CHEMBL808309,Human serum albumin index was measured by retention time on an HPLC column containing human albumin
Oc1ccccc1-c1cc2ccc(Cl)cc2nc1O,CHEMBL338286,HSAI,15.0,,CHEMBL808309,Human serum albumin index was measured by retention time on an HPLC column containing human albumin
CCOC(=O)c1c(O)nc2cc(I)ccc2c1O,CHEMBL335157,HSAI,7.0,,CHEMBL808309,Human serum albumin index was measured by retention time on an HPLC column containing human albumin
O=C(/C=C/c1c(C(=O)O)[nH]c2cc(Cl)cc(Cl)c12)Nc1ccccc1,CHEMBL44793,HSAI,197.0,,CHEMBL808309,Human serum albumin index was measured by retention time on an HPLC column containing human albumin
Cc1cccc(-c2c(O)nc3cc(Cl)ccc3c2O)c1,CHEMBL336729,HSAI,14.0,,CHEMBL808309,Human serum albumin index was measured by retention time on an HPLC column containing human albumin
O=C(Cc1ccccc1)c1c(O)nc2cc(Cl)ccc2c1O,CHEMBL115077,HSAI,28.0,,CHEMBL808309,Human serum albumin index was measured by retention time on an HPLC column containing human albumin
Oc1nc2cc(Cl)ccc2c(O)c1-c1cccc(Cc2ccc(CCN3CCOCC3)cc2)c1,CHEMBL131832,HSAI,49.0,,CHEMBL808309,Human serum albumin index was measured by retention time on an HPLC column containing human albumin
CN(Cc1cccc(-c2c(O)nc3cc(Cl)ccc3c2O)c1)c1ccccc1,CHEMBL129925,HSAI,140.0,,CHEMBL808309,Human serum albumin index was measured by retention time on an HPLC column containing human albumin
O=C(O)c1cc(O)c2ccc(Cl)cc2n1,CHEMBL311389,HSAI,2.0,,CHEMBL808309,Human serum albumin index was measured by retention time on an HPLC column containing human albumin
N[C@H](Cc1cc(I)c(OCCc2ccc(O)cc2)c(I)c1)C(=O)O,CHEMBL15449,HSAI,16.0,,CHEMBL808309,Human serum albumin index was measured by retention time on an HPLC column containing human albumin
Oc1nc2cc(Cl)ccc2c(O)c1-c1cccc(Cc2ccccc2)c1,CHEMBL32240,HSAI,126.0,,CHEMBL808309,Human serum albumin index was measured by retention time on an HPLC column containing human albumin
O=C(Nc1ccccc1)N[C@H]1C=C(C(=O)O)Nc2cc(Cl)cc(Cl)c21,CHEMBL133796,HSAI,18.0,,CHEMBL808309,Human serum albumin index was measured by retention time on an HPLC column containing human albumin
COCOc1ccc(Cc2cccc(-c3c(O)nc4cc(Cl)ccc4c3O)c2)cc1,CHEMBL31718,HSAI,78.0,,CHEMBL808309,Human serum albumin index was measured by retention time on an HPLC column containing human albumin
CCc1cc(Cl)cc2nc(O)c(-c3ccccc3)c(O)c12,CHEMBL322420,HSAI,103.0,,CHEMBL808309,Human serum albumin index was measured by retention time on an HPLC column containing human albumin
Oc1nc2cc(Cl)ccc2c(O)c1-c1cccc(OCC2CC2)c1,CHEMBL129996,HSAI,21.0,,CHEMBL808309,Human serum albumin index was measured by retention time on an HPLC column containing human albumin
Oc1nc2cc(Cl)ccc2c(O)c1-c1cccc(Oc2ccsc2)c1,CHEMBL32076,HSAI,82.0,,CHEMBL808309,Human serum albumin index was measured by retention time on an HPLC column containing human albumin
Cc1ccccc1Oc1cccc(-c2c(O)nc3cc(Cl)ccc3c2O)c1,CHEMBL132660,HSAI,163.0,,CHEMBL808309,Human serum albumin index was measured by retention time on an HPLC column containing human albumin
Oc1nc2cc(Cl)ccc2c2oc3ccccc3c12,CHEMBL341030,HSAI,70.0,,CHEMBL808309,Human serum albumin index was measured by retention time on an HPLC column containing human albumin
Oc1nc2cc(Cl)ccc2c(O)c1-c1ccc(F)cc1,CHEMBL340980,HSAI,8.0,,CHEMBL808309,Human serum albumin index was measured by retention time on an HPLC column containing human albumin
Oc1nc2cc(Cl)ccc2c(O)c1-c1cccc(C#Cc2ccccc2)c1,CHEMBL130535,HSAI,577.0,,CHEMBL808309,Human serum albumin index was measured by retention time on an HPLC column containing human albumin
COc1ccc(-c2c(O)nc3cc(Cl)ccc3c2O)cc1,CHEMBL130895,HSAI,8.0,,CHEMBL808309,Human serum albumin index was measured by retention time on an HPLC column containing human albumin
O=c1[nH]c2cc(Cl)ccc2c(O)c1-c1cccc(Oc2ccccc2)c1,CHEMBL31741,HSAI,100.0,,CHEMBL808309,Human serum albumin index was measured by retention time on an HPLC column containing human albumin
CN(C)Cc1sccc1Oc1cccc(-c2c(O)nc3cc(Cl)ccc3c2O)c1,CHEMBL130951,HSAI,13.0,,CHEMBL808309,Human serum albumin index was measured by retention time on an HPLC column containing human albumin
O=C(CC1CCc2cc(Br)cc3[nH]c(=O)c(=O)n1c23)Nc1ccccc1,CHEMBL290738,HSAI,24.0,,CHEMBL808309,Human serum albumin index was measured by retention time on an HPLC column containing human albumin
O=C(OCCc1cccs1)c1c(O)nc2cc(Cl)ccc2c1O,CHEMBL324697,HSAI,44.0,,CHEMBL808309,Human serum albumin index was measured by retention time on an HPLC column containing human albumin
O=C(c1ccc(Br)s1)c1c(O)nc2cc(Cl)ccc2c1O,CHEMBL131592,HSAI,40.0,,CHEMBL808309,Human serum albumin index was measured by retention time on an HPLC column containing human albumin
Oc1nc2cc(Cl)ccc2c(O)c1-c1ccc(Oc2ccccc2)cc1,CHEMBL334378,HSAI,159.0,,CHEMBL808309,Human serum albumin index was measured by retention time on an HPLC column containing human albumin
O=C(CCc1c(C(=O)O)[nH]c2cc(Cl)cc(Cl)c12)Nc1ccccc1,CHEMBL43372,HSAI,142.0,,CHEMBL808309,Human serum albumin index was measured by retention time on an HPLC column containing human albumin
O=C(c1ccc(Cl)s1)c1c(O)nc2cc(Cl)ccc2c1O,CHEMBL132851,HSAI,26.0,,CHEMBL808309,Human serum albumin index was measured by retention time on an HPLC column containing human albumin
O=C(c1c(O)nc2cc(Cl)ccc2c1O)c1csc2ccccc12,CHEMBL133526,HSAI,59.0,,CHEMBL808309,Human serum albumin index was measured by retention time on an HPLC column containing human albumin
CC/C=C1\NC(=O)C(c2cccc(Oc3ccccc3)c2)=C1O,CHEMBL434801,HSAI,42.0,,CHEMBL808309,Human serum albumin index was measured by retention time on an HPLC column containing human albumin
COCCOCOc1ccc(Cc2cccc(-c3c(O)nc4cc(Cl)ccc4c3O)c2)cc1,CHEMBL335059,HSAI,56.0,,CHEMBL808309,Human serum albumin index was measured by retention time on an HPLC column containing human albumin
Oc1nc2cc(Cl)ccc2c(O)c1-c1cccc(NCc2ccsc2)c1,CHEMBL129888,HSAI,68.0,,CHEMBL808309,Human serum albumin index was measured by retention time on an HPLC column containing human albumin
CCc1cc(Cl)cc2nc(O)c(-c3cccc(Oc4ccccc4)c3)c(O)c12,CHEMBL131504,HSAI,837.0,,CHEMBL808309,Human serum albumin index was measured by retention time on an HPLC column containing human albumin
NCc1ccc(CC(=O)N[C@H]2C[C@H](C(=O)O)Nc3cc(Cl)cc(Cl)c32)cc1,CHEMBL133163,HSAI,2.0,,CHEMBL808309,Human serum albumin index was measured by retention time on an HPLC column containing human albumin
Nc1c(-c2ccccc2)c(O)nc2cc(Cl)ccc12,CHEMBL335431,HSAI,7.0,,CHEMBL808309,Human serum albumin index was measured by retention time on an HPLC column containing human albumin
Oc1nc2cc(Cl)ccc2c(O)c1-c1cccc(NCc2ccccc2)c1,CHEMBL131315,HSAI,76.0,,CHEMBL808309,Human serum albumin index was measured by retention time on an HPLC column containing human albumin
Cc1cn(-c2c(O)nc3cc(Cl)ccc3c2O)c2ccccc12,CHEMBL434620,HSAI,57.0,,CHEMBL808309,Human serum albumin index was measured by retention time on an HPLC column containing human albumin
COC(=O)c1c(O)c2ccc(Cl)cc2[nH]c1=O,CHEMBL104297,HSAI,3.0,,CHEMBL808309,Human serum albumin index was measured by retention time on an HPLC column containing human albumin
CCOC(=O)c1c(O)nc2cc([N+](=O)[O-])ccc2c1O,CHEMBL112353,HSAI,1.0,,CHEMBL808309,Human serum albumin index was measured by retention time on an HPLC column containing human albumin
Oc1nc2cc(Cl)ccc2c(O)c1-c1ccc2c(c1)Oc1ccccc1O2,CHEMBL336720,HSAI,260.0,,CHEMBL808309,Human serum albumin index was measured by retention time on an HPLC column containing human albumin
Oc1nc2cc(Cl)ccc2c(O)c1-c1cccc(Cc2cccc3ccccc23)c1,CHEMBL340946,HSAI,629.0,,CHEMBL808309,Human serum albumin index was measured by retention time on an HPLC column containing human albumin
O=C(c1ccco1)c1c(O)nc2cc(Cl)ccc2c1O,CHEMBL115447,HSAI,3.0,,CHEMBL808309,Human serum albumin index was measured by retention time on an HPLC column containing human albumin
O=C(c1c(O)nc2cc(Cl)ccc2c1O)C1CC1,CHEMBL115225,HSAI,6.0,,CHEMBL808309,Human serum albumin index was measured by retention time on an HPLC column containing human albumin
O=C1Nc2cc(Cl)ccc2CC1[N+](=O)[O-],CHEMBL102574,HSAI,7.0,,CHEMBL808309,Human serum albumin index was measured by retention time on an HPLC column containing human albumin
O=C(OCCc1ccsc1)c1c(O)nc2cc(Cl)ccc2c1O,CHEMBL131418,HSAI,45.0,,CHEMBL808309,Human serum albumin index was measured by retention time on an HPLC column containing human albumin
COc1ccccc1Cc1cccc(-c2c(O)nc3cc(Cl)ccc3c2O)c1,CHEMBL131569,HSAI,118.0,,CHEMBL808309,Human serum albumin index was measured by retention time on an HPLC column containing human albumin
O=C(O)c1cc(O)c2c(Cl)cc(Cl)cc2n1,CHEMBL50267,HSAI,5.0,,CHEMBL808309,Human serum albumin index was measured by retention time on an HPLC column containing human albumin
O=c1[nH]c2cc(Cl)c(Cl)c([N+](=O)[O-])c2[nH]c1=O,CHEMBL289832,HSAI,28.0,,CHEMBL808309,Human serum albumin index was measured by retention time on an HPLC column containing human albumin
O=c1[nH]c2cc(Cl)ccc2c(O)c1-c1ccccc1,CHEMBL31661,HSAI,10.0,,CHEMBL808309,Human serum albumin index was measured by retention time on an HPLC column containing human albumin
O=[N+]([O-])c1cc([N+](=O)[O-])c2nc(O)c(O)nc2c1,CHEMBL323335,HSAI,4.0,,CHEMBL808309,Human serum albumin index was measured by retention time on an HPLC column containing human albumin
O=C(c1ccccc1)c1cccc(-c2c(O)nc3cc(Cl)ccc3c2O)c1,CHEMBL336068,HSAI,58.0,,CHEMBL808309,Human serum albumin index was measured by retention time on an HPLC column containing human albumin
CSc1ccc(Cc2cccc(-c3c(O)nc4cc(Cl)ccc4c3O)c2)cc1,CHEMBL129974,HSAI,267.0,,CHEMBL808309,Human serum albumin index was measured by retention time on an HPLC column containing human albumin
C=CCOC(=O)c1c(O)nc2cc(Cl)ccc2c1O,CHEMBL114365,HSAI,6.0,,CHEMBL808309,Human serum albumin index was measured by retention time on an HPLC column containing human albumin
Cn1cccc1-c1c(O)nc2cc(Cl)ccc2c1O,CHEMBL131505,HSAI,3.0,,CHEMBL808309,Human serum albumin index was measured by retention time on an HPLC column containing human albumin
Cc1ccc(-c2c(O)nc3cc(Cl)ccc3c2O)o1,CHEMBL339502,HSAI,8.0,,CHEMBL808309,Human serum albumin index was measured by retention time on an HPLC column containing human albumin
Oc1nc2cc(Cl)ccc2c(O)c1-c1ccco1,CHEMBL338907,HSAI,6.0,,CHEMBL808309,Human serum albumin index was measured by retention time on an HPLC column containing human albumin
COc1ccc(Cc2cccc(-c3c(O)c4ccc(Cl)cc4[nH]c3=O)c2)cc1,CHEMBL31049,HSAI,97.0,,CHEMBL808309,Human serum albumin index was measured by retention time on an HPLC column containing human albumin
O=C(OCC#Cc1cccc(O)c1)c1c(O)nc2cc(Cl)ccc2c1O,CHEMBL113660,HSAI,213.0,,CHEMBL808309,Human serum albumin index was measured by retention time on an HPLC column containing human albumin
O=C(c1cccs1)c1c(O)nc2cc(Cl)ccc2c1O,CHEMBL131126,HSAI,9.0,,CHEMBL808309,Human serum albumin index was measured by retention time on an HPLC column containing human albumin
Oc1nc2cc(Cl)ccc2c(O)c1-c1cccc(OCc2ccccc2)c1,CHEMBL131385,HSAI,118.0,,CHEMBL808309,Human serum albumin index was measured by retention time on an HPLC column containing human albumin
Cc1ccc(Oc2cccc(-c3c(O)nc4cc(Cl)ccc4c3O)c2)cc1,CHEMBL133396,HSAI,310.0,,CHEMBL808309,Human serum albumin index was measured by retention time on an HPLC column containing human albumin
CC(C)c1csc(/C=C/c2ccn3c(=O)c(-c4nnn[nH]4)cnc3c2)n1,CHEMBL135682,Binding,90.8,%,CHEMBL809804,Protein binding affinity for human serum albumin was measured
CC(C)c1csc(/C=C/c2ccn3c(=O)c(-c4nnn[nH]4)cnc3c2)n1,CHEMBL135682,Kd,22.0,uM,CHEMBL804550,Protein binding affinity for human serum albumin was measured
CC(C)c1csc(/C=C/c2cccc(NC(=O)Cc3ccccc3C(=O)O)c2)n1,CHEMBL337637,Binding,99.9,%,CHEMBL809804,Protein binding affinity for human serum albumin was measured
CC(C)c1csc(/C=C/c2cccc(NC(=O)Cc3ccccc3C(=O)O)c2)n1,CHEMBL337637,Kd,0.28,uM,CHEMBL804550,Protein binding affinity for human serum albumin was measured
CC(C)c1csc(CCc2ccn3c(=O)c(-c4nnn[nH]4)cnc3c2)n1,CHEMBL335261,Binding,81.5,%,CHEMBL809804,Protein binding affinity for human serum albumin was measured
CC(C)c1csc(CCc2ccn3c(=O)c(-c4nnn[nH]4)cnc3c2)n1,CHEMBL335261,Kd,327.0,uM,CHEMBL804550,Protein binding affinity for human serum albumin was measured
CC(C)c1csc(COc2ccn3c(=O)c(-c4nnn[nH]4)cnc3c2)n1,CHEMBL335464,Binding,88.4,%,CHEMBL809804,Protein binding affinity for human serum albumin was measured
CC(C)c1csc(COc2ccn3c(=O)c(-c4nnn[nH]4)cnc3c2)n1,CHEMBL335464,Kd,66.4,uM,CHEMBL804550,Protein binding affinity for human serum albumin was measured
CC(C)c1csc(COc2cc3c(cc2F)c(=O)c(C(=O)O)cn3C2CC2)n1,CHEMBL134535,Binding,90.5,%,CHEMBL809804,Protein binding affinity for human serum albumin was measured
CNC(C)[C@H]1CCC(NC(=O)OCC2c3ccccc3-c3ccc(S(=O)(=O)O)cc32)[C@@H](O[C@@H]2C(NC(=O)OCC3c4ccccc4-c4ccc(S(=O)(=O)O)cc43)C[C@@H](NC(=O)OCC3c4ccccc4-c4ccc(S(=O)(=O)O)cc43)C(O[C@H]3OC[C@](C)(O)C(NC)[C@@H]3O)[C@@H]2O)O1,CHEMBL264831,IC50,80.0,uM,CHEMBL808310,Evaluated for inhibition of Serum albumin evoked PNPA hydrolysis in presence of 0.7 M of FMS
CNC(C)[C@H]1CCC(NC(=O)OCC2c3ccccc3-c3ccc(S(=O)(=O)O)cc32)[C@@H](O[C@@H]2C(NC(=O)OCC3c4ccccc4-c4ccc(S(=O)(=O)O)cc43)C[C@@H](NC(=O)OCC3c4ccccc4-c4ccc(S(=O)(=O)O)cc43)C(O[C@H]3OC[C@](C)(O)C(NC)[C@@H]3O)[C@@H]2O)O1,CHEMBL264831,IC50,43.0,uM,CHEMBL808311,Evaluated for inhibition of Serum albumin evoked PNPA hydrolysis in presence of 1.3 M of FMS
CNC(C)[C@H]1CCC(NC(=O)OCC2c3ccccc3-c3ccc(S(=O)(=O)O)cc32)[C@@H](O[C@@H]2C(NC(=O)OCC3c4ccccc4-c4ccc(S(=O)(=O)O)cc43)C[C@@H](NC(=O)OCC3c4ccccc4-c4ccc(S(=O)(=O)O)cc43)C(O[C@H]3OC[C@](C)(O)C(NC)[C@@H]3O)[C@@H]2O)O1,CHEMBL264831,IC50,23.0,uM,CHEMBL804546,Evaluated for inhibition of Serum albumin evoked PNPA hydrolysis in presence of 2.1 M of FMS
CNC(C)[C@H]1CCC(NC(=O)OCC2c3ccccc3-c3ccc(S(=O)(=O)O)cc32)[C@@H](O[C@@H]2C(NC(=O)OCC3c4ccccc4-c4ccc(S(=O)(=O)O)cc43)C[C@@H](NC(=O)OCC3c4ccccc4-c4ccc(S(=O)(=O)O)cc43)C(O[C@H]3OC[C@](C)(O)C(NC)[C@@H]3O)[C@@H]2O)O1,CHEMBL264831,IC50,19.0,uM,CHEMBL804547,Evaluated for inhibition of Serum albumin evoked PNPA hydrolysis in presence of 3.0 M of FMS
CNC(C)[C@H]1CCC(NC(=O)OCC2c3ccccc3-c3ccc(S(=O)(=O)O)cc32)[C@@H](O[C@@H]2C(NC(=O)OCC3c4ccccc4-c4ccc(S(=O)(=O)O)cc43)C[C@@H](NC(=O)OCC3c4ccccc4-c4ccc(S(=O)(=O)O)cc43)C(O[C@H]3OC[C@](C)(O)C(NC)[C@@H]3O)[C@@H]2O)O1,CHEMBL264831,Kd,32.0,uM,CHEMBL646316,The compound was evaluated for albumin associating affinity 0.7 M of FMS
CNC(C)[C@H]1CCC(NC(=O)OCC2c3ccccc3-c3ccc(S(=O)(=O)O)cc32)[C@@H](O[C@@H]2C(NC(=O)OCC3c4ccccc4-c4ccc(S(=O)(=O)O)cc43)C[C@@H](NC(=O)OCC3c4ccccc4-c4ccc(S(=O)(=O)O)cc43)C(O[C@H]3OC[C@](C)(O)C(NC)[C@@H]3O)[C@@H]2O)O1,CHEMBL264831,Kd,17.2,uM,CHEMBL646317,The compound was evaluated for albumin associating affinity along with 1.3 M of FMS
CNC(C)[C@H]1CCC(NC(=O)OCC2c3ccccc3-c3ccc(S(=O)(=O)O)cc32)[C@@H](O[C@@H]2C(NC(=O)OCC3c4ccccc4-c4ccc(S(=O)(=O)O)cc43)C[C@@H](NC(=O)OCC3c4ccccc4-c4ccc(S(=O)(=O)O)cc43)C(O[C@H]3OC[C@](C)(O)C(NC)[C@@H]3O)[C@@H]2O)O1,CHEMBL264831,Kd,9.2,uM,CHEMBL646318,The compound was evaluated for albumin associating affinity along with 2.1 M of FMS
CNC(C)[C@H]1CCC(NC(=O)OCC2c3ccccc3-c3ccc(S(=O)(=O)O)cc32)[C@@H](O[C@@H]2C(NC(=O)OCC3c4ccccc4-c4ccc(S(=O)(=O)O)cc43)C[C@@H](NC(=O)OCC3c4ccccc4-c4ccc(S(=O)(=O)O)cc43)C(O[C@H]3OC[C@](C)(O)C(NC)[C@@H]3O)[C@@H]2O)O1,CHEMBL264831,Kd,7.6,uM,CHEMBL645089,The compound was evaluated for albumin associating affinity along with 3.0 M of FMS
CNC(C)[C@H]1CCC(N)[C@@H](O[C@@H]2C(NC(=O)OCC3c4ccccc4-c4ccc(S(=O)(=O)O)cc43)C[C@@H](NC(=O)OCC3c4ccccc4-c4ccc(S(=O)(=O)O)cc43)C(O[C@H]3OC[C@](C)(O)C(NC)[C@@H]3O)[C@@H]2O)O1,CHEMBL384757,Kd,9.2,uM,CHEMBL804551,The compound was evaluated for pharmacokinetic parameters Serum albumin associating affinity
CNC(C)[C@H]1CCC(N)[C@@H](O[C@@H]2C(N)C[C@@H](NC(=O)OCC3c4ccccc4-c4ccc(S(=O)(=O)O)cc43)C(O[C@H]3OC[C@](C)(O)C(NC)[C@@H]3O)[C@@H]2O)O1,CHEMBL135463,Kd,20.0,uM,CHEMBL804551,The compound was evaluated for pharmacokinetic parameters Serum albumin associating affinity
FC(Cl)C(F)(F)C1(Br)N=N1,CHEMBL293596,IC50,0.7,mM,CHEMBL880920,Inhibitory concentration bound to tryptophan containing region of Serum albumin in fluorescence quenching
CCc1c(C)c2[nH]c1cc1[nH]c(cc3nc4c(c5nc(c2C=O)[C@@H](C)[C@@H]5CCC(=O)NC(CC(=O)OC(C)(C)C)C(=O)OC(C)(C)C)CCC4=C3C)C(=O)C1(C)CC,CHEMBL319783,Binding constant,5000000.0,l M-1,CHEMBL804554,Binding affinity against Human serum albumin(Site I).
CCc1c(C)c2[nH]c1cc1[nH]c(cc3nc4c(c5nc(c2C=O)[C@@H](C)[C@@H]5CCC(=O)NC(CC(=O)OC(C)(C)C)C(=O)OC(C)(C)C)CCC4=C3C)C(=O)C1(C)CC,CHEMBL319783,Binding constant,500000.0,l M-1,CHEMBL810662,Binding affinity against Human serum albumin(Site II).
CCc1c(C)c2[nH]c1cc1[nH]c(cc3nc4c(c5nc(c2C=O)[C@@H](C)[C@@H]5CCC(=O)NC(CC(=O)OC(C)(C)C)C(=O)OC(C)(C)C)CCC4=C3C)C(O)(CC)C1(C)O,CHEMBL96161,Binding constant,5000000.0,l M-1,CHEMBL804554,Binding affinity against Human serum albumin(Site I).
FC(Cl)C(F)(F)C1(F)N=N1,CHEMBL55478,IC50,2.2,mM,CHEMBL880920,Inhibitory concentration bound to tryptophan containing region of Serum albumin in fluorescence quenching
CCc1c(C)c2[nH]c1cc1[nH]c(cc3nc4c(c5nc(c2C=O)[C@@H](C)[C@@H]5CCC(=O)OC)CCC4=C3C)C(=O)C1(C)CC,CHEMBL91969,Binding constant,5000000.0,l M-1,CHEMBL804554,Binding affinity against Human serum albumin(Site I).
CCc1c(C)c2[nH]c1cc1[nH]c(cc3nc4c(c5nc(c2C=O)[C@@H](C)[C@@H]5CCC(=O)OC)CCC4=C3C)C(=O)C1(C)CC,CHEMBL91969,Binding constant,500000.0,l M-1,CHEMBL810662,Binding affinity against Human serum albumin(Site II).
[N-]=[N+]=CC(F)(F)F,CHEMBL54683,IC50,1.2,mM,CHEMBL880920,Inhibitory concentration bound to tryptophan containing region of Serum albumin in fluorescence quenching
FC(F)(C(Cl)Br)C1N=N1,CHEMBL56298,IC50,0.8,mM,CHEMBL880920,Inhibitory concentration bound to tryptophan containing region of Serum albumin in fluorescence quenching
FC(F)(F)C1(Br)N=N1,CHEMBL298831,IC50,0.4,mM,CHEMBL880920,Inhibitory concentration bound to tryptophan containing region of Serum albumin in fluorescence quenching
[N-]=[N+]=NC(F)(F)C(Cl)Br,CHEMBL55065,IC50,0.3,mM,CHEMBL880920,Inhibitory concentration bound to tryptophan containing region of Serum albumin in fluorescence quenching
CCc1c(C)c2[nH]c1cc1[nH]c(cc3nc4c(c5nc(c2C=O)[C@@H](C)[C@@H]5CCC(=O)OC)CCC4=C3C)C(O)(CC)C1(C)O,CHEMBL94911,Binding constant,5000000.0,l M-1,CHEMBL804554,Binding affinity against Human serum albumin(Site I).
FC(F)(F)C(Cl)Br,CHEMBL931,IC50,2.9,mM,CHEMBL880920,Inhibitory concentration bound to tryptophan containing region of Serum albumin in fluorescence quenching
COc1cccc2c1C(=O)c1c(O)c3c(c(O)c1C2=O)C[C@@](O)(/C(CO)=N/NC(=O)CCCN1C(=O)C=CC1=O)C[C@]3(C)COC1C[C@H](N)[C@](C)(O)[C@H](C)O1.Cl,CHEMBL541366,k2,1510.0,min-1 M-1,CHEMBL810664,Second order rate constant after incubation with human serum albumin (HSA) at pH 7.4 in the absence of myristic acid
COc1cccc2c1C(=O)c1c(O)c3c(c(O)c1C2=O)C[C@@](O)(/C(CO)=N/NC(=O)CCCN1C(=O)C=CC1=O)C[C@]3(C)COC1C[C@H](N)[C@](C)(O)[C@H](C)O1.Cl,CHEMBL541366,k2,1140.0,min-1 M-1,CHEMBL810829,Second order rate constant after incubation with human serum albumin (HSA) at pH 7.4 in the presence of 5 equiv of myristic acid
COc1cccc2c1C(=O)c1c(O)c3c(c(O)c1C2=O)C[C@@](O)(/C(CO)=N/NC(=O)CCN1C(=O)C=CC1=O)C[C@]3(C)COC1C[C@H](N)[C@](C)(O)[C@H](C)O1.Cl,CHEMBL555700,k2,1430.0,min-1 M-1,CHEMBL810664,Second order rate constant after incubation with human serum albumin (HSA) at pH 7.4 in the absence of myristic acid
COc1cccc2c1C(=O)c1c(O)c3c(c(O)c1C2=O)C[C@@](O)(/C(CO)=N/NC(=O)CCN1C(=O)C=CC1=O)C[C@]3(C)COC1C[C@H](N)[C@](C)(O)[C@H](C)O1.Cl,CHEMBL555700,k2,1070.0,min-1 M-1,CHEMBL810829,Second order rate constant after incubation with human serum albumin (HSA) at pH 7.4 in the presence of 5 equiv of myristic acid
COc1cccc2c1C(=O)c1c(O)c3c(c(O)c1C2=O)C[C@@](O)(/C(CO)=N/NC(=O)CCCCCCCN1C(=O)C=CC1=O)C[C@]3(C)COC1C[C@H](N)[C@](C)(O)[C@H](C)O1.Cl,CHEMBL544400,k2,600.0,min-1 M-1,CHEMBL810664,Second order rate constant after incubation with human serum albumin (HSA) at pH 7.4 in the absence of myristic acid
COc1cccc2c1C(=O)c1c(O)c3c(c(O)c1C2=O)C[C@@](O)(/C(CO)=N/NC(=O)CCCCCCCN1C(=O)C=CC1=O)C[C@]3(C)COC1C[C@H](N)[C@](C)(O)[C@H](C)O1.Cl,CHEMBL544400,k2,960.0,min-1 M-1,CHEMBL810829,Second order rate constant after incubation with human serum albumin (HSA) at pH 7.4 in the presence of 5 equiv of myristic acid
COc1cccc2c1C(=O)c1c(O)c3c(c(O)c1C2=O)C[C@@](O)(/C(CO)=N/NC(=O)CCCCCN1C(=O)C=CC1=O)C[C@]3(C)COC1C[C@H](N)[C@](C)(O)[C@H](C)O1.Cl,CHEMBL544639,k2,1040.0,min-1 M-1,CHEMBL810664,Second order rate constant after incubation with human serum albumin (HSA) at pH 7.4 in the absence of myristic acid
COc1cccc2c1C(=O)c1c(O)c3c(c(O)c1C2=O)C[C@@](O)(/C(CO)=N/NC(=O)CCCCCN1C(=O)C=CC1=O)C[C@]3(C)COC1C[C@H](N)[C@](C)(O)[C@H](C)O1.Cl,CHEMBL544639,k2,2250.0,min-1 M-1,CHEMBL810829,Second order rate constant after incubation with human serum albumin (HSA) at pH 7.4 in the presence of 5 equiv of myristic acid
CC(=N)c1c(O)c(O)c(C(C)C)c2cc(C)c(-c3c(C)cc4c(C(C)C)c(O)c(O)c(C(C)=N)c4c3O)c(O)c12,CHEMBL82428,Kd,3.0,uM,CHEMBL804549,Compound was tested for binding activity to human serum albumin (HSA)
Cc1cc2c(C(C)C)c(O)c(O)c(C(=O)O)c2c(O)c1-c1c(C)cc2c(C(C)C)c(O)c(O)c(C(=O)O)c2c1O,CHEMBL81444,Kd,0.09,uM,CHEMBL804549,Compound was tested for binding activity to human serum albumin (HSA)
Cc1cc2c(C(C)C)c(O)c(O)c(C=O)c2cc1-c1cc2c(C=O)c(O)c(O)c(C(C)C)c2cc1C,CHEMBL311591,Kd,1.2,uM,CHEMBL804549,Compound was tested for binding activity to human serum albumin (HSA)
Cc1ccc2c(C=O)c(O)c(O)c(C(C)C)c2c1,CHEMBL77613,Kd,0.66,uM,CHEMBL804549,Compound was tested for binding activity to human serum albumin (HSA)
Cc1ccc2c(C(=O)O)c(O)c(O)c(C(C)C)c2c1,CHEMBL310405,Kd,5.28,uM,CHEMBL804549,Compound was tested for binding activity to human serum albumin (HSA)
Cc1cc2c(C(C)C)c(O)c(O)c(C(=O)O)c2cc1-c1cc2c(C(=O)O)c(O)c(O)c(C(C)C)c2cc1C,CHEMBL419662,Kd,1.5,uM,CHEMBL804549,Compound was tested for binding activity to human serum albumin (HSA)
CC[C@H](C)[C@H]1NC(=O)[C@H](CCCN=C(N)N)NC(=O)[C@H]2CCCN2C(=O)[C@H](CC(N)=O)NC(=O)[C@@H](CC(=O)O)NC(=O)[C@H](NC(=O)[C@H](CC(C)C)NC(=O)[C@H](C)NC(=O)c2cnc3ccccc3c2)CSSC[C@H](C(=O)N[C@@H](CCC(N)=O)C(=O)N[C@@H](Cc2ccccc2)C(=O)N[C@H](C(=O)N[C@@H](CCC(=O)O)C(=O)NCC(N)=O)C(C)C)NC(=O)[C@@H](Cc2ccc(O)cc2)NC(=O)[C@H](Cc2c[nH]c3ccccc23)NC(=O)[C@@H](CCCN=C(N)N)NC(=O)[C@H](CC(=O)O)NC1=O,CHEMBL415402,Binding affinity,0.73,,CHEMBL809966,In vitro binding affinity for rabbit serum albumin.
CC[C@H](C)[C@H]1NC(=O)[C@H](CCCN=C(N)N)NC(=O)[C@H]2CCCN2C(=O)[C@H](CC(N)=O)NC(=O)[C@@H](CC(=O)O)NC(=O)[C@H](NC(=O)[C@H](CC(C)C)NC(=O)[C@H](C)NC(=O)c2cnc3ccccc3c2)CSSC[C@H](C(=O)N[C@@H](CCC(N)=O)C(=O)N[C@@H](Cc2ccccc2)C(=O)N[C@H](C(=O)N[C@@H](CCC(=O)O)C(=O)NCC(N)=O)C(C)C)NC(=O)[C@@H](Cc2ccc(O)cc2)NC(=O)[C@H](Cc2c[nH]c3ccccc23)NC(=O)[C@@H](CCCN=C(N)N)NC(=O)[C@H](CC(=O)O)NC1=O,CHEMBL415402,Binding affinity,0.64,,CHEMBL810831,In vitro binding affinity for human serum albumin.
CC(=O)N[C@@H](C)C(=O)N[C@@H](CC(C)C)C(=O)N[C@@H](Cc1ccc(O)cc1)C(=O)N[C@@H](CC(=O)O)C(N)=O,CHEMBL328403,Binding affinity,0.11,,CHEMBL809966,In vitro binding affinity for rabbit serum albumin.
CC[C@H](C)[C@H]1NC(=O)[C@H](CCCN=C(N)N)NC(=O)[C@H]2CCCN2C(=O)[C@H](CC(N)=O)NC(=O)[C@@H](CC(=O)O)NC(=O)[C@H](NC(=O)[C@H](CC(C)C)NC(=O)[C@H](C)NC(=O)[C@H](C)c2ccc(CC(C)C)cc2)CSSC[C@H](C(=O)N[C@@H](CCC(N)=O)C(=O)N[C@@H](Cc2ccccc2)C(=O)N[C@H](C(=O)N[C@@H](CCC(=O)O)C(=O)NCC(N)=O)C(C)C)NC(=O)[C@@H](Cc2ccc(O)cc2)NC(=O)[C@H](Cc2c[nH]c3ccccc23)NC(=O)[C@@H](CCCN=C(N)N)NC(=O)[C@H](CC(=O)O)NC1=O,CHEMBL415837,Binding affinity,0.87,,CHEMBL809966,In vitro binding affinity for rabbit serum albumin.
CC[C@H](C)[C@H]1NC(=O)[C@H](CCCN=C(N)N)NC(=O)[C@H]2CCCN2C(=O)[C@H](CC(N)=O)NC(=O)[C@@H](CC(=O)O)NC(=O)[C@H](NC(=O)[C@H](CC(C)C)NC(=O)[C@H](C)NC(=O)[C@H](C)c2ccc(CC(C)C)cc2)CSSC[C@H](C(=O)N[C@@H](CCC(N)=O)C(=O)N[C@@H](Cc2ccccc2)C(=O)N[C@H](C(=O)N[C@@H](CCC(=O)O)C(=O)NCC(N)=O)C(C)C)NC(=O)[C@@H](Cc2ccc(O)cc2)NC(=O)[C@H](Cc2c[nH]c3ccccc23)NC(=O)[C@@H](CCCN=C(N)N)NC(=O)[C@H](CC(=O)O)NC1=O,CHEMBL415837,Binding affinity,0.76,,CHEMBL810831,In vitro binding affinity for human serum albumin.
CC(C)Cc1ccc([C@@H](C)C(=O)N[C@@H](C)C(=O)N[C@@H](CC(C)C)C(=O)N[C@@H](CO)C(=O)N[C@@H](CC(=O)O)C(N)=O)cc1,CHEMBL98833,Binding affinity,0.22,,CHEMBL809966,In vitro binding affinity for rabbit serum albumin.
CC[C@H](C)[C@H]1NC(=O)[C@H](CCCN=C(N)N)NC(=O)[C@H]2CCCN2C(=O)[C@H](CC(N)=O)NC(=O)[C@@H](CC(=O)O)NC(=O)[C@H](NC(=O)[C@H](CC(C)C)NC(=O)[C@H](C)NS(=O)(=O)c2c(C)cc(C)cc2C)CSSC[C@H](C(=O)N[C@@H](CCC(N)=O)C(=O)N[C@@H](Cc2ccccc2)C(=O)N[C@H](C(=O)N[C@@H](CCC(=O)O)C(=O)NCC(N)=O)C(C)C)NC(=O)[C@@H](Cc2ccc(O)cc2)NC(=O)[C@H](Cc2c[nH]c3ccccc23)NC(=O)[C@@H](CCCN=C(N)N)NC(=O)[C@H](CC(=O)O)NC1=O,CHEMBL441926,Binding affinity,0.95,,CHEMBL809966,In vitro binding affinity for rabbit serum albumin.
CC[C@H](C)[C@H]1NC(=O)[C@H](CCCN=C(N)N)NC(=O)[C@H]2CCCN2C(=O)[C@H](CC(N)=O)NC(=O)[C@@H](CC(=O)O)NC(=O)[C@H](NC(=O)[C@H](CC(C)C)NC(=O)[C@H](C)NS(=O)(=O)c2c(C)cc(C)cc2C)CSSC[C@H](C(=O)N[C@@H](CCC(N)=O)C(=O)N[C@@H](Cc2ccccc2)C(=O)N[C@H](C(=O)N[C@@H](CCC(=O)O)C(=O)NCC(N)=O)C(C)C)NC(=O)[C@@H](Cc2ccc(O)cc2)NC(=O)[C@H](Cc2c[nH]c3ccccc23)NC(=O)[C@@H](CCCN=C(N)N)NC(=O)[C@H](CC(=O)O)NC1=O,CHEMBL441926,Binding affinity,0.82,,CHEMBL810831,In vitro binding affinity for human serum albumin.
CC(=O)N[C@@H](C)C(=O)N[C@@H](CC(C)C)C(=O)N[C@@H](Cc1c[nH]c2ccccc12)C(=O)N[C@@H](CC(=O)O)C(N)=O,CHEMBL101898,Binding affinity,0.15,,CHEMBL809966,In vitro binding affinity for rabbit serum albumin.
CC(C)C[C@H](NC(=O)[C@H](C)NC(=O)c1ccc(-c2ccccc2)cc1)C(=O)N[C@@H](CO)C(=O)N[C@@H](CC(=O)O)C(N)=O,CHEMBL99285,Binding affinity,0.23,,CHEMBL809966,In vitro binding affinity for rabbit serum albumin.
CC(C)C[C@H](NC(=O)[C@H](C)NC(=O)c1ccc(-c2ccccc2)cc1)C(=O)N[C@@H](Cc1ccc(O)cc1)C(=O)N[C@@H](CC(=O)O)C(N)=O,CHEMBL98039,Binding affinity,0.37,,CHEMBL809966,In vitro binding affinity for rabbit serum albumin.
CC[C@H](C)[C@H]1NC(=O)[C@H](CCCN=C(N)N)NC(=O)[C@H]2CCCN2C(=O)[C@H](CC(N)=O)NC(=O)[C@@H](CC(=O)O)NC(=O)[C@H](NC(=O)[C@H](CC(C)C)NC(=O)[C@H](C)NS(=O)(=O)c2ccc3ccccc3c2)CSSC[C@H](C(=O)N[C@@H](CCC(N)=O)C(=O)N[C@@H](Cc2ccccc2)C(=O)N[C@H](C(=O)N[C@@H](CCC(=O)O)C(=O)NCC(N)=O)C(C)C)NC(=O)[C@@H](Cc2ccc(O)cc2)NC(=O)[C@H](Cc2c[nH]c3ccccc23)NC(=O)[C@@H](CCCN=C(N)N)NC(=O)[C@H](CC(=O)O)NC1=O,CHEMBL410279,Binding affinity,0.95,,CHEMBL809966,In vitro binding affinity for rabbit serum albumin.
CC[C@H](C)[C@H]1NC(=O)[C@H](CCCN=C(N)N)NC(=O)[C@H]2CCCN2C(=O)[C@H](CC(N)=O)NC(=O)[C@@H](CC(=O)O)NC(=O)[C@H](NC(=O)[C@H](CC(C)C)NC(=O)[C@H](C)NS(=O)(=O)c2ccc3ccccc3c2)CSSC[C@H](C(=O)N[C@@H](CCC(N)=O)C(=O)N[C@@H](Cc2ccccc2)C(=O)N[C@H](C(=O)N[C@@H](CCC(=O)O)C(=O)NCC(N)=O)C(C)C)NC(=O)[C@@H](Cc2ccc(O)cc2)NC(=O)[C@H](Cc2c[nH]c3ccccc23)NC(=O)[C@@H](CCCN=C(N)N)NC(=O)[C@H](CC(=O)O)NC1=O,CHEMBL410279,Binding affinity,0.92,,CHEMBL810831,In vitro binding affinity for human serum albumin.
CC[C@H](C)[C@H]1NC(=O)[C@H](CCCN=C(N)N)NC(=O)[C@H]2CCCN2C(=O)[C@H](CC(N)=O)NC(=O)[C@@H](CC(=O)O)NC(=O)[C@H](NC(=O)[C@H](CC(C)C)NC(=O)[C@H](C)NC(C)=O)CSSC[C@H](C(=O)N[C@@H](CCC(N)=O)C(=O)N[C@@H](Cc2ccccc2)C(=O)N[C@H](C(=O)N[C@@H](CCC(=O)O)C(=O)NCC(N)=O)C(C)C)NC(=O)[C@@H](Cc2ccc(O)cc2)NC(=O)[C@H](Cc2c[nH]c3ccccc23)NC(=O)[C@@H](CCCN=C(N)N)NC(=O)[C@H](CC(=O)O)NC1=O,CHEMBL409918,Binding affinity,0.39,,CHEMBL809966,In vitro binding affinity for rabbit serum albumin.
CC[C@H](C)[C@H]1NC(=O)[C@H](CCCN=C(N)N)NC(=O)[C@H]2CCCN2C(=O)[C@H](CC(N)=O)NC(=O)[C@@H](CC(=O)O)NC(=O)[C@H](NC(=O)[C@H](CC(C)C)NC(=O)[C@H](C)NC(C)=O)CSSC[C@H](C(=O)N[C@@H](CCC(N)=O)C(=O)N[C@@H](Cc2ccccc2)C(=O)N[C@H](C(=O)N[C@@H](CCC(=O)O)C(=O)NCC(N)=O)C(C)C)NC(=O)[C@@H](Cc2ccc(O)cc2)NC(=O)[C@H](Cc2c[nH]c3ccccc23)NC(=O)[C@@H](CCCN=C(N)N)NC(=O)[C@H](CC(=O)O)NC1=O,CHEMBL409918,Binding affinity,0.21,,CHEMBL810831,In vitro binding affinity for human serum albumin.
CC[C@H](C)[C@H]1NC(=O)[C@H](CCCN=C(N)N)NC(=O)[C@H]2CCCN2C(=O)[C@H](CC(N)=O)NC(=O)[C@@H](CC(=O)O)NC(=O)[C@H](NC(=O)[C@H](CC(C)C)NC(=O)[C@H](C)NC(=O)c2ccc(-c3ccccc3)cc2)CSSC[C@H](C(=O)N[C@@H](CCC(N)=O)C(=O)N[C@@H](Cc2ccccc2)C(=O)N[C@H](C(=O)N[C@@H](CCC(=O)O)C(=O)NCC(N)=O)C(C)C)NC(=O)[C@@H](Cc2ccc(O)cc2)NC(=O)[C@H](Cc2c[nH]c3ccccc23)NC(=O)[C@@H](CCCN=C(N)N)NC(=O)[C@H](CC(=O)O)NC1=O,CHEMBL439444,Binding affinity,0.89,,CHEMBL809966,In vitro binding affinity for rabbit serum albumin.
CC[C@H](C)[C@H]1NC(=O)[C@H](CCCN=C(N)N)NC(=O)[C@H]2CCCN2C(=O)[C@H](CC(N)=O)NC(=O)[C@@H](CC(=O)O)NC(=O)[C@H](NC(=O)[C@H](CC(C)C)NC(=O)[C@H](C)NC(=O)c2ccc(-c3ccccc3)cc2)CSSC[C@H](C(=O)N[C@@H](CCC(N)=O)C(=O)N[C@@H](Cc2ccccc2)C(=O)N[C@H](C(=O)N[C@@H](CCC(=O)O)C(=O)NCC(N)=O)C(C)C)NC(=O)[C@@H](Cc2ccc(O)cc2)NC(=O)[C@H](Cc2c[nH]c3ccccc23)NC(=O)[C@@H](CCCN=C(N)N)NC(=O)[C@H](CC(=O)O)NC1=O,CHEMBL439444,Binding affinity,0.62,,CHEMBL810831,In vitro binding affinity for human serum albumin.
CC[C@H](C)[C@H]1NC(=O)[C@H](CCCN=C(N)N)NC(=O)[C@H]2CCCN2C(=O)[C@H](CC(N)=O)NC(=O)[C@@H](CC(=O)O)NC(=O)[C@H](NC(=O)[C@H](CC(C)C)NC(=O)[C@H](C)NC(=O)Nc2cccc(C)c2)CSSC[C@H](C(=O)N[C@@H](CCC(N)=O)C(=O)N[C@@H](Cc2ccccc2)C(=O)N[C@H](C(=O)N[C@@H](CCC(=O)O)C(=O)NCC(N)=O)C(C)C)NC(=O)[C@@H](Cc2ccc(O)cc2)NC(=O)[C@H](Cc2c[nH]c3ccccc23)NC(=O)[C@@H](CCCN=C(N)N)NC(=O)[C@H](CC(=O)O)NC1=O,CHEMBL437872,Binding affinity,0.83,,CHEMBL809966,In vitro binding affinity for rabbit serum albumin.
CC[C@H](C)[C@H]1NC(=O)[C@H](CCCN=C(N)N)NC(=O)[C@H]2CCCN2C(=O)[C@H](CC(N)=O)NC(=O)[C@@H](CC(=O)O)NC(=O)[C@H](NC(=O)[C@H](CC(C)C)NC(=O)[C@H](C)NC(=O)Nc2cccc(C)c2)CSSC[C@H](C(=O)N[C@@H](CCC(N)=O)C(=O)N[C@@H](Cc2ccccc2)C(=O)N[C@H](C(=O)N[C@@H](CCC(=O)O)C(=O)NCC(N)=O)C(C)C)NC(=O)[C@@H](Cc2ccc(O)cc2)NC(=O)[C@H](Cc2c[nH]c3ccccc23)NC(=O)[C@@H](CCCN=C(N)N)NC(=O)[C@H](CC(=O)O)NC1=O,CHEMBL437872,Binding affinity,0.59,,CHEMBL810831,In vitro binding affinity for human serum albumin.
CC(C)Cc1ccc([C@@H](C)C(=O)N[C@@H](C)C(=O)N[C@@H](CC(C)C)C(=O)N[C@@H](Cc2c[nH]c3ccccc23)C(=O)N[C@@H](CC(=O)O)C(N)=O)cc1,CHEMBL320598,Binding affinity,0.89,,CHEMBL809966,In vitro binding affinity for rabbit serum albumin.
CC(=O)N[C@@H](C)C(=O)N[C@@H](CC(C)C)C(=O)N[C@@H](CO)C(=O)N[C@@H](CC(=O)O)C(N)=O,CHEMBL99865,Binding affinity,0.09,,CHEMBL809966,In vitro binding affinity for rabbit serum albumin.
CC[C@H](C)[C@H]1NC(=O)[C@H](CCCN=C(N)N)NC(=O)[C@H]2CCCN2C(=O)[C@H](CC(N)=O)NC(=O)[C@@H](CC(=O)O)NC(=O)[C@H](NC(=O)[C@H](CC(C)C)NC(=O)[C@H](C)NC(=O)Nc2ccc(Cl)cc2)CSSC[C@H](C(=O)N[C@@H](CCC(N)=O)C(=O)N[C@@H](Cc2ccccc2)C(=O)N[C@H](C(=O)N[C@@H](CCC(=O)O)C(=O)NCC(N)=O)C(C)C)NC(=O)[C@@H](Cc2ccc(O)cc2)NC(=O)[C@H](Cc2c[nH]c3ccccc23)NC(=O)[C@@H](CCCN=C(N)N)NC(=O)[C@H](CC(=O)O)NC1=O,CHEMBL429011,Binding affinity,0.84,,CHEMBL809966,In vitro binding affinity for rabbit serum albumin.
CC[C@H](C)[C@H]1NC(=O)[C@H](CCCN=C(N)N)NC(=O)[C@H]2CCCN2C(=O)[C@H](CC(N)=O)NC(=O)[C@@H](CC(=O)O)NC(=O)[C@H](NC(=O)[C@H](CC(C)C)NC(=O)[C@H](C)NC(=O)Nc2ccc(Cl)cc2)CSSC[C@H](C(=O)N[C@@H](CCC(N)=O)C(=O)N[C@@H](Cc2ccccc2)C(=O)N[C@H](C(=O)N[C@@H](CCC(=O)O)C(=O)NCC(N)=O)C(C)C)NC(=O)[C@@H](Cc2ccc(O)cc2)NC(=O)[C@H](Cc2c[nH]c3ccccc23)NC(=O)[C@@H](CCCN=C(N)N)NC(=O)[C@H](CC(=O)O)NC1=O,CHEMBL429011,Binding affinity,0.65,,CHEMBL810831,In vitro binding affinity for human serum albumin.
CC[C@H](C)[C@H]1NC(=O)[C@H](CCCN=C(N)N)NC(=O)[C@H]2CCCN2C(=O)[C@H](CC(N)=O)NC(=O)[C@@H](CC(=O)O)NC(=O)[C@H](NC(=O)[C@H](CC(C)C)NC(=O)[C@H](C)NCc2cccc3ccccc23)CSSC[C@H](C(=O)N[C@@H](CCC(N)=O)C(=O)N[C@@H](Cc2ccccc2)C(=O)N[C@H](C(=O)N[C@@H](CCC(=O)O)C(=O)NCC(N)=O)C(C)C)NC(=O)[C@@H](Cc2ccc(O)cc2)NC(=O)[C@H](Cc2c[nH]c3ccccc23)NC(=O)[C@@H](CCCN=C(N)N)NC(=O)[C@H](CC(=O)O)NC1=O,CHEMBL439285,Binding affinity,0.91,,CHEMBL809966,In vitro binding affinity for rabbit serum albumin.
CC[C@H](C)[C@H]1NC(=O)[C@H](CCCN=C(N)N)NC(=O)[C@H]2CCCN2C(=O)[C@H](CC(N)=O)NC(=O)[C@@H](CC(=O)O)NC(=O)[C@H](NC(=O)[C@H](CC(C)C)NC(=O)[C@H](C)NCc2cccc3ccccc23)CSSC[C@H](C(=O)N[C@@H](CCC(N)=O)C(=O)N[C@@H](Cc2ccccc2)C(=O)N[C@H](C(=O)N[C@@H](CCC(=O)O)C(=O)NCC(N)=O)C(C)C)NC(=O)[C@@H](Cc2ccc(O)cc2)NC(=O)[C@H](Cc2c[nH]c3ccccc23)NC(=O)[C@@H](CCCN=C(N)N)NC(=O)[C@H](CC(=O)O)NC1=O,CHEMBL439285,Binding affinity,0.69,,CHEMBL810831,In vitro binding affinity for human serum albumin.
CC(C)C[C@H](NC(=O)[C@H](C)NC(=O)c1ccc(-c2ccccc2)cc1)C(=O)N[C@@H](Cc1c[nH]c2ccccc12)C(=O)N[C@@H](CC(=O)O)C(N)=O,CHEMBL98935,Binding affinity,0.82,,CHEMBL809966,In vitro binding affinity for rabbit serum albumin.
CC[C@H](C)[C@H]1NC(=O)[C@H](CCCN=C(N)N)NC(=O)[C@H]2CCCN2C(=O)[C@H](CC(N)=O)NC(=O)[C@@H](CC(=O)O)NC(=O)[C@H](NC(=O)[C@H](CC(C)C)NC(=O)[C@H](C)NCc2ccccc2OC(F)(F)F)CSSC[C@H](C(=O)N[C@@H](CCC(N)=O)C(=O)N[C@@H](Cc2ccccc2)C(=O)N[C@H](C(=O)N[C@@H](CCC(=O)O)C(=O)NCC(N)=O)C(C)C)NC(=O)[C@@H](Cc2ccc(O)cc2)NC(=O)[C@H](Cc2c[nH]c3ccccc23)NC(=O)[C@@H](CCCN=C(N)N)NC(=O)[C@H](CC(=O)O)NC1=O,CHEMBL410836,Binding affinity,0.92,,CHEMBL809966,In vitro binding affinity for rabbit serum albumin.
CC[C@H](C)[C@H]1NC(=O)[C@H](CCCN=C(N)N)NC(=O)[C@H]2CCCN2C(=O)[C@H](CC(N)=O)NC(=O)[C@@H](CC(=O)O)NC(=O)[C@H](NC(=O)[C@H](CC(C)C)NC(=O)[C@H](C)NCc2ccccc2OC(F)(F)F)CSSC[C@H](C(=O)N[C@@H](CCC(N)=O)C(=O)N[C@@H](Cc2ccccc2)C(=O)N[C@H](C(=O)N[C@@H](CCC(=O)O)C(=O)NCC(N)=O)C(C)C)NC(=O)[C@@H](Cc2ccc(O)cc2)NC(=O)[C@H](Cc2c[nH]c3ccccc23)NC(=O)[C@@H](CCCN=C(N)N)NC(=O)[C@H](CC(=O)O)NC1=O,CHEMBL410836,Binding affinity,0.93,,CHEMBL810831,In vitro binding affinity for human serum albumin.
CC[C@H](C)[C@H]1NC(=O)[C@H](CCCN=C(N)N)NC(=O)[C@H]2CCCN2C(=O)[C@H](CC(N)=O)NC(=O)[C@@H](CC(=O)O)NC(=O)[C@H](NC(=O)[C@H](CC(C)C)NC(=O)[C@H](C)NC(=O)c2ccc3ccccc3n2)CSSC[C@H](C(=O)N[C@@H](CCC(N)=O)C(=O)N[C@@H](Cc2ccccc2)C(=O)N[C@H](C(=O)N[C@@H](CCC(=O)O)C(=O)NCC(N)=O)C(C)C)NC(=O)[C@@H](Cc2ccc(O)cc2)NC(=O)[C@H](Cc2c[nH]c3ccccc23)NC(=O)[C@@H](CCCN=C(N)N)NC(=O)[C@H](CC(=O)O)NC1=O,CHEMBL414777,Binding affinity,0.82,,CHEMBL809966,In vitro binding affinity for rabbit serum albumin.
CC[C@H](C)[C@H]1NC(=O)[C@H](CCCN=C(N)N)NC(=O)[C@H]2CCCN2C(=O)[C@H](CC(N)=O)NC(=O)[C@@H](CC(=O)O)NC(=O)[C@H](NC(=O)[C@H](CC(C)C)NC(=O)[C@H](C)NC(=O)c2ccc3ccccc3n2)CSSC[C@H](C(=O)N[C@@H](CCC(N)=O)C(=O)N[C@@H](Cc2ccccc2)C(=O)N[C@H](C(=O)N[C@@H](CCC(=O)O)C(=O)NCC(N)=O)C(C)C)NC(=O)[C@@H](Cc2ccc(O)cc2)NC(=O)[C@H](Cc2c[nH]c3ccccc23)NC(=O)[C@@H](CCCN=C(N)N)NC(=O)[C@H](CC(=O)O)NC1=O,CHEMBL414777,Binding affinity,0.64,,CHEMBL810831,In vitro binding affinity for human serum albumin.
CC[C@H](C)[C@H]1NC(=O)[C@H](CCCN=C(N)N)NC(=O)[C@H]2CCCN2C(=O)[C@H](CC(N)=O)NC(=O)[C@@H](CC(=O)O)NC(=O)[C@H](NC(=O)[C@H](CC(C)C)NC(=O)[C@H](C)NC(=O)c2ccc(-c3ccccc3[N+](=O)[O-])o2)CSSC[C@H](C(=O)N[C@@H](CCC(N)=O)C(=O)N[C@@H](Cc2ccccc2)C(=O)N[C@H](C(=O)N[C@@H](CCC(=O)O)C(=O)NCC(N)=O)C(C)C)NC(=O)[C@@H](Cc2ccc(O)cc2)NC(=O)[C@H](Cc2c[nH]c3ccccc23)NC(=O)[C@@H](CCCN=C(N)N)NC(=O)[C@H](CC(=O)O)NC1=O,CHEMBL269354,Binding affinity,0.91,,CHEMBL809966,In vitro binding affinity for rabbit serum albumin.
CC[C@H](C)[C@H]1NC(=O)[C@H](CCCN=C(N)N)NC(=O)[C@H]2CCCN2C(=O)[C@H](CC(N)=O)NC(=O)[C@@H](CC(=O)O)NC(=O)[C@H](NC(=O)[C@H](CC(C)C)NC(=O)[C@H](C)NC(=O)c2ccc(-c3ccccc3[N+](=O)[O-])o2)CSSC[C@H](C(=O)N[C@@H](CCC(N)=O)C(=O)N[C@@H](Cc2ccccc2)C(=O)N[C@H](C(=O)N[C@@H](CCC(=O)O)C(=O)NCC(N)=O)C(C)C)NC(=O)[C@@H](Cc2ccc(O)cc2)NC(=O)[C@H](Cc2c[nH]c3ccccc23)NC(=O)[C@@H](CCCN=C(N)N)NC(=O)[C@H](CC(=O)O)NC1=O,CHEMBL269354,Binding affinity,0.79,,CHEMBL810831,In vitro binding affinity for human serum albumin.
CC[C@H](C)[C@H]1NC(=O)[C@H](CCCN=C(N)N)NC(=O)[C@H]2CCCN2C(=O)[C@H](CC(N)=O)NC(=O)[C@@H](CC(=O)O)NC(=O)[C@H](NC(=O)[C@H](CC(C)C)NC(=O)[C@H](C)NC(=O)CCC(=O)NS(=O)(=O)c2ccc3ccccc3c2)CSSC[C@H](C(=O)N[C@@H](CCC(N)=O)C(=O)N[C@@H](Cc2ccccc2)C(=O)N[C@H](C(=O)N[C@@H](CCC(=O)O)C(=O)NCC(N)=O)C(C)C)NC(=O)[C@@H](Cc2ccc(O)cc2)NC(=O)[C@H](Cc2c[nH]c3ccccc23)NC(=O)[C@@H](CCCN=C(N)N)NC(=O)[C@H](CC(=O)O)NC1=O,CHEMBL438599,Binding affinity,0.98,,CHEMBL809966,In vitro binding affinity for rabbit serum albumin.
CC[C@H](C)[C@H]1NC(=O)[C@H](CCCN=C(N)N)NC(=O)[C@H]2CCCN2C(=O)[C@H](CC(N)=O)NC(=O)[C@@H](CC(=O)O)NC(=O)[C@H](NC(=O)[C@H](CC(C)C)NC(=O)[C@H](C)NC(=O)CCC(=O)NS(=O)(=O)c2ccc3ccccc3c2)CSSC[C@H](C(=O)N[C@@H](CCC(N)=O)C(=O)N[C@@H](Cc2ccccc2)C(=O)N[C@H](C(=O)N[C@@H](CCC(=O)O)C(=O)NCC(N)=O)C(C)C)NC(=O)[C@@H](Cc2ccc(O)cc2)NC(=O)[C@H](Cc2c[nH]c3ccccc23)NC(=O)[C@@H](CCCN=C(N)N)NC(=O)[C@H](CC(=O)O)NC1=O,CHEMBL438599,Binding affinity,0.97,,CHEMBL810831,In vitro binding affinity for human serum albumin.
CC(C)Cc1ccc([C@@H](C)C(=O)N[C@@H](C)C(=O)N[C@@H](CC(C)C)C(=O)N[C@@H](Cc2ccc(O)cc2)C(=O)N[C@@H](CC(=O)O)C(N)=O)cc1,CHEMBL100221,Binding affinity,0.34,,CHEMBL809966,In vitro binding affinity for rabbit serum albumin.
Cc1csc(SC2=C(C(=O)O)N3C(=O)[C@H]([C@@H](C)O)[C@H]3[C@H]2C)n1,CHEMBL1160673,Binding,93.0,%,CHEMBL809802,Binding affinity towards Human Serum albumin.
C[C@@H](O)[C@H]1C(=O)N2C(C(=O)[O-])=C(Sc3nc(-c4cc[n+](C)cc4)cs3)[C@H](C)[C@H]12,CHEMBL94095,Binding,12.0,%,CHEMBL809802,Binding affinity towards Human Serum albumin.
CCCc1csc(SC2=C(C(=O)O)N3C(=O)[C@H]([C@@H](C)O)[C@H]3[C@H]2C)n1,CHEMBL1160680,Binding,96.0,%,CHEMBL809802,Binding affinity towards Human Serum albumin.
C[C@@H](O)[C@H]1C(=O)N2C(C(=O)O)=C(Sc3nc(-c4ccc(CN)cc4)cs3)[C@H](C)[C@H]12,CHEMBL94511,Binding,87.0,%,CHEMBL809802,Binding affinity towards Human Serum albumin.
C[C@@H](O)[C@H]1C(=O)N2C(C(=O)[O-])=C(Sc3nc(-c4ccc[n+](C)c4)cs3)[C@H](C)[C@H]12,CHEMBL93766,Binding,7.8,%,CHEMBL809802,Binding affinity towards Human Serum albumin.
C[C@@H](O)[C@H]1C(=O)N2C(C(=O)O)=C(Sc3nc(-c4ccc(Cl)cc4)cs3)[C@H](C)[C@H]12,CHEMBL1160671,Binding,94.0,%,CHEMBL809802,Binding affinity towards Human Serum albumin.
Cc1ccc(-c2csc(SC3=C(C(=O)O)N4C(=O)[C@H]([C@@H](C)O)[C@H]4[C@H]3C)n2)cc1,CHEMBL1160684,Binding,94.0,%,CHEMBL809802,Binding affinity towards Human Serum albumin.
C[C@@H](O)[C@H]1C(=O)N2C(C(=O)O)=C(Sc3nc(-c4ccc(N)cc4)cs3)[C@H](C)[C@H]12,CHEMBL1160682,Binding,98.0,%,CHEMBL809802,Binding affinity towards Human Serum albumin.
C[C@@H](O)[C@H]1C(=O)N2C(C(=O)O)=C(Sc3nc(-c4ccc5ccncc5c4)cs3)[C@H](C)[C@H]12,CHEMBL1160676,Binding,99.0,%,CHEMBL809802,Binding affinity towards Human Serum albumin.
C[C@@H](O)[C@H]1C(=O)N2C(C(=O)O)=C(Sc3nccs3)[C@H](C)[C@H]12,CHEMBL1160672,Binding,69.0,%,CHEMBL809802,Binding affinity towards Human Serum albumin.
Cc1nc(SC2=C(C(=O)O)N3C(=O)[C@H]([C@@H](C)O)[C@H]3[C@H]2C)sc1C,CHEMBL1160681,Binding,75.0,%,CHEMBL809802,Binding affinity towards Human Serum albumin.
C[C@@H](O)[C@H]1C(=O)N2C(C(=O)O)=C(Sc3nc(-c4ccc(C(N)=O)cc4)cs3)[C@H](C)[C@H]12,CHEMBL1160683,Binding,99.0,%,CHEMBL809802,Binding affinity towards Human Serum albumin.
C[C@@H](O)[C@H]1C(=O)N2C(C(=O)O)=C(Sc3nc(-c4cccnc4)cs3)[C@H](C)[C@H]12,CHEMBL1160677,Binding,97.0,%,CHEMBL809802,Binding affinity towards Human Serum albumin.
C[C@@H](O)[C@H]1C(=O)N2C(C(=O)O)=C(SCCNC=N)C[C@H]12,CHEMBL148,Binding,10.0,%,CHEMBL809802,Binding affinity towards Human Serum albumin.
C[C@@H](O)[C@H]1C(=O)N2C(C(=O)O)=C(Sc3nc4ccccc4s3)[C@H](C)[C@H]12,CHEMBL1160674,Binding,94.0,%,CHEMBL809802,Binding affinity towards Human Serum albumin.
C[C@@H](O)[C@H]1C(=O)N2C(C(=O)O)=C(Sc3ncc(-c4ccccc4)s3)[C@H](C)[C@H]12,CHEMBL1160679,Binding,94.0,%,CHEMBL809802,Binding affinity towards Human Serum albumin.
C[C@@H](O)[C@H]1C(=O)N2C(C(=O)O)=C(Sc3nc(-c4ccncc4)cs3)[C@H](C)[C@H]12,CHEMBL1160678,Binding,97.0,%,CHEMBL809802,Binding affinity towards Human Serum albumin.
C[C@@H](O)[C@H]1C(=O)N2C(C(=O)[O-])=C(Sc3nc(-c4cc[n+](CC(N)=O)cc4)cs3)[C@H](C)[C@H]12,CHEMBL94522,Binding,15.0,%,CHEMBL809802,Binding affinity towards Human Serum albumin.
C[C@@H](O)[C@H]1C(=O)N2C(C(=O)O)=C(Sc3nc(-c4ccccc4)cs3)[C@H](C)[C@H]12,CHEMBL1160675,Binding,94.0,%,CHEMBL809802,Binding affinity towards Human Serum albumin.
C[C@@H](O)[C@H]1C(=O)N2C(C(=O)[O-])=C(Sc3nc(-c4ccc[n+](CC(N)=O)c4)cs3)[C@H](C)[C@H]12,CHEMBL97532,Binding,24.0,%,CHEMBL809802,Binding affinity towards Human Serum albumin.
C[C@@H](O)[C@H]1C(=O)N2C(C(=O)[O-])=C(Sc3nc(-c4ccc5cc[n+](C)cc5c4)cs3)[C@H](C)[C@H]12,CHEMBL314329,Binding,59.0,%,CHEMBL809802,Binding affinity towards Human Serum albumin.
CCCCC/C=C\C[C@@H](O)/C=C/C=C/C=C\[C@@H](O)CCCC(=O)O,CHEMBL65061,Ka,67000.0,1/M,CHEMBL826160,In vitro Ka value against human serum albumin; N=1
C[C@@H](C(=O)NS(C)(=O)=O)c1ccc(OS(=O)(=O)C(F)(F)F)cc1,CHEMBL189475,Log Ki,5.92,,CHEMBL835062,Binding affinity towards human serum albumin
C[C@@H](C(=O)NS(C)(=O)=O)c1ccc(OS(=O)(=O)C(F)(F)F)cc1,CHEMBL189475,PB,99.8,%,CHEMBL827441,Percentage plasma protein binding towards human serum albumin
CC(C)Cc1ccc([C@@H](C)C(=O)NS(C)(=O)=O)cc1,CHEMBL191413,Log Ki,6.22,,CHEMBL835062,Binding affinity towards human serum albumin
CC(C)Cc1ccc([C@@H](C)C(=O)NS(C)(=O)=O)cc1,CHEMBL191413,PB,99.9,%,CHEMBL827441,Percentage plasma protein binding towards human serum albumin
C[C@@H](C(N)=O)c1ccc(OS(=O)(=O)C(F)(F)F)cc1,CHEMBL364714,Log Ki,4.28,,CHEMBL835062,Binding affinity towards human serum albumin
C[C@@H](C(N)=O)c1ccc(OS(=O)(=O)C(F)(F)F)cc1,CHEMBL364714,PB,92.0,%,CHEMBL827441,Percentage plasma protein binding towards human serum albumin
C[C@@H](C(=O)NCCN1CCCC1)c1ccc(OS(=O)(=O)C(F)(F)F)cc1,CHEMBL190243,Log Ki,3.59,,CHEMBL835062,Binding affinity towards human serum albumin
C[C@@H](C(=O)NCCN1CCCC1)c1ccc(OS(=O)(=O)C(F)(F)F)cc1,CHEMBL190243,PB,70.0,%,CHEMBL827441,Percentage plasma protein binding towards human serum albumin
C[C@@H](C(=O)NCCCN1CCCC1)c1ccc(OS(=O)(=O)C(F)(F)F)cc1,CHEMBL364310,Log Ki,3.43,,CHEMBL835062,Binding affinity towards human serum albumin
C[C@@H](C(=O)NCCCN1CCCC1)c1ccc(OS(=O)(=O)C(F)(F)F)cc1,CHEMBL364310,PB,62.0,%,CHEMBL827441,Percentage plasma protein binding towards human serum albumin
CC(C)Cc1ccc([C@@H](C)C(=O)NCCCN2CCCCC2)cc1,CHEMBL190391,Log Ki,3.98,,CHEMBL835062,Binding affinity towards human serum albumin
CC(C)Cc1ccc([C@@H](C)C(=O)NCCCN2CCCCC2)cc1,CHEMBL190391,PB,85.1,%,CHEMBL827441,Percentage plasma protein binding towards human serum albumin
CC(C)Cc1ccc([C@@H](C)C(=O)NCCCN(C)C)cc1,CHEMBL188136,Log Ki,3.7,,CHEMBL835062,Binding affinity towards human serum albumin
CC(C)Cc1ccc([C@@H](C)C(=O)NCCCN(C)C)cc1,CHEMBL188136,PB,75.1,%,CHEMBL827441,Percentage plasma protein binding towards human serum albumin
CC(C)Cc1ccc([C@@H](C)C(=O)NCCOCCO)cc1,CHEMBL372867,Log Ki,3.91,,CHEMBL835062,Binding affinity towards human serum albumin
CC(C)Cc1ccc([C@@H](C)C(=O)NCCOCCO)cc1,CHEMBL372867,PB,83.1,%,CHEMBL827441,Percentage plasma protein binding towards human serum albumin
CC(C)Cc1ccc([C@@H](C)C(=O)N[C@H](C)C(=O)O)cc1,CHEMBL192965,Log Ki,4.6,,CHEMBL835062,Binding affinity towards human serum albumin
CC(C)Cc1ccc([C@@H](C)C(=O)N[C@H](C)C(=O)O)cc1,CHEMBL192965,PB,96.0,%,CHEMBL827441,Percentage plasma protein binding towards human serum albumin
CC(Cc1ccc([C@@H](C)C(=O)NS(C)(=O)=O)cc1)C(=O)O,CHEMBL189951,Log Ki,3.59,,CHEMBL835062,Binding affinity towards human serum albumin
CC(Cc1ccc([C@@H](C)C(=O)NS(C)(=O)=O)cc1)C(=O)O,CHEMBL189951,PB,70.2,%,CHEMBL827441,Percentage plasma protein binding towards human serum albumin
O=C(O)c1cc(-c2ccc(F)cc2F)ccc1O,CHEMBL898,Log Ki,4.77,,CHEMBL835062,Binding affinity towards human serum albumin
O=C(O)c1cc(-c2ccccc2)ccc1O,CHEMBL121772,Log Ki,5.0,,CHEMBL835062,Binding affinity towards human serum albumin
O=C(O)c1ccccc1O,CHEMBL424,Log Ki,3.77,,CHEMBL835062,Binding affinity towards human serum albumin
CC(C)c1ccc(O)c(C(=O)O)c1,CHEMBL193949,Log Ki,4.42,,CHEMBL835062,Binding affinity towards human serum albumin
CC(C)(C)c1ccc(O)c(C(=O)O)c1,CHEMBL189544,Log Ki,4.31,,CHEMBL835062,Binding affinity towards human serum albumin
O=C(O)c1cc(Cl)ccc1O,CHEMBL1375,Log Ki,4.33,,CHEMBL835062,Binding affinity towards human serum albumin
Oc1ccc(-c2ccccc2)cc1,CHEMBL73380,Log Ki,3.98,,CHEMBL835062,Binding affinity towards human serum albumin
O=C(O)c1cccc(-c2ccccc2)c1,CHEMBL123234,Log Ki,5.4,,CHEMBL835062,Binding affinity towards human serum albumin
O=C(O)c1ccc(-c2ccccc2)cc1,CHEMBL107057,Log Ki,5.3,,CHEMBL835062,Binding affinity towards human serum albumin
Nc1ccc(-c2cccc(C(=O)O)c2)cc1,CHEMBL371115,Log Ki,3.79,,CHEMBL835062,Binding affinity towards human serum albumin
Nc1cccc(-c2cccc(C(=O)O)c2)c1,CHEMBL189593,Log Ki,3.89,,CHEMBL835062,Binding affinity towards human serum albumin
NCc1ccc(-c2ccc(C(=O)O)cc2)cc1,CHEMBL189647,Log Ki,3.0,,CHEMBL835062,Binding affinity towards human serum albumin
NCc1cc(-c2ccc(C(=O)O)cc2)ccc1F,CHEMBL189321,Log Ki,3.0,,CHEMBL835062,Binding affinity towards human serum albumin
O=C(O)c1cccc(-c2cc(Cl)cc(Cl)c2)c1,CHEMBL421459,Log Ki,3.76,,CHEMBL835062,Binding affinity towards human serum albumin
O=C(O)c1cccc(-c2cc(C(F)(F)F)cc(C(F)(F)F)c2)c1,CHEMBL192949,Log Ki,3.49,,CHEMBL835062,Binding affinity towards human serum albumin
O=C(O)c1cccc(-c2ccc(Cl)cc2Cl)c1,CHEMBL192999,Log Ki,4.38,,CHEMBL835062,Binding affinity towards human serum albumin
Nc1cccc(-c2ccc(O)c(C(=O)O)c2)c1,CHEMBL193114,Log Ki,3.44,,CHEMBL835062,Binding affinity towards human serum albumin
CC(C)Cc1ccc(C(C)C(=O)O)cc1,CHEMBL521,Log Ki,5.22,,CHEMBL835062,Binding affinity towards human serum albumin
O=C(O)Cc1ccccc1Nc1c(Cl)cccc1Cl,CHEMBL139,Log Ki,5.52,,CHEMBL835062,Binding affinity towards human serum albumin
O=C(O)Cc1ccccc1Nc1c(Cl)cccc1Cl,CHEMBL139,PB,99.5,%,CHEMBL827441,Percentage plasma protein binding towards human serum albumin
CC(C(=O)O)c1ccc(-c2ccccc2)c(F)c1,CHEMBL563,Log Ki,5.52,,CHEMBL835062,Binding affinity towards human serum albumin
CC(C(=O)O)c1ccc(-c2ccccc2)c(F)c1,CHEMBL563,PB,99.5,%,CHEMBL827441,Percentage plasma protein binding towards human serum albumin
COc1ccc2c(c1)c(CC(=O)O)c(C)n2C(=O)c1ccc(Cl)cc1,CHEMBL6,Log Ki,4.18,,CHEMBL835062,Binding affinity towards human serum albumin
COc1ccc2c(c1)c(CC(=O)O)c(C)n2C(=O)c1ccc(Cl)cc1,CHEMBL6,PB,90.0,%,CHEMBL827441,Percentage plasma protein binding towards human serum albumin
COc1ccc2c(c1)CN(c1ccc(C(C)C(=O)O)cc1)C2=O,CHEMBL193998,Log Ki,4.91,,CHEMBL835062,Binding affinity towards human serum albumin
COc1ccc2c(c1)CN(c1ccc(C(C)C(=O)O)cc1)C2=O,CHEMBL193998,PB,98.0,%,CHEMBL827441,Percentage plasma protein binding towards human serum albumin
O=C(c1ccccc1)c1ccc2n1CCC2C(=O)O,CHEMBL469,Log Ki,5.32,,CHEMBL835062,Binding affinity towards human serum albumin
O=C(c1ccccc1)c1ccc2n1CCC2C(=O)O,CHEMBL469,PB,99.2,%,CHEMBL827441,Percentage plasma protein binding towards human serum albumin
CC1=C(CC(=O)O)c2cc(F)ccc2/C1=C\c1ccc([S+](C)[O-])cc1,CHEMBL15770,Log Ki,4.42,,CHEMBL835062,Binding affinity towards human serum albumin
CC1=C(CC(=O)O)c2cc(F)ccc2/C1=C\c1ccc([S+](C)[O-])cc1,CHEMBL15770,PB,94.0,%,CHEMBL827441,Percentage plasma protein binding towards human serum albumin
Cc1ccc(C(=O)c2ccc(CC(=O)O)n2C)cc1,CHEMBL1020,Log Ki,5.62,,CHEMBL835062,Binding affinity towards human serum albumin
Cc1ccc(C(=O)c2ccc(CC(=O)O)n2C)cc1,CHEMBL1020,PB,99.6,%,CHEMBL827441,Percentage plasma protein binding towards human serum albumin
Cc1cc(CC(=O)O)n(C)c1C(=O)c1ccc(Cl)cc1,CHEMBL19490,Log Ki,5.04,,CHEMBL835062,Binding affinity towards human serum albumin
Cc1cc(CC(=O)O)n(C)c1C(=O)c1ccc(Cl)cc1,CHEMBL19490,PB,98.5,%,CHEMBL827441,Percentage plasma protein binding towards human serum albumin
CCCNC(=O)NS(=O)(=O)c1ccc(Cl)cc1,CHEMBL498,Log Ki,4.6,,CHEMBL835062,Binding affinity towards human serum albumin
CCCNC(=O)NS(=O)(=O)c1ccc(Cl)cc1,CHEMBL498,PB,96.0,%,CHEMBL827441,Percentage plasma protein binding towards human serum albumin
NS(=O)(=O)c1cc(C(=O)O)c(NCc2ccco2)cc1Cl,CHEMBL35,Log Ki,5.14,,CHEMBL835062,Binding affinity towards human serum albumin
NS(=O)(=O)c1cc(C(=O)O)c(NCc2ccco2)cc1Cl,CHEMBL35,PB,98.8,%,CHEMBL827441,Percentage plasma protein binding towards human serum albumin
NS(=O)(=O)c1cc2c(cc1Cl)NCNS2(=O)=O,CHEMBL435,Log Ki,3.36,,CHEMBL835062,Binding affinity towards human serum albumin
NS(=O)(=O)c1cc2c(cc1Cl)NCNS2(=O)=O,CHEMBL435,PB,58.0,%,CHEMBL827441,Percentage plasma protein binding towards human serum albumin
CS(=O)(=O)Nc1ccc([N+](=O)[O-])cc1Oc1ccccc1,CHEMBL56367,Log Ki,4.18,,CHEMBL835062,Binding affinity towards human serum albumin
CS(=O)(=O)Nc1ccc([N+](=O)[O-])cc1Oc1ccccc1,CHEMBL56367,PB,90.0,%,CHEMBL827441,Percentage plasma protein binding towards human serum albumin
CC(C)NCC(O)c1ccc(NS(C)(=O)=O)cc1,CHEMBL471,Log Ki,2.55,,CHEMBL835062,Binding affinity towards human serum albumin
CC(C)NCC(O)c1ccc(NS(C)(=O)=O)cc1,CHEMBL471,PB,17.5,%,CHEMBL827441,Percentage plasma protein binding towards human serum albumin
Cc1ccc(S(=O)(=O)NC(=O)NN2CCCCCC2)cc1,CHEMBL817,Log Ki,4.73,,CHEMBL835062,Binding affinity towards human serum albumin
Cc1ccc(S(=O)(=O)NC(=O)NN2CCCCCC2)cc1,CHEMBL817,PB,97.0,%,CHEMBL827441,Percentage plasma protein binding towards human serum albumin
CC(C)CN(C[C@@H](O)[C@H](Cc1ccccc1)NC(=O)O[C@H]1CCOC1)S(=O)(=O)c1ccc(N)cc1,CHEMBL116,Kon1,22.1,1/mM.s,CHEMBL826906,Association rate constant for the interaction between the compound and serum albumin
CC(C)CN(C[C@@H](O)[C@H](Cc1ccccc1)NC(=O)O[C@H]1CCOC1)S(=O)(=O)c1ccc(N)cc1,CHEMBL116,Kon2,208.0,1/Ms,CHEMBL826907,Association rate constant for the interaction between the compound and serum albumin
CC(C)CN(C[C@@H](O)[C@H](Cc1ccccc1)NC(=O)O[C@H]1CCOC1)S(=O)(=O)c1ccc(N)cc1,CHEMBL116,Koff1,2.75,s-1,CHEMBL828649,Dissociation rate constant for the interaction between the compound and serum albumin
CC(C)CN(C[C@@H](O)[C@H](Cc1ccccc1)NC(=O)O[C@H]1CCOC1)S(=O)(=O)c1ccc(N)cc1,CHEMBL116,Koff2,0.068,s-1,CHEMBL828650,Dissociation rate constant for the interaction between the compound and serum albumin
CC(C)CN(C[C@@H](O)[C@H](Cc1ccccc1)NC(=O)O[C@H]1CCOC1)S(=O)(=O)c1ccc(N)cc1,CHEMBL116,KD1,124.0,uM,CHEMBL828328,Equilibrium dissociation constant for the interaction between the compound and serum albumin
CC(C)CN(C[C@@H](O)[C@H](Cc1ccccc1)NC(=O)O[C@H]1CCOC1)S(=O)(=O)c1ccc(N)cc1,CHEMBL116,KD2,328.0,uM,CHEMBL828329,Equilibrium dissociation constant for the interaction between the compound and serum albumin
COC(=O)N[C@H](C(=O)N[C@@H](Cc1ccccc1)[C@@H](O)CN(Cc1ccc(-c2ccccn2)cc1)NC(=O)[C@@H](NC(=O)OC)C(C)(C)C)C(C)(C)C,CHEMBL1163,Kon1,9.6,1/mM.s,CHEMBL826906,Association rate constant for the interaction between the compound and serum albumin
COC(=O)N[C@H](C(=O)N[C@@H](Cc1ccccc1)[C@@H](O)CN(Cc1ccc(-c2ccccn2)cc1)NC(=O)[C@@H](NC(=O)OC)C(C)(C)C)C(C)(C)C,CHEMBL1163,Kon2,41.8,1/Ms,CHEMBL826907,Association rate constant for the interaction between the compound and serum albumin
COC(=O)N[C@H](C(=O)N[C@@H](Cc1ccccc1)[C@@H](O)CN(Cc1ccc(-c2ccccn2)cc1)NC(=O)[C@@H](NC(=O)OC)C(C)(C)C)C(C)(C)C,CHEMBL1163,Koff1,1.43,s-1,CHEMBL828649,Dissociation rate constant for the interaction between the compound and serum albumin
COC(=O)N[C@H](C(=O)N[C@@H](Cc1ccccc1)[C@@H](O)CN(Cc1ccc(-c2ccccn2)cc1)NC(=O)[C@@H](NC(=O)OC)C(C)(C)C)C(C)(C)C,CHEMBL1163,Koff2,0.025,s-1,CHEMBL828650,Dissociation rate constant for the interaction between the compound and serum albumin
COC(=O)N[C@H](C(=O)N[C@@H](Cc1ccccc1)[C@@H](O)CN(Cc1ccc(-c2ccccn2)cc1)NC(=O)[C@@H](NC(=O)OC)C(C)(C)C)C(C)(C)C,CHEMBL1163,KD1,149.0,uM,CHEMBL828328,Equilibrium dissociation constant for the interaction between the compound and serum albumin
COC(=O)N[C@H](C(=O)N[C@@H](Cc1ccccc1)[C@@H](O)CN(Cc1ccc(-c2ccccn2)cc1)NC(=O)[C@@H](NC(=O)OC)C(C)(C)C)C(C)(C)C,CHEMBL1163,KD2,599.0,uM,CHEMBL828329,Equilibrium dissociation constant for the interaction between the compound and serum albumin
CC(C)(C)NC(=O)[C@@H]1C[C@@H]2CCCC[C@@H]2CN1C[C@@H](O)[C@H](Cc1ccccc1)NC(=O)[C@H](CC(N)=O)NC(=O)c1ccc2ccccc2n1,CHEMBL114,Kon1,25.0,1/mM.s,CHEMBL826906,Association rate constant for the interaction between the compound and serum albumin
CC(C)(C)NC(=O)[C@@H]1C[C@@H]2CCCC[C@@H]2CN1C[C@@H](O)[C@H](Cc1ccccc1)NC(=O)[C@H](CC(N)=O)NC(=O)c1ccc2ccccc2n1,CHEMBL114,Kon2,282.0,1/Ms,CHEMBL826907,Association rate constant for the interaction between the compound and serum albumin
CC(C)(C)NC(=O)[C@@H]1C[C@@H]2CCCC[C@@H]2CN1C[C@@H](O)[C@H](Cc1ccccc1)NC(=O)[C@H](CC(N)=O)NC(=O)c1ccc2ccccc2n1,CHEMBL114,Koff1,0.856,s-1,CHEMBL828649,Dissociation rate constant for the interaction between the compound and serum albumin
CC(C)(C)NC(=O)[C@@H]1C[C@@H]2CCCC[C@@H]2CN1C[C@@H](O)[C@H](Cc1ccccc1)NC(=O)[C@H](CC(N)=O)NC(=O)c1ccc2ccccc2n1,CHEMBL114,Koff2,0.085,s-1,CHEMBL828650,Dissociation rate constant for the interaction between the compound and serum albumin
CC(C)(C)NC(=O)[C@@H]1C[C@@H]2CCCC[C@@H]2CN1C[C@@H](O)[C@H](Cc1ccccc1)NC(=O)[C@H](CC(N)=O)NC(=O)c1ccc2ccccc2n1,CHEMBL114,KD1,34.0,uM,CHEMBL828328,Equilibrium dissociation constant for the interaction between the compound and serum albumin
CC(C)(C)NC(=O)[C@@H]1C[C@@H]2CCCC[C@@H]2CN1C[C@@H](O)[C@H](Cc1ccccc1)NC(=O)[C@H](CC(N)=O)NC(=O)c1ccc2ccccc2n1,CHEMBL114,KD2,301.0,uM,CHEMBL828329,Equilibrium dissociation constant for the interaction between the compound and serum albumin
CC(C)(C)NC(=O)[C@@H]1CN(Cc2cccnc2)CCN1C[C@@H](O)C[C@@H](Cc1ccccc1)C(=O)N[C@H]1c2ccccc2C[C@H]1O.O,CHEMBL5483011,Kon1,2.5,1/mM.s,CHEMBL826906,Association rate constant for the interaction between the compound and serum albumin
CC(C)(C)NC(=O)[C@@H]1CN(Cc2cccnc2)CCN1C[C@@H](O)C[C@@H](Cc1ccccc1)C(=O)N[C@H]1c2ccccc2C[C@H]1O.O,CHEMBL5483011,Kon2,21.2,1/Ms,CHEMBL826907,Association rate constant for the interaction between the compound and serum albumin
CC(C)(C)NC(=O)[C@@H]1CN(Cc2cccnc2)CCN1C[C@@H](O)C[C@@H](Cc1ccccc1)C(=O)N[C@H]1c2ccccc2C[C@H]1O.O,CHEMBL5483011,Koff1,1.23,s-1,CHEMBL828649,Dissociation rate constant for the interaction between the compound and serum albumin
CC(C)(C)NC(=O)[C@@H]1CN(Cc2cccnc2)CCN1C[C@@H](O)C[C@@H](Cc1ccccc1)C(=O)N[C@H]1c2ccccc2C[C@H]1O.O,CHEMBL5483011,Koff2,0.011,s-1,CHEMBL828650,Dissociation rate constant for the interaction between the compound and serum albumin
CC(C)(C)NC(=O)[C@@H]1CN(Cc2cccnc2)CCN1C[C@@H](O)C[C@@H](Cc1ccccc1)C(=O)N[C@H]1c2ccccc2C[C@H]1O.O,CHEMBL5483011,KD1,495.0,uM,CHEMBL828328,Equilibrium dissociation constant for the interaction between the compound and serum albumin
CC(C)(C)NC(=O)[C@@H]1CN(Cc2cccnc2)CCN1C[C@@H](O)C[C@@H](Cc1ccccc1)C(=O)N[C@H]1c2ccccc2C[C@H]1O.O,CHEMBL5483011,KD2,559.0,uM,CHEMBL828329,Equilibrium dissociation constant for the interaction between the compound and serum albumin
CC(C)c1nc(CN(C)C(=O)N[C@H](C(=O)N[C@@H](Cc2ccccc2)C[C@H](O)[C@H](Cc2ccccc2)NC(=O)OCc2cncs2)C(C)C)cs1,CHEMBL163,Kon1,7.3,1/mM.s,CHEMBL826906,Association rate constant for the interaction between the compound and serum albumin
CC(C)c1nc(CN(C)C(=O)N[C@H](C(=O)N[C@@H](Cc2ccccc2)C[C@H](O)[C@H](Cc2ccccc2)NC(=O)OCc2cncs2)C(C)C)cs1,CHEMBL163,Kon2,347.0,1/Ms,CHEMBL826907,Association rate constant for the interaction between the compound and serum albumin
CC(C)c1nc(CN(C)C(=O)N[C@H](C(=O)N[C@@H](Cc2ccccc2)C[C@H](O)[C@H](Cc2ccccc2)NC(=O)OCc2cncs2)C(C)C)cs1,CHEMBL163,Koff1,0.466,s-1,CHEMBL828649,Dissociation rate constant for the interaction between the compound and serum albumin
CC(C)c1nc(CN(C)C(=O)N[C@H](C(=O)N[C@@H](Cc2ccccc2)C[C@H](O)[C@H](Cc2ccccc2)NC(=O)OCc2cncs2)C(C)C)cs1,CHEMBL163,Koff2,0.065,s-1,CHEMBL828650,Dissociation rate constant for the interaction between the compound and serum albumin
CC(C)c1nc(CN(C)C(=O)N[C@H](C(=O)N[C@@H](Cc2ccccc2)C[C@H](O)[C@H](Cc2ccccc2)NC(=O)OCc2cncs2)C(C)C)cs1,CHEMBL163,KD1,64.0,uM,CHEMBL828328,Equilibrium dissociation constant for the interaction between the compound and serum albumin
CC(C)c1nc(CN(C)C(=O)N[C@H](C(=O)N[C@@H](Cc2ccccc2)C[C@H](O)[C@H](Cc2ccccc2)NC(=O)OCc2cncs2)C(C)C)cs1,CHEMBL163,KD2,189.0,uM,CHEMBL828329,Equilibrium dissociation constant for the interaction between the compound and serum albumin
Cc1cccc(C)c1OCC(=O)N[C@@H](Cc1ccccc1)[C@@H](O)C[C@H](Cc1ccccc1)NC(=O)[C@H](C(C)C)N1CCCNC1=O,CHEMBL729,Kon1,25.9,1/mM.s,CHEMBL826906,Association rate constant for the interaction between the compound and serum albumin
Cc1cccc(C)c1OCC(=O)N[C@@H](Cc1ccccc1)[C@@H](O)C[C@H](Cc1ccccc1)NC(=O)[C@H](C(C)C)N1CCCNC1=O,CHEMBL729,Kon2,10.1,1/Ms,CHEMBL826907,Association rate constant for the interaction between the compound and serum albumin
Cc1cccc(C)c1OCC(=O)N[C@@H](Cc1ccccc1)[C@@H](O)C[C@H](Cc1ccccc1)NC(=O)[C@H](C(C)C)N1CCCNC1=O,CHEMBL729,Koff1,0.619,s-1,CHEMBL828649,Dissociation rate constant for the interaction between the compound and serum albumin
Cc1cccc(C)c1OCC(=O)N[C@@H](Cc1ccccc1)[C@@H](O)C[C@H](Cc1ccccc1)NC(=O)[C@H](C(C)C)N1CCCNC1=O,CHEMBL729,Koff2,0.0,s-1,CHEMBL828650,Dissociation rate constant for the interaction between the compound and serum albumin
Cc1cccc(C)c1OCC(=O)N[C@@H](Cc1ccccc1)[C@@H](O)C[C@H](Cc1ccccc1)NC(=O)[C@H](C(C)C)N1CCCNC1=O,CHEMBL729,KD1,24.0,uM,CHEMBL828328,Equilibrium dissociation constant for the interaction between the compound and serum albumin
Cc1cccc(C)c1OCC(=O)N[C@@H](Cc1ccccc1)[C@@H](O)C[C@H](Cc1ccccc1)NC(=O)[C@H](C(C)C)N1CCCNC1=O,CHEMBL729,KD2,6.0,uM,CHEMBL828329,Equilibrium dissociation constant for the interaction between the compound and serum albumin
Cc1c(O)cccc1C(=O)N[C@@H](CSc1ccccc1)[C@H](O)CN1C[C@H]2CCCC[C@H]2C[C@H]1C(=O)NC(C)(C)C,CHEMBL584,Kon1,1.8,1/mM.s,CHEMBL826906,Association rate constant for the interaction between the compound and serum albumin
Cc1c(O)cccc1C(=O)N[C@@H](CSc1ccccc1)[C@H](O)CN1C[C@H]2CCCC[C@H]2C[C@H]1C(=O)NC(C)(C)C,CHEMBL584,Kon2,12.6,1/Ms,CHEMBL826907,Association rate constant for the interaction between the compound and serum albumin
Cc1c(O)cccc1C(=O)N[C@@H](CSc1ccccc1)[C@H](O)CN1C[C@H]2CCCC[C@H]2C[C@H]1C(=O)NC(C)(C)C,CHEMBL584,Koff1,0.413,s-1,CHEMBL828649,Dissociation rate constant for the interaction between the compound and serum albumin
Cc1c(O)cccc1C(=O)N[C@@H](CSc1ccccc1)[C@H](O)CN1C[C@H]2CCCC[C@H]2C[C@H]1C(=O)NC(C)(C)C,CHEMBL584,Koff2,0.0,s-1,CHEMBL828650,Dissociation rate constant for the interaction between the compound and serum albumin
Cc1c(O)cccc1C(=O)N[C@@H](CSc1ccccc1)[C@H](O)CN1C[C@H]2CCCC[C@H]2C[C@H]1C(=O)NC(C)(C)C,CHEMBL584,KD1,230.0,uM,CHEMBL828328,Equilibrium dissociation constant for the interaction between the compound and serum albumin
Cc1c(O)cccc1C(=O)N[C@@H](CSc1ccccc1)[C@H](O)CN1C[C@H]2CCCC[C@H]2C[C@H]1C(=O)NC(C)(C)C,CHEMBL584,KD2,6.0,uM,CHEMBL828329,Equilibrium dissociation constant for the interaction between the compound and serum albumin
CC(=O)O[C@H]1C(=O)[C@@]2(C)C([C@H](OC(=O)c3ccccc3)[C@]3(O)C[C@H](OC(=O)[C@H](O)[C@@H](NC(=O)c4ccccc4)c4ccccc4)C(C)=C1C3(C)C)[C@]1(OC(C)=O)CO[C@@H]1C[C@@H]2OC(=O)CCC(=O)O,CHEMBL218618,Kon1,7.3,1/mM.s,CHEMBL826906,Association rate constant for the interaction between the compound and serum albumin
CC(=O)O[C@H]1C(=O)[C@@]2(C)C([C@H](OC(=O)c3ccccc3)[C@]3(O)C[C@H](OC(=O)[C@H](O)[C@@H](NC(=O)c4ccccc4)c4ccccc4)C(C)=C1C3(C)C)[C@]1(OC(C)=O)CO[C@@H]1C[C@@H]2OC(=O)CCC(=O)O,CHEMBL218618,Kon2,36.4,1/Ms,CHEMBL826907,Association rate constant for the interaction between the compound and serum albumin
CC(=O)O[C@H]1C(=O)[C@@]2(C)C([C@H](OC(=O)c3ccccc3)[C@]3(O)C[C@H](OC(=O)[C@H](O)[C@@H](NC(=O)c4ccccc4)c4ccccc4)C(C)=C1C3(C)C)[C@]1(OC(C)=O)CO[C@@H]1C[C@@H]2OC(=O)CCC(=O)O,CHEMBL218618,Koff1,1.183,s-1,CHEMBL828649,Dissociation rate constant for the interaction between the compound and serum albumin
CC(=O)O[C@H]1C(=O)[C@@]2(C)C([C@H](OC(=O)c3ccccc3)[C@]3(O)C[C@H](OC(=O)[C@H](O)[C@@H](NC(=O)c4ccccc4)c4ccccc4)C(C)=C1C3(C)C)[C@]1(OC(C)=O)CO[C@@H]1C[C@@H]2OC(=O)CCC(=O)O,CHEMBL218618,Koff2,0.033,s-1,CHEMBL828650,Dissociation rate constant for the interaction between the compound and serum albumin
CC(=O)O[C@H]1C(=O)[C@@]2(C)C([C@H](OC(=O)c3ccccc3)[C@]3(O)C[C@H](OC(=O)[C@H](O)[C@@H](NC(=O)c4ccccc4)c4ccccc4)C(C)=C1C3(C)C)[C@]1(OC(C)=O)CO[C@@H]1C[C@@H]2OC(=O)CCC(=O)O,CHEMBL218618,KD1,192.0,uM,CHEMBL828328,Equilibrium dissociation constant for the interaction between the compound and serum albumin
CC(=O)O[C@H]1C(=O)[C@@]2(C)C([C@H](OC(=O)c3ccccc3)[C@]3(O)C[C@H](OC(=O)[C@H](O)[C@@H](NC(=O)c4ccccc4)c4ccccc4)C(C)=C1C3(C)C)[C@]1(OC(C)=O)CO[C@@H]1C[C@@H]2OC(=O)CCC(=O)O,CHEMBL218618,KD2,1171.0,uM,CHEMBL828329,Equilibrium dissociation constant for the interaction between the compound and serum albumin
CC(=O)O[C@@]1(C2/C(C)=C(/O)C(=O)C3=C(C)[C@@H](OC(=O)[C@H](O)[C@H](CC(C)C)NC(=O)OC(C)(C)C)C[C@@](O)([C@H]2OC(=O)c2ccccc2)C3(C)C)CO[C@@H]1CCO,CHEMBL194556,Kon1,5.9,1/mM.s,CHEMBL826906,Association rate constant for the interaction between the compound and serum albumin
CC(=O)O[C@@]1(C2/C(C)=C(/O)C(=O)C3=C(C)[C@@H](OC(=O)[C@H](O)[C@H](CC(C)C)NC(=O)OC(C)(C)C)C[C@@](O)([C@H]2OC(=O)c2ccccc2)C3(C)C)CO[C@@H]1CCO,CHEMBL194556,Kon2,33.1,1/Ms,CHEMBL826907,Association rate constant for the interaction between the compound and serum albumin
CC(=O)O[C@@]1(C2/C(C)=C(/O)C(=O)C3=C(C)[C@@H](OC(=O)[C@H](O)[C@H](CC(C)C)NC(=O)OC(C)(C)C)C[C@@](O)([C@H]2OC(=O)c2ccccc2)C3(C)C)CO[C@@H]1CCO,CHEMBL194556,Koff1,1.875,s-1,CHEMBL828649,Dissociation rate constant for the interaction between the compound and serum albumin
CC(=O)O[C@@]1(C2/C(C)=C(/O)C(=O)C3=C(C)[C@@H](OC(=O)[C@H](O)[C@H](CC(C)C)NC(=O)OC(C)(C)C)C[C@@](O)([C@H]2OC(=O)c2ccccc2)C3(C)C)CO[C@@H]1CCO,CHEMBL194556,Koff2,0.045,s-1,CHEMBL828650,Dissociation rate constant for the interaction between the compound and serum albumin
CC(=O)O[C@@]1(C2/C(C)=C(/O)C(=O)C3=C(C)[C@@H](OC(=O)[C@H](O)[C@H](CC(C)C)NC(=O)OC(C)(C)C)C[C@@](O)([C@H]2OC(=O)c2ccccc2)C3(C)C)CO[C@@H]1CCO,CHEMBL194556,KD1,319.0,uM,CHEMBL828328,Equilibrium dissociation constant for the interaction between the compound and serum albumin
CC(=O)O[C@@]1(C2/C(C)=C(/O)C(=O)C3=C(C)[C@@H](OC(=O)[C@H](O)[C@H](CC(C)C)NC(=O)OC(C)(C)C)C[C@@](O)([C@H]2OC(=O)c2ccccc2)C3(C)C)CO[C@@H]1CCO,CHEMBL194556,KD2,1825.0,uM,CHEMBL828329,Equilibrium dissociation constant for the interaction between the compound and serum albumin
CC(=O)O[C@@]12CO[C@@H]1C[C@H](O)[C@@]1(C)C(=O)[C@H](O)C3=C(C)[C@@H](OC(=O)[C@H](O)[C@@H](NC(=O)OC(C)(C)C)c4ccccc4)C[C@@](O)([C@@H](OC(=O)c4ccccc4)[C@H]21)C3(C)C.O.O.O,CHEMBL3545252,Kon1,7.7,1/mM.s,CHEMBL826906,Association rate constant for the interaction between the compound and serum albumin
CC(=O)O[C@@]12CO[C@@H]1C[C@H](O)[C@@]1(C)C(=O)[C@H](O)C3=C(C)[C@@H](OC(=O)[C@H](O)[C@@H](NC(=O)OC(C)(C)C)c4ccccc4)C[C@@](O)([C@@H](OC(=O)c4ccccc4)[C@H]21)C3(C)C.O.O.O,CHEMBL3545252,Kon2,43.7,1/Ms,CHEMBL826907,Association rate constant for the interaction between the compound and serum albumin
CC(=O)O[C@@]12CO[C@@H]1C[C@H](O)[C@@]1(C)C(=O)[C@H](O)C3=C(C)[C@@H](OC(=O)[C@H](O)[C@@H](NC(=O)OC(C)(C)C)c4ccccc4)C[C@@](O)([C@@H](OC(=O)c4ccccc4)[C@H]21)C3(C)C.O.O.O,CHEMBL3545252,Koff1,1.505,s-1,CHEMBL828649,Dissociation rate constant for the interaction between the compound and serum albumin
CC(=O)O[C@@]12CO[C@@H]1C[C@H](O)[C@@]1(C)C(=O)[C@H](O)C3=C(C)[C@@H](OC(=O)[C@H](O)[C@@H](NC(=O)OC(C)(C)C)c4ccccc4)C[C@@](O)([C@@H](OC(=O)c4ccccc4)[C@H]21)C3(C)C.O.O.O,CHEMBL3545252,Koff2,0.069,s-1,CHEMBL828650,Dissociation rate constant for the interaction between the compound and serum albumin
CC(=O)O[C@@]12CO[C@@H]1C[C@H](O)[C@@]1(C)C(=O)[C@H](O)C3=C(C)[C@@H](OC(=O)[C@H](O)[C@@H](NC(=O)OC(C)(C)C)c4ccccc4)C[C@@](O)([C@@H](OC(=O)c4ccccc4)[C@H]21)C3(C)C.O.O.O,CHEMBL3545252,KD1,199.0,uM,CHEMBL828328,Equilibrium dissociation constant for the interaction between the compound and serum albumin
CC(=O)O[C@@]12CO[C@@H]1C[C@H](O)[C@@]1(C)C(=O)[C@H](O)C3=C(C)[C@@H](OC(=O)[C@H](O)[C@@H](NC(=O)OC(C)(C)C)c4ccccc4)C[C@@](O)([C@@H](OC(=O)c4ccccc4)[C@H]21)C3(C)C.O.O.O,CHEMBL3545252,KD2,2114.0,uM,CHEMBL828329,Equilibrium dissociation constant for the interaction between the compound and serum albumin
CN(C)CC[C@H](CSc1ccccc1)Nc1ccc(S(=O)(=O)NC(=O)c2ccc(N3CCC(C)(C)CC3)cc2)cc1[N+](=O)[O-],CHEMBL192571,Kd,13.6,uM,CHEMBL862207,Binding affinity for human serum albumin domain III
COc1cc(CCCN2CCOCC2)ccc1-c1ccc(C(=O)NS(=O)(=O)c2ccc(N[C@H](CCN(C)C)CSc3ccccc3)c([N+](=O)[O-])c2)cc1,CHEMBL202798,Kd,94.0,uM,CHEMBL862207,Binding affinity for human serum albumin domain III
CN1C(=O)CN=C(c2ccccc2)c2cc(Cl)ccc21,CHEMBL12,Activity,8.0,uM,CHEMBL905137,Binding affinity to 15 uM human serum albumin at 15 uM
O=C1CN=C(c2ccccc2)c2cc(Cl)ccc2N1,CHEMBL523,Activity,17.0,uM,CHEMBL905139,Binding affinity to 30 uM human serum albumin at 30 uM
CC1(C)N=C(c2ccccc2)c2cc(Cl)ccc2NC1=O,CHEMBL229118,Activity,13.0,uM,CHEMBL905139,Binding affinity to 30 uM human serum albumin at 30 uM
CN1C(=O)C(C)(C)N=C(c2ccccc2)c2cc(Cl)ccc21,CHEMBL387720,Activity,17.0,uM,CHEMBL905139,Binding affinity to 30 uM human serum albumin at 30 uM
O=C(O)Cc1c[nH]c2ccccc12,CHEMBL82411,logKA,0.102,,CHEMBL894775,Binding affinity to human serum albumin
O=C(O)Cc1c[nH]c2ncccc12,CHEMBL394372,logKA,-0.314,,CHEMBL894775,Binding affinity to human serum albumin
Cn1cc(CC(=O)O)c2ccccc21,CHEMBL85031,logKA,0.243,,CHEMBL894775,Binding affinity to human serum albumin
CCOC(=O)Cc1c[nH]c2ccccc12,CHEMBL232508,logKA,0.292,,CHEMBL894775,Binding affinity to human serum albumin
COc1ccc2[nH]c(C)c(CC(=O)O)c2c1,CHEMBL1058,logKA,0.228,,CHEMBL894775,Binding affinity to human serum albumin
O=C(O)Cc1c[nH]c2ccc(OCc3ccccc3)cc12,CHEMBL314108,logKA,1.186,,CHEMBL894775,Binding affinity to human serum albumin
O=C(O)Cc1c[nH]c2c(Cl)c(Cl)ccc12,CHEMBL437959,logKA,1.09,,CHEMBL894775,Binding affinity to human serum albumin
O=C(O)Cc1c[nH]c2c(Cl)cc(Cl)cc12,CHEMBL232507,logKA,0.983,,CHEMBL894775,Binding affinity to human serum albumin
O=C(O)Cc1c[nH]c2cc(Cl)c(Cl)cc12,CHEMBL393432,logKA,1.436,,CHEMBL894775,Binding affinity to human serum albumin
O=C(O)Cc1c[nH]c2c(Cl)ccc(Cl)c12,CHEMBL233102,logKA,0.84,,CHEMBL894775,Binding affinity to human serum albumin
O=C(O)Cc1c[nH]c2cc(Cl)cc(Cl)c12,CHEMBL82677,logKA,1.082,,CHEMBL894775,Binding affinity to human serum albumin
O=C(O)Cc1c[nH]c2ccc(Cl)c(Cl)c12,CHEMBL232894,logKA,0.799,,CHEMBL894775,Binding affinity to human serum albumin
O=C(O)Cc1c[nH]c2c(Cl)cccc12,CHEMBL312128,logKA,0.623,,CHEMBL894775,Binding affinity to human serum albumin
O=C(O)Cc1c[nH]c2c(F)cccc12,CHEMBL393431,logKA,0.247,,CHEMBL894775,Binding affinity to human serum albumin
Cc1cccc2c(CC(=O)O)c[nH]c12,CHEMBL232893,logKA,0.288,,CHEMBL894775,Binding affinity to human serum albumin
O=C(O)Cc1c[nH]c2cc(Cl)ccc12,CHEMBL85570,logKA,0.863,,CHEMBL894775,Binding affinity to human serum albumin
O=C(O)Cc1c[nH]c2cc(F)ccc12,CHEMBL82397,logKA,0.308,,CHEMBL894775,Binding affinity to human serum albumin
CCc1ccc2c(CC(=O)O)c[nH]c2c1,CHEMBL393230,logKA,1.044,,CHEMBL894775,Binding affinity to human serum albumin
Cc1ccc2c(CC(=O)O)c[nH]c2c1,CHEMBL232892,logKA,0.689,,CHEMBL894775,Binding affinity to human serum albumin
O=C(O)Cc1c[nH]c2ccc(O)cc12,CHEMBL395915,logKA,-0.125,,CHEMBL894775,Binding affinity to human serum albumin
COc1ccc2[nH]cc(CC(=O)O)c2c1,CHEMBL85433,logKA,0.185,,CHEMBL894775,Binding affinity to human serum albumin
O=C(O)Cc1c[nH]c2ccc(Br)cc12,CHEMBL82440,logKA,0.808,,CHEMBL894775,Binding affinity to human serum albumin
O=C(O)Cc1c[nH]c2ccc(Cl)cc12,CHEMBL310297,logKA,0.646,,CHEMBL894775,Binding affinity to human serum albumin
O=C(O)Cc1c[nH]c2ccc(F)cc12,CHEMBL82870,logKA,0.261,,CHEMBL894775,Binding affinity to human serum albumin
CCCCc1ccc2[nH]cc(CC(=O)O)c2c1,CHEMBL443061,logKA,1.05,,CHEMBL894775,Binding affinity to human serum albumin
CCCc1ccc2[nH]cc(CC(=O)O)c2c1,CHEMBL232891,logKA,0.809,,CHEMBL894775,Binding affinity to human serum albumin
CCc1ccc2[nH]cc(CC(=O)O)c2c1,CHEMBL397348,logKA,0.49,,CHEMBL894775,Binding affinity to human serum albumin
Cc1ccc2[nH]cc(CC(=O)O)c2c1,CHEMBL81944,logKA,0.217,,CHEMBL894775,Binding affinity to human serum albumin
O=C(O)Cc1c[nH]c2cccc(Cl)c12,CHEMBL309993,logKA,0.458,,CHEMBL894775,Binding affinity to human serum albumin
O=C(O)Cc1c[nH]c2cccc(F)c12,CHEMBL85725,logKA,0.305,,CHEMBL894775,Binding affinity to human serum albumin
CCc1cccc2[nH]cc(CC(=O)O)c12,CHEMBL397139,logKA,0.393,,CHEMBL894775,Binding affinity to human serum albumin
Cc1cccc2[nH]cc(CC(=O)O)c12,CHEMBL232499,logKA,0.155,,CHEMBL894775,Binding affinity to human serum albumin
CCCc1[nH]c2ccccc2c1CC(=O)O,CHEMBL397138,logKA,0.15,,CHEMBL894775,Binding affinity to human serum albumin
CCc1[nH]c2ccccc2c1CC(=O)O,CHEMBL232497,logKA,0.031,,CHEMBL894775,Binding affinity to human serum albumin
Cc1[nH]c2ccccc2c1CC(=O)O,CHEMBL312858,logKA,-0.04,,CHEMBL894775,Binding affinity to human serum albumin
COCCOCCCSc1ccc(C(=O)Nc2ccc(C#N)cc2C(=O)O)cn1,CHEMBL233625,Kd,0.7,uM,CHEMBL893823,Binding affinity to human serum albumin
C[C@@H]1CCCN1CCCOc1ccc(N2CCN(C(=O)c3ccc(F)cc3F)CC2=O)cc1.O=CO,CHEMBL239299,Activity,36.0,%,CHEMBL903109,Binding affinity human serum albumin
Cn1c(/C=C/c2ccc(C#N)cc2C(=O)O)cc2ccccc21,CHEMBL249022,Kd,0.39003,uM,CHEMBL907517,Binding affinity at human serum albumin
CCCCC1C(=O)N(c2ccccc2)N(c2ccccc2)C1=O,CHEMBL101,Activity,10.0,%,CHEMBL907518,Displacement of fluorescent 5-Cyano-2-[(E)-2-(1-methyl-1H-indol-2-yl)-vinyl]-benzoic acid from human serum albumin
CC(C)Cc1ccc(C(C)C(=O)O)cc1,CHEMBL521,Activity,75.0,%,CHEMBL907518,Displacement of fluorescent 5-Cyano-2-[(E)-2-(1-methyl-1H-indol-2-yl)-vinyl]-benzoic acid from human serum albumin
Cn1c(/C=C/c2ccc(C#N)cc2C(=O)O)cc2ccccc21,CHEMBL249022,Activity,15.0,uM,CHEMBL907521,Binding affinity at human serum albumin by isothermal titrating calorimetry
O=C(Nc1ccccc1C(=O)O)c1cccc(S(=O)(=O)N2CCOCC2)c1,CHEMBL249879,Kd,6.0,uM,CHEMBL941734,Displacement of fluorescent dansyl sarcosine from human serum albumin site II on subdomain IIIA
O=C(Nc1ccc([N+](=O)[O-])cc1C(=O)O)c1cccc(S(=O)(=O)N2CCOCC2)c1,CHEMBL395703,Kd,4.4,uM,CHEMBL941734,Displacement of fluorescent dansyl sarcosine from human serum albumin site II on subdomain IIIA
O=C(Nc1ccc(Br)cc1C(=O)O)c1cccc(S(=O)(=O)N2CCOCC2)c1,CHEMBL247795,Kd,4.8,uM,CHEMBL941734,Displacement of fluorescent dansyl sarcosine from human serum albumin site II on subdomain IIIA
O=C(Nc1ccc(Cl)cc1C(=O)O)c1cccc(S(=O)(=O)N2CCOCC2)c1,CHEMBL247794,Kd,6.5,uM,CHEMBL941734,Displacement of fluorescent dansyl sarcosine from human serum albumin site II on subdomain IIIA
O=C(Nc1ccc(F)cc1C(=O)O)c1cccc(S(=O)(=O)N2CCOCC2)c1,CHEMBL247242,Kd,6.6,uM,CHEMBL941734,Displacement of fluorescent dansyl sarcosine from human serum albumin site II on subdomain IIIA
COc1ccc(NC(=O)c2cccc(S(=O)(=O)N3CCOCC3)c2)c(C(=O)O)c1,CHEMBL247241,Kd,8.1,uM,CHEMBL941734,Displacement of fluorescent dansyl sarcosine from human serum albumin site II on subdomain IIIA
Cc1ccc(NC(=O)c2cccc(S(=O)(=O)N3CCOCC3)c2)c(C(=O)O)c1,CHEMBL247791,Kd,7.5,uM,CHEMBL941734,Displacement of fluorescent dansyl sarcosine from human serum albumin site II on subdomain IIIA
N#Cc1ccc(NC(=O)c2ccc(S(=O)(=O)N3CCOCC3)cc2)c(C(=O)O)c1,CHEMBL249674,Kd,5.3,uM,CHEMBL941734,Displacement of fluorescent dansyl sarcosine from human serum albumin site II on subdomain IIIA
N#Cc1ccc(NC(=O)c2ccc(S(=O)(=O)N3CCOCC3)cc2)c(C(=O)O)c1,CHEMBL249674,Kd,14.0,uM,CHEMBL941735,Binding to high affinity site of human serum albumin
N#Cc1ccc(NC(=O)c2ccc(S(=O)(=O)N3CCOCC3)cc2)c(C(=O)O)c1,CHEMBL249674,Kd,2.0,uM,CHEMBL941736,Binding to low affinity site of human serum albumin
Cc1cc(C)c(S(=O)(=O)N[C@@H](Cc2ccc(-c3cccc(NC(=O)NC4CC4)c3)cc2)C(=O)O)c(C)c1,CHEMBL10811,Kd,740.0,nM,CHEMBL925586,Binding affinity to human serum albumin by equilibrium dialysis
Cc1cc(C)c(S(=O)(=O)N[C@@H](Cc2ccc(-c3cccc(Nc4c(NC5CC5)c(=O)c4=O)c3)cc2)C(=O)O)c(C)c1,CHEMBL249990,Kd,420.0,nM,CHEMBL925586,Binding affinity to human serum albumin by equilibrium dialysis
CS(=O)(=O)c1ccccc1-c1ccc(N2CCC(NS(=O)(=O)/C=C/c3ccc(Cl)s3)C2=O)c(F)c1,CHEMBL253942,Activity,97.6,%,CHEMBL928851,Binding affinity to human serum albumin
CS(=O)(=O)Nc1ccccc1-c1ccc(N2CCC(NS(=O)(=O)/C=C/c3ccc(Cl)s3)C2=O)nc1,CHEMBL254338,Activity,98.2,%,CHEMBL928851,Binding affinity to human serum albumin
CS(=O)(=O)c1ccccc1-c1ccc(N2CCC(NS(=O)(=O)/C=C/c3ccc(Cl)s3)C2=O)nc1,CHEMBL254337,Activity,97.6,%,CHEMBL928851,Binding affinity to human serum albumin
NS(=O)(=O)c1ccccc1-c1ccc(N2CCC(NS(=O)(=O)/C=C/c3ccc(Cl)s3)C2=O)nc1,CHEMBL253943,Activity,98.0,%,CHEMBL928851,Binding affinity to human serum albumin
CS(=O)(=O)c1ccccc1-c1ccc(N2CCC(NS(=O)(=O)c3cc4ccc(Cl)cc4o3)C2=O)c(F)c1,CHEMBL430028,Activity,99.6,%,CHEMBL928851,Binding affinity to human serum albumin
CS(=O)(=O)c1ccccc1-c1ccc(N2CCC(NS(=O)(=O)c3ccc4cc(Cl)ccc4c3)C2=O)c(F)c1,CHEMBL402031,Activity,98.8,%,CHEMBL928851,Binding affinity to human serum albumin
Cc1cn(C[C@H]2C[C@H](N=[N+]=[N-])[C@@H](CO)O2)c(=O)[nH]c1=O,CHEMBL261858,Activity,12.1,%,CHEMBL922850,Binding affinity to defatted human serum albumin
Cc1cn(C[C@H]2C[C@H](N=[N+]=[N-])[C@@H](CO)O2)c(=O)[nH]c1=O,CHEMBL261858,Ka,1044.9,L/mol,CHEMBL922850,Binding affinity to defatted human serum albumin
Cc1cn(C[C@H]2C[C@H](N=[N+]=[N-])[C@@H](COC(=O)C(=O)O)O2)c(=O)[nH]c1=O,CHEMBL260711,Activity,47.0,%,CHEMBL922850,Binding affinity to defatted human serum albumin
Cc1cn(C[C@H]2C[C@H](N=[N+]=[N-])[C@@H](COC(=O)C(=O)O)O2)c(=O)[nH]c1=O,CHEMBL260711,Ka,6201.3,L/mol,CHEMBL922850,Binding affinity to defatted human serum albumin
Cc1cn(C[C@H]2C[C@H](N=[N+]=[N-])[C@@H](COC(=O)C(=O)N[C@@H](Cc3ccc(O)cc3)C(=O)O)O2)c(=O)[nH]c1=O,CHEMBL406638,Activity,14.9,%,CHEMBL922850,Binding affinity to defatted human serum albumin
Cc1cn(C[C@H]2C[C@H](N=[N+]=[N-])[C@@H](COC(=O)C(=O)N[C@@H](Cc3ccc(O)cc3)C(=O)O)O2)c(=O)[nH]c1=O,CHEMBL406638,Ka,1224.4,L/mol,CHEMBL922850,Binding affinity to defatted human serum albumin
Cc1cn(C[C@H]2C[C@H](N=[N+]=[N-])[C@@H](COC(=O)C(=O)N[C@@H](Cc3c[nH]c4ccccc34)C(=O)O)O2)c(=O)[nH]c1=O,CHEMBL409624,Activity,20.5,%,CHEMBL922850,Binding affinity to defatted human serum albumin
Cc1cn(C[C@H]2C[C@H](N=[N+]=[N-])[C@@H](COC(=O)C(=O)N[C@@H](Cc3c[nH]c4ccccc34)C(=O)O)O2)c(=O)[nH]c1=O,CHEMBL409624,Ka,1803.2,L/mol,CHEMBL922850,Binding affinity to defatted human serum albumin
Cc1cn(C[C@H]2C[C@H](N=[N+]=[N-])[C@@H](COC(=O)C(=O)N3CCC[C@H]3C(=O)O)O2)c(=O)[nH]c1=O,CHEMBL261104,Activity,11.9,%,CHEMBL922850,Binding affinity to defatted human serum albumin
Cc1cn(C[C@H]2C[C@H](N=[N+]=[N-])[C@@H](COC(=O)C(=O)N3CCC[C@H]3C(=O)O)O2)c(=O)[nH]c1=O,CHEMBL261104,Ka,944.6,L/mol,CHEMBL922850,Binding affinity to defatted human serum albumin
Cc1cn(C[C@H]2C[C@H](N=[N+]=[N-])[C@@H](COC(=O)C(=O)N[C@@H](Cc3ccccc3)C(=O)O)O2)c(=O)[nH]c1=O,CHEMBL409705,Activity,13.6,%,CHEMBL922850,Binding affinity to defatted human serum albumin
Cc1cn(C[C@H]2C[C@H](N=[N+]=[N-])[C@@H](COC(=O)C(=O)N[C@@H](Cc3ccccc3)C(=O)O)O2)c(=O)[nH]c1=O,CHEMBL409705,Ka,1174.4,L/mol,CHEMBL922850,Binding affinity to defatted human serum albumin
Cc1cn(C[C@H]2C[C@H](N=[N+]=[N-])[C@@H](COC(=O)C(=O)N[C@H](C(=O)O)C(C)C)O2)c(=O)[nH]c1=O,CHEMBL406933,Activity,17.4,%,CHEMBL922850,Binding affinity to defatted human serum albumin
Cc1cn(C[C@H]2C[C@H](N=[N+]=[N-])[C@@H](COC(=O)C(=O)N[C@H](C(=O)O)C(C)C)O2)c(=O)[nH]c1=O,CHEMBL406933,Ka,1535.0,L/mol,CHEMBL922850,Binding affinity to defatted human serum albumin
CC[C@H](C)[C@H](NC(=O)C(=O)OC[C@H]1O[C@@H](Cn2cc(C)c(=O)[nH]c2=O)C[C@@H]1N=[N+]=[N-])C(=O)O,CHEMBL411891,Activity,35.2,%,CHEMBL922850,Binding affinity to defatted human serum albumin
CC[C@H](C)[C@H](NC(=O)C(=O)OC[C@H]1O[C@@H](Cn2cc(C)c(=O)[nH]c2=O)C[C@@H]1N=[N+]=[N-])C(=O)O,CHEMBL411891,Ka,3765.4,L/mol,CHEMBL922850,Binding affinity to defatted human serum albumin
Cc1cn(C[C@H]2C[C@H](N=[N+]=[N-])[C@@H](COC(=O)C(=O)N[C@@H](CC(C)C)C(=O)O)O2)c(=O)[nH]c1=O,CHEMBL412092,Activity,26.5,%,CHEMBL922850,Binding affinity to defatted human serum albumin
Cc1cn(C[C@H]2C[C@H](N=[N+]=[N-])[C@@H](COC(=O)C(=O)N[C@@H](CC(C)C)C(=O)O)O2)c(=O)[nH]c1=O,CHEMBL412092,Ka,2457.0,L/mol,CHEMBL922850,Binding affinity to defatted human serum albumin
Cc1cn(C[C@H]2C[C@H](N=[N+]=[N-])[C@@H](COC(=O)c3ccncc3)O2)c(=O)[nH]c1=O,CHEMBL261329,Activity,19.8,%,CHEMBL922850,Binding affinity to defatted human serum albumin
Cc1cn(C[C@H]2C[C@H](N=[N+]=[N-])[C@@H](COC(=O)c3ccncc3)O2)c(=O)[nH]c1=O,CHEMBL261329,Ka,1709.8,L/mol,CHEMBL922850,Binding affinity to defatted human serum albumin
Cc1cn(C[C@H]2C[C@H](N=[N+]=[N-])[C@@H](CO)O2)c(=O)[nH]c1=O,CHEMBL261858,Activity,1.5,%,CHEMBL922852,Binding affinity to defatted human serum albumin in presence of salicylic acid
Cc1cn(C[C@H]2C[C@H](N=[N+]=[N-])[C@@H](CO)O2)c(=O)[nH]c1=O,CHEMBL261858,Ka,129.5,L/mol,CHEMBL922852,Binding affinity to defatted human serum albumin in presence of salicylic acid
Cc1cn(C[C@H]2C[C@H](N=[N+]=[N-])[C@@H](COC(=O)C(=O)O)O2)c(=O)[nH]c1=O,CHEMBL260711,Activity,7.0,%,CHEMBL922852,Binding affinity to defatted human serum albumin in presence of salicylic acid
Cc1cn(C[C@H]2C[C@H](N=[N+]=[N-])[C@@H](COC(=O)C(=O)O)O2)c(=O)[nH]c1=O,CHEMBL260711,Ka,604.5,L/mol,CHEMBL922852,Binding affinity to defatted human serum albumin in presence of salicylic acid
Cc1cn(C[C@H]2C[C@H](N=[N+]=[N-])[C@@H](COC(=O)C(=O)N[C@@H](Cc3ccc(O)cc3)C(=O)O)O2)c(=O)[nH]c1=O,CHEMBL406638,Activity,9.4,%,CHEMBL922852,Binding affinity to defatted human serum albumin in presence of salicylic acid
Cc1cn(C[C@H]2C[C@H](N=[N+]=[N-])[C@@H](COC(=O)C(=O)N[C@@H](Cc3ccc(O)cc3)C(=O)O)O2)c(=O)[nH]c1=O,CHEMBL406638,Ka,811.7,L/mol,CHEMBL922852,Binding affinity to defatted human serum albumin in presence of salicylic acid
Cc1cn(C[C@H]2C[C@H](N=[N+]=[N-])[C@@H](COC(=O)C(=O)N[C@@H](Cc3c[nH]c4ccccc34)C(=O)O)O2)c(=O)[nH]c1=O,CHEMBL409624,Activity,17.6,%,CHEMBL922852,Binding affinity to defatted human serum albumin in presence of salicylic acid
Cc1cn(C[C@H]2C[C@H](N=[N+]=[N-])[C@@H](COC(=O)C(=O)N[C@@H](Cc3c[nH]c4ccccc34)C(=O)O)O2)c(=O)[nH]c1=O,CHEMBL409624,Ka,1519.8,L/mol,CHEMBL922852,Binding affinity to defatted human serum albumin in presence of salicylic acid
Cc1cn(C[C@H]2C[C@H](N=[N+]=[N-])[C@@H](COC(=O)C(=O)N3CCC[C@H]3C(=O)O)O2)c(=O)[nH]c1=O,CHEMBL261104,Activity,9.4,%,CHEMBL922852,Binding affinity to defatted human serum albumin in presence of salicylic acid
Cc1cn(C[C@H]2C[C@H](N=[N+]=[N-])[C@@H](COC(=O)C(=O)N3CCC[C@H]3C(=O)O)O2)c(=O)[nH]c1=O,CHEMBL261104,Ka,811.7,L/mol,CHEMBL922852,Binding affinity to defatted human serum albumin in presence of salicylic acid
Cc1cn(C[C@H]2C[C@H](N=[N+]=[N-])[C@@H](COC(=O)C(=O)N[C@@H](Cc3ccccc3)C(=O)O)O2)c(=O)[nH]c1=O,CHEMBL409705,Activity,8.3,%,CHEMBL922852,Binding affinity to defatted human serum albumin in presence of salicylic acid
Cc1cn(C[C@H]2C[C@H](N=[N+]=[N-])[C@@H](COC(=O)C(=O)N[C@@H](Cc3ccccc3)C(=O)O)O2)c(=O)[nH]c1=O,CHEMBL409705,Ka,716.7,L/mol,CHEMBL922852,Binding affinity to defatted human serum albumin in presence of salicylic acid
Cc1cn(C[C@H]2C[C@H](N=[N+]=[N-])[C@@H](COC(=O)C(=O)N[C@H](C(=O)O)C(C)C)O2)c(=O)[nH]c1=O,CHEMBL406933,Activity,15.2,%,CHEMBL922852,Binding affinity to defatted human serum albumin in presence of salicylic acid
Cc1cn(C[C@H]2C[C@H](N=[N+]=[N-])[C@@H](COC(=O)C(=O)N[C@H](C(=O)O)C(C)C)O2)c(=O)[nH]c1=O,CHEMBL406933,Ka,1312.6,L/mol,CHEMBL922852,Binding affinity to defatted human serum albumin in presence of salicylic acid
CC[C@H](C)[C@H](NC(=O)C(=O)OC[C@H]1O[C@@H](Cn2cc(C)c(=O)[nH]c2=O)C[C@@H]1N=[N+]=[N-])C(=O)O,CHEMBL411891,Activity,4.6,%,CHEMBL922852,Binding affinity to defatted human serum albumin in presence of salicylic acid
CC[C@H](C)[C@H](NC(=O)C(=O)OC[C@H]1O[C@@H](Cn2cc(C)c(=O)[nH]c2=O)C[C@@H]1N=[N+]=[N-])C(=O)O,CHEMBL411891,Ka,397.2,L/mol,CHEMBL922852,Binding affinity to defatted human serum albumin in presence of salicylic acid
Cc1cn(C[C@H]2C[C@H](N=[N+]=[N-])[C@@H](COC(=O)C(=O)N[C@@H](CC(C)C)C(=O)O)O2)c(=O)[nH]c1=O,CHEMBL412092,Activity,5.2,%,CHEMBL922852,Binding affinity to defatted human serum albumin in presence of salicylic acid
Cc1cn(C[C@H]2C[C@H](N=[N+]=[N-])[C@@H](COC(=O)C(=O)N[C@@H](CC(C)C)C(=O)O)O2)c(=O)[nH]c1=O,CHEMBL412092,Ka,449.0,L/mol,CHEMBL922852,Binding affinity to defatted human serum albumin in presence of salicylic acid
Cc1cn(C[C@H]2C[C@H](N=[N+]=[N-])[C@@H](CO)O2)c(=O)[nH]c1=O,CHEMBL261858,Activity,21.2,%,CHEMBL922853,Binding affinity to fatty acid complexed human serum albumin
Cc1cn(C[C@H]2C[C@H](N=[N+]=[N-])[C@@H](CO)O2)c(=O)[nH]c1=O,CHEMBL261858,Ka,1790.7,L/mol,CHEMBL922853,Binding affinity to fatty acid complexed human serum albumin
Cc1cn(C[C@H]2C[C@H](N=[N+]=[N-])[C@@H](COC(=O)C(=O)O)O2)c(=O)[nH]c1=O,CHEMBL260711,Activity,10.4,%,CHEMBL922853,Binding affinity to fatty acid complexed human serum albumin
Cc1cn(C[C@H]2C[C@H](N=[N+]=[N-])[C@@H](COC(=O)C(=O)O)O2)c(=O)[nH]c1=O,CHEMBL260711,Ka,811.7,L/mol,CHEMBL922853,Binding affinity to fatty acid complexed human serum albumin
Cc1cn(C[C@H]2C[C@H](N=[N+]=[N-])[C@@H](COC(=O)C(=O)N[C@@H](Cc3ccc(O)cc3)C(=O)O)O2)c(=O)[nH]c1=O,CHEMBL406638,Activity,10.4,%,CHEMBL922853,Binding affinity to fatty acid complexed human serum albumin
Cc1cn(C[C@H]2C[C@H](N=[N+]=[N-])[C@@H](COC(=O)C(=O)N[C@@H](Cc3ccc(O)cc3)C(=O)O)O2)c(=O)[nH]c1=O,CHEMBL406638,Ka,890.9,L/mol,CHEMBL922853,Binding affinity to fatty acid complexed human serum albumin
Cc1cn(C[C@H]2C[C@H](N=[N+]=[N-])[C@@H](COC(=O)C(=O)N[C@@H](Cc3c[nH]c4ccccc34)C(=O)O)O2)c(=O)[nH]c1=O,CHEMBL409624,Activity,23.7,%,CHEMBL922853,Binding affinity to fatty acid complexed human serum albumin
Cc1cn(C[C@H]2C[C@H](N=[N+]=[N-])[C@@H](COC(=O)C(=O)N[C@@H](Cc3c[nH]c4ccccc34)C(=O)O)O2)c(=O)[nH]c1=O,CHEMBL409624,Ka,2172.1,L/mol,CHEMBL922853,Binding affinity to fatty acid complexed human serum albumin
Cc1cn(C[C@H]2C[C@H](N=[N+]=[N-])[C@@H](COC(=O)C(=O)N3CCC[C@H]3C(=O)O)O2)c(=O)[nH]c1=O,CHEMBL261104,Activity,16.1,%,CHEMBL922853,Binding affinity to fatty acid complexed human serum albumin
Cc1cn(C[C@H]2C[C@H](N=[N+]=[N-])[C@@H](COC(=O)C(=O)N3CCC[C@H]3C(=O)O)O2)c(=O)[nH]c1=O,CHEMBL261104,Ka,1341.9,L/mol,CHEMBL922853,Binding affinity to fatty acid complexed human serum albumin
Cc1cn(C[C@H]2C[C@H](N=[N+]=[N-])[C@@H](COC(=O)C(=O)N[C@@H](Cc3ccccc3)C(=O)O)O2)c(=O)[nH]c1=O,CHEMBL409705,Activity,5.5,%,CHEMBL922853,Binding affinity to fatty acid complexed human serum albumin
Cc1cn(C[C@H]2C[C@H](N=[N+]=[N-])[C@@H](COC(=O)C(=O)N[C@@H](Cc3ccccc3)C(=O)O)O2)c(=O)[nH]c1=O,CHEMBL409705,Ka,436.6,L/mol,CHEMBL922853,Binding affinity to fatty acid complexed human serum albumin
Cc1cn(C[C@H]2C[C@H](N=[N+]=[N-])[C@@H](COC(=O)C(=O)N[C@H](C(=O)O)C(C)C)O2)c(=O)[nH]c1=O,CHEMBL406933,Activity,11.9,%,CHEMBL922853,Binding affinity to fatty acid complexed human serum albumin
Cc1cn(C[C@H]2C[C@H](N=[N+]=[N-])[C@@H](COC(=O)C(=O)N[C@H](C(=O)O)C(C)C)O2)c(=O)[nH]c1=O,CHEMBL406933,Ka,944.6,L/mol,CHEMBL922853,Binding affinity to fatty acid complexed human serum albumin
CC[C@H](C)[C@H](NC(=O)C(=O)OC[C@H]1O[C@@H](Cn2cc(C)c(=O)[nH]c2=O)C[C@@H]1N=[N+]=[N-])C(=O)O,CHEMBL411891,Activity,7.6,%,CHEMBL922853,Binding affinity to fatty acid complexed human serum albumin
CC[C@H](C)[C@H](NC(=O)C(=O)OC[C@H]1O[C@@H](Cn2cc(C)c(=O)[nH]c2=O)C[C@@H]1N=[N+]=[N-])C(=O)O,CHEMBL411891,Ka,575.2,L/mol,CHEMBL922853,Binding affinity to fatty acid complexed human serum albumin
Cc1cn(C[C@H]2C[C@H](N=[N+]=[N-])[C@@H](COC(=O)C(=O)N[C@@H](CC(C)C)C(=O)O)O2)c(=O)[nH]c1=O,CHEMBL412092,Activity,8.9,%,CHEMBL922853,Binding affinity to fatty acid complexed human serum albumin
Cc1cn(C[C@H]2C[C@H](N=[N+]=[N-])[C@@H](COC(=O)C(=O)N[C@@H](CC(C)C)C(=O)O)O2)c(=O)[nH]c1=O,CHEMBL412092,Ka,683.2,L/mol,CHEMBL922853,Binding affinity to fatty acid complexed human serum albumin
Cc1cn(C[C@H]2C[C@H](N=[N+]=[N-])[C@@H](COC(=O)c3ccncc3)O2)c(=O)[nH]c1=O,CHEMBL261329,Activity,38.8,%,CHEMBL922853,Binding affinity to fatty acid complexed human serum albumin
Cc1cn(C[C@H]2C[C@H](N=[N+]=[N-])[C@@H](COC(=O)c3ccncc3)O2)c(=O)[nH]c1=O,CHEMBL261329,Ka,3277.3,L/mol,CHEMBL922853,Binding affinity to fatty acid complexed human serum albumin
Cc1cn(C[C@H]2C[C@H](N=[N+]=[N-])[C@@H](COC(=O)c3ccncc3)O2)c(=O)[nH]c1=O,CHEMBL261329,Activity,1.64,,CHEMBL922851,Binding affinity to defatted human serum albumin relative to zidovudine
Cc1cn(C[C@H]2C[C@H](N=[N+]=[N-])[C@@H](COC(=O)C(=O)O)O2)c(=O)[nH]c1=O,CHEMBL260711,Activity,5.93,,CHEMBL922851,Binding affinity to defatted human serum albumin relative to zidovudine
Cc1cn(C[C@H]2C[C@H](N=[N+]=[N-])[C@@H](COC(=O)C(=O)N[C@@H](Cc3ccc(O)cc3)C(=O)O)O2)c(=O)[nH]c1=O,CHEMBL406638,Activity,1.17,,CHEMBL922851,Binding affinity to defatted human serum albumin relative to zidovudine
Cc1cn(C[C@H]2C[C@H](N=[N+]=[N-])[C@@H](COC(=O)C(=O)N[C@@H](Cc3c[nH]c4ccccc34)C(=O)O)O2)c(=O)[nH]c1=O,CHEMBL409624,Activity,1.73,,CHEMBL922851,Binding affinity to defatted human serum albumin relative to zidovudine
Cc1cn(C[C@H]2C[C@H](N=[N+]=[N-])[C@@H](COC(=O)C(=O)N3CCC[C@H]3C(=O)O)O2)c(=O)[nH]c1=O,CHEMBL261104,Activity,0.9,,CHEMBL922851,Binding affinity to defatted human serum albumin relative to zidovudine
Cc1cn(C[C@H]2C[C@H](N=[N+]=[N-])[C@@H](COC(=O)C(=O)N[C@@H](Cc3ccccc3)C(=O)O)O2)c(=O)[nH]c1=O,CHEMBL409705,Activity,1.12,,CHEMBL922851,Binding affinity to defatted human serum albumin relative to zidovudine
Cc1cn(C[C@H]2C[C@H](N=[N+]=[N-])[C@@H](COC(=O)C(=O)N[C@H](C(=O)O)C(C)C)O2)c(=O)[nH]c1=O,CHEMBL406933,Activity,1.47,,CHEMBL922851,Binding affinity to defatted human serum albumin relative to zidovudine
CC[C@H](C)[C@H](NC(=O)C(=O)OC[C@H]1O[C@@H](Cn2cc(C)c(=O)[nH]c2=O)C[C@@H]1N=[N+]=[N-])C(=O)O,CHEMBL411891,Activity,3.6,,CHEMBL922851,Binding affinity to defatted human serum albumin relative to zidovudine
Cc1cn(C[C@H]2C[C@H](N=[N+]=[N-])[C@@H](COC(=O)C(=O)N[C@@H](CC(C)C)C(=O)O)O2)c(=O)[nH]c1=O,CHEMBL412092,Activity,2.35,,CHEMBL922851,Binding affinity to defatted human serum albumin relative to zidovudine
CC(=O)O[C@H]1N=C(c2ccccc2)c2cc(Cl)ccc2NC1=O,CHEMBL411064,Ka,1.0,10^4/M,CHEMBL936363,Binding affinity to human serum albumin on sepharose column by affinity chromatography
CN1C(=O)CN=C(c2ccccc2)c2cc(Cl)ccc21,CHEMBL12,Ka,1.8,10^5/M,CHEMBL936363,Binding affinity to human serum albumin on sepharose column by affinity chromatography
CC(=O)O[C@@H]1N=C(c2ccccc2Cl)c2cc(Cl)ccc2NC1=O,CHEMBL408226,Ka,4.0,10^4/M,CHEMBL936363,Binding affinity to human serum albumin on sepharose column by affinity chromatography
CC(=O)O[C@H]1N=C(c2ccccc2Cl)c2cc(Cl)ccc2NC1=O,CHEMBL259541,Ka,2.0,10^4/M,CHEMBL936363,Binding affinity to human serum albumin on sepharose column by affinity chromatography
CC(=O)O[C@@H]1N=C(c2ccccc2)c2cc(Cl)ccc2NC1=O,CHEMBL259746,Ka,8.0,10^4/M,CHEMBL936363,Binding affinity to human serum albumin on sepharose column by affinity chromatography
OC(c1cc(C(F)(F)F)nc2c(C(F)(F)F)cccc12)C1CCCCN1,CHEMBL416956,Ka,8.0,10^4/M,CHEMBL936363,Binding affinity to human serum albumin on sepharose column by affinity chromatography
COc1cc(NC(C)CCCN)c2ncccc2c1,CHEMBL506,Ka,7.0,10^3/M,CHEMBL936363,Binding affinity to human serum albumin on sepharose column by affinity chromatography
CCN(CC)Cc1cc(Nc2ccnc3cc(Cl)ccc23)ccc1O.Cl,CHEMBL1630,Ka,2.0,10^4/M,CHEMBL936363,Binding affinity to human serum albumin on sepharose column by affinity chromatography
CCN(CC)CCCC(C)Nc1ccnc2cc(Cl)ccc12,CHEMBL76,Ka,2.0,10^3/M,CHEMBL936363,Binding affinity to human serum albumin on sepharose column by affinity chromatography
COc1cc(C)c2c(Oc3cccc(C(F)(F)F)c3)c(OC)cc(NC(C)CCCN)c2n1,CHEMBL298470,Ka,3.0,10^5/M,CHEMBL936363,Binding affinity to human serum albumin on sepharose column by affinity chromatography
CCN(CC)CCCC(C)Nc1c2ccc(Cl)cc2nc2ccc(OC)cc12,CHEMBL7568,Ka,7.0,10^3/M,CHEMBL936363,Binding affinity to human serum albumin on sepharose column by affinity chromatography
CCN(CC)Cc1cc(Nc2ccnc3cc(Cl)ccc23)ccc1O.Cl,CHEMBL1630,Ka,0.62,10^4M,CHEMBL936360,Binding affinity to human serum albumin by circular dichroism and UV/VIS spectroscopic method
COc1cc(C)c2c(Oc3cccc(C(F)(F)F)c3)c(OC)cc(NC(C)CCCN)c2n1,CHEMBL298470,Ka,2.4,10^4M,CHEMBL936360,Binding affinity to human serum albumin by circular dichroism and UV/VIS spectroscopic method
COc1cc(C)c2c(Oc3cccc(C(F)(F)F)c3)c(OC)cc(NC(C)CCCN)c2n1,CHEMBL298470,Ka,3.0,10^5/M,CHEMBL936361,Binding affinity to human serum albumin by fluorescence emission spectra
CC(=O)CC(c1ccccc1)c1c(O)c2ccccc2oc1=O,CHEMBL1464,pKd,5.33,,CHEMBL925737,Binding affinity to human serum albumin by PAMPA method
COc1ccc(CCN(C)CCCC(C#N)(c2ccc(OC)c(OC)c2)C(C)C)cc1OC,CHEMBL6966,pKd,3.19,,CHEMBL925737,Binding affinity to human serum albumin by PAMPA method
C=C[C@H]1CN2CC[C@H]1C[C@H]2[C@H](O)c1ccnc2ccc(OC)cc12,CHEMBL170,pKd,3.51,,CHEMBL925737,Binding affinity to human serum albumin by PAMPA method
CC(C)NCC(O)COc1cccc2ccccc12,CHEMBL27,pKd,3.36,,CHEMBL925737,Binding affinity to human serum albumin by PAMPA method
O=C1Nc2ccc(Cl)cc2C(c2ccccc2)=NC1O,CHEMBL568,pKd,4.16,,CHEMBL925737,Binding affinity to human serum albumin by PAMPA method
O=C(O)c1cc(-c2ccc(F)cc2F)ccc1O,CHEMBL898,pKd,5.91,,CHEMBL925737,Binding affinity to human serum albumin by PAMPA method
O=C(O)Cc1ccccc1Nc1c(Cl)cccc1Cl,CHEMBL139,pKd,5.61,,CHEMBL925737,Binding affinity to human serum albumin by PAMPA method
CN1C(=O)CN=C(c2ccccc2)c2cc(Cl)ccc21,CHEMBL12,pKd,4.61,,CHEMBL925737,Binding affinity to human serum albumin by PAMPA method
CC(C)NCC(O)COc1cccc2ccccc12,CHEMBL27,pKd,3.45,,CHEMBL925743,Binding affinity to 50 uM human serum albumin at 10 uM by PAMPA method
CC(C)NCC(O)COc1cccc2ccccc12,CHEMBL27,pKd,3.18,,CHEMBL925744,Binding affinity to 100 uM human serum albumin at 10 uM by PAMPA method
CC(C)NCC(O)COc1cccc2ccccc12,CHEMBL27,pKd,3.22,,CHEMBL925745,Binding affinity to 300 uM human serum albumin at 10 uM by PAMPA method
CC(C)NCC(O)COc1cccc2ccccc12,CHEMBL27,pKd,3.2,,CHEMBL925746,Binding affinity to 600 uM human serum albumin at 10 uM by PAMPA method
CC(C)NCC(O)COc1cccc2ccccc12,CHEMBL27,pKd,3.36,,CHEMBL925747,Binding affinity to 100 uM human serum albumin at 50 uM by PAMPA method
CCN(CC(O)(CNC(=O)c1cnn(-c2ccc(F)cc2)c1N)C(F)(F)F)C(=O)c1ccccc1S(C)(=O)=O,CHEMBL512127,Activity,81.0,%,CHEMBL963891,Binding affinity to human serum albumin by fast gradient HPLC
CCN(CC(O)(CNC(=O)c1cnn(-c2ccc(F)cc2)c1N)C(F)(F)F)C(=O)c1c(Cl)cccc1Cl,CHEMBL461012,Activity,95.0,%,CHEMBL963891,Binding affinity to human serum albumin by fast gradient HPLC
CCN(CC(O)(CNC(=O)c1cnn(-c2ccc(F)cc2)c1N)C(F)(F)F)C(=O)c1c(F)cccc1F,CHEMBL467633,Activity,93.0,%,CHEMBL963891,Binding affinity to human serum albumin by fast gradient HPLC
CCN(CC(O)(CNC(=O)c1cnn(-c2ccc(F)cc2)c1N)C(F)(F)F)C(=O)c1ncccc1Cl,CHEMBL520276,Activity,83.0,%,CHEMBL963891,Binding affinity to human serum albumin by fast gradient HPLC
Nc1c(C(=O)NCC(O)(CN(CCF)C(=O)c2c(F)cccc2F)C(F)(F)F)cnn1-c1ccc(F)cc1,CHEMBL464245,Activity,93.0,%,CHEMBL963891,Binding affinity to human serum albumin by fast gradient HPLC
Nc1c(C(=O)NCC(O)(CN(CCO)C(=O)c2c(F)cccc2F)C(F)(F)F)cnn1-c1ccc(F)cc1,CHEMBL517933,Activity,81.0,%,CHEMBL963891,Binding affinity to human serum albumin by fast gradient HPLC
Nc1c(C(=O)NCC(O)(CN(CCO)C(=O)c2c(Cl)cccc2Cl)C(F)(F)F)cnn1-c1ccc(F)cc1,CHEMBL465451,Activity,89.0,%,CHEMBL963891,Binding affinity to human serum albumin by fast gradient HPLC
Cn1c(=O)c2c(ncn2C)n(C)c1=O,CHEMBL113,PB,37.8,%,CHEMBL1000711,Binding affinity to human plasma albumin by ultracentrifugation
Cc1cc(Cn2c(=O)c(C3=CS(=O)(=O)c4cc(NS(C)(=O)=O)ccc4N3)c(O)c3cc(F)ccc32)ccc1F,CHEMBL503583,PB,99.8,%,CHEMBL1012024,Binding affinity to human serum albumin
O=C(O)COc1ccc(/C=C/c2cc(O)cc(O)c2)cc1,CHEMBL455060,Activity,50.0,%,CHEMBL953989,Binding affinity to human serum albumin assessed as increase in drug-induced fluorescence at 4 uM by fluorescence enhancing measurement
O=C(O)CCCCCOc1ccc(/C=C/c2cc(O)cc(O)c2)cc1,CHEMBL504510,Kd,0.382,uM,CHEMBL953988,Binding affinity to human serum albumin at 4 uM by UV-vis measurement
O=C(O)CCCCCOc1ccc(/C=C/c2cc(O)cc(O)c2)cc1,CHEMBL504510,Ka,3.12,10'-6/M,CHEMBL953989,Binding affinity to human serum albumin assessed as increase in drug-induced fluorescence at 4 uM by fluorescence enhancing measurement
O=C(O)CCCCCOc1ccc(/C=C/c2cc(O)cc(O)c2)cc1,CHEMBL504510,Activity,20.0,%,CHEMBL953991,Binding affinity to human serum albumin assessed as decrease in UV absorbance by UV-vis measurement
Oc1ccc(/C=C/c2cc(O)cc(O)c2)cc1,CHEMBL165,Ka,1.64,10'5/M,CHEMBL953986,Binding affinity to human serum albumin by fluorescence quenching measurement
O=C(O)CCCCCOc1ccc(/C=C/c2cc(O)cc(O)c2)cc1,CHEMBL504510,Ka,67.0,10'5/M,CHEMBL953986,Binding affinity to human serum albumin by fluorescence quenching measurement
O=C(O)COc1ccc(/C=C/c2cc(O)cc(O)c2)cc1,CHEMBL455060,Ka,2.95,10'5/M,CHEMBL953986,Binding affinity to human serum albumin by fluorescence quenching measurement
COC(=O)CCCCCOc1ccc(/C=C/c2cc(O)cc(O)c2)cc1,CHEMBL483118,Ka,3.05,10'5/M,CHEMBL953986,Binding affinity to human serum albumin by fluorescence quenching measurement
CCOC(=O)COc1ccc(/C=C/c2cc(O)cc(O)c2)cc1,CHEMBL488354,Ka,1.14,10'5/M,CHEMBL953986,Binding affinity to human serum albumin by fluorescence quenching measurement
O=C(O)CCCCCOc1ccc(/C=C/c2cc(O)cc(O)c2)cc1,CHEMBL504510,Ka,31.2,10'5/M,CHEMBL953987,Binding affinity to human serum albumin at 4 uM by fluorescence enhancing measurement
O=C(O)CCCCCOc1ccc(/C=C/c2cc(O)cc(O)c2)cc1,CHEMBL504510,Ka,26.2,10'5/M,CHEMBL953988,Binding affinity to human serum albumin at 4 uM by UV-vis measurement
C=Cc1c(C)c2cc3nc(c(CC(=O)OC)c4[nH]c(cc5nc(cc1[nH]2)C(C)=C5CC)c(C)c4C(=O)NCCN)[C@@H](CCC(=O)OC)C3C,CHEMBL455577,Kb,2.0,10'5/M,CHEMBL1023743,Binding affinity to human serum albumin
CN1CCc2nc(C(=O)N[C@@H]3C[C@@H](C(=O)N(C)C)CC[C@@H]3NC(=O)c3cc4cc(Cl)ccc4[nH]3)sc2C1,CHEMBL479863,PB,72.0,%,CHEMBL981505,Binding affinity to lyophilized human serum albumin at 100 uM after 60 mins by ultra filtration method
CN1CCc2nc(C(=O)N[C@@H]3C[C@@H](C(=O)N(C)C)CC[C@H]3NC(=O)c3cc4cc(Cl)ccc4[nH]3)sc2C1,CHEMBL516922,PB,91.0,%,CHEMBL981505,Binding affinity to lyophilized human serum albumin at 100 uM after 60 mins by ultra filtration method
CN1C(=O)c2c(c3c4ccccc4n([C@@H]4O[C@H](CO)[C@@H](O)[C@H](O)[C@H]4O)c3c3[nH]c4ccccc4c23)C1=O,CHEMBL456248,K,8.41,10'6L/mol,CHEMBL1007358,Binding affinity to human serum albumin at 289 kelvin by fluorescence quenching measurement in presence of Hg2+ ions
CN1C(=O)c2c(c3c4ccccc4n([C@@H]4O[C@H](CO)[C@@H](O)[C@H](O)[C@H]4O)c3c3[nH]c4ccccc4c23)C1=O,CHEMBL456248,K,3.93,10'6L/mol,CHEMBL1007357,Binding affinity to human serum albumin at 289 kelvin by fluorescence quenching measurement in presence of Al3+ ions
CN1C(=O)c2c(c3c4ccccc4n([C@@H]4O[C@H](CO)[C@@H](O)[C@H](O)[C@H]4O)c3c3[nH]c4ccccc4c23)C1=O,CHEMBL456248,K,8.9,10'6L/mol,CHEMBL1007356,Binding affinity to human serum albumin at 289 kelvin by fluorescence quenching measurement in presence of K+ ions
CN1C(=O)c2c(c3c4ccccc4n([C@@H]4O[C@H](CO)[C@@H](O)[C@H](O)[C@H]4O)c3c3[nH]c4ccccc4c23)C1=O,CHEMBL456248,K,7.12,10'6L/mol,CHEMBL1007355,Binding affinity to human serum albumin at 289 kelvin by fluorescence quenching measurement in presence of Zn2+ ions
CN1C(=O)c2c(c3c4ccccc4n([C@@H]4O[C@H](CO)[C@@H](O)[C@H](O)[C@H]4O)c3c3[nH]c4ccccc4c23)C1=O,CHEMBL456248,K,7.01,10'6L/mol,CHEMBL1007354,Binding affinity to human serum albumin at 289 kelvin by fluorescence quenching measurement in presence of Bi3+ ions
CN1C(=O)c2c(c3c4ccccc4n([C@@H]4O[C@H](CO)[C@@H](O)[C@H](O)[C@H]4O)c3c3[nH]c4ccccc4c23)C1=O,CHEMBL456248,K,7.17,10'6L/mol,CHEMBL1007344,Binding affinity to human serum albumin at 289 kelvin by fluorescence quenching measurement in presence of Ca2+ ions
CN1C(=O)c2c(c3c4ccccc4n([C@@H]4O[C@H](CO)[C@@H](O)[C@H](O)[C@H]4O)c3c3[nH]c4ccccc4c23)C1=O,CHEMBL456248,K,145000.0,L/mol,CHEMBL1007343,Binding affinity to human serum albumin at 309 kelvin by fluorescence quenching measurement
CN1C(=O)c2c(c3c4ccccc4n([C@@H]4O[C@H](CO)[C@@H](O)[C@H](O)[C@H]4O)c3c3[nH]c4ccccc4c23)C1=O,CHEMBL456248,K,195000.0,L/mol,CHEMBL1007342,Binding affinity to human serum albumin at 299 kelvin by fluorescence quenching measurement
CN1C(=O)c2c(c3c4ccccc4n([C@@H]4O[C@H](CO)[C@@H](O)[C@H](O)[C@H]4O)c3c3[nH]c4ccccc4c23)C1=O,CHEMBL456248,K,231000.0,L/mol,CHEMBL1007341,Binding affinity to human serum albumin at 289 kelvin by fluorescence quenching measurement
CN1C(=O)c2c(c3c4ccccc4n([C@@H]4O[C@H](CO)[C@@H](O)[C@H](O)[C@H]4O)c3c3[nH]c4ccccc4c23)C1=O,CHEMBL456248,K,3.48,10'6L/mol,CHEMBL1007345,Binding affinity to human serum albumin at 289 kelvin by fluorescence quenching measurement in presence of Fe3+ ions
CN1C(=O)c2c(c3c4ccccc4n([C@@H]4O[C@H](CO)[C@@H](O)[C@H](O)[C@H]4O)c3c3[nH]c4ccccc4c23)C1=O,CHEMBL456248,K,8.78,10'6L/mol,CHEMBL1007346,Binding affinity to human serum albumin at 289 kelvin by fluorescence quenching measurement in presence of F- ions
CN1C(=O)c2c(c3c4ccccc4n([C@@H]4O[C@H](CO)[C@@H](O)[C@H](O)[C@H]4O)c3c3[nH]c4ccccc4c23)C1=O,CHEMBL456248,K,6.68,10'6L/mol,CHEMBL1007347,Binding affinity to human serum albumin at 289 kelvin by fluorescence quenching measurement in presence of [Sio3]2- ions
CN1C(=O)c2c(c3c4ccccc4n([C@@H]4O[C@H](CO)[C@@H](O)[C@H](O)[C@H]4O)c3c3[nH]c4ccccc4c23)C1=O,CHEMBL456248,K,4.87,10'6L/mol,CHEMBL1007348,Binding affinity to human serum albumin at 289 kelvin by fluorescence quenching measurement in presence of Pb2+ ions
CN1C(=O)c2c(c3c4ccccc4n([C@@H]4O[C@H](CO)[C@@H](O)[C@H](O)[C@H]4O)c3c3[nH]c4ccccc4c23)C1=O,CHEMBL456248,K,3.48,10'6L/mol,CHEMBL1007349,Binding affinity to human serum albumin at 289 kelvin by fluorescence quenching measurement in presence of [CO3]2- ions
CN1C(=O)c2c(c3c4ccccc4n([C@@H]4O[C@H](CO)[C@@H](O)[C@H](O)[C@H]4O)c3c3[nH]c4ccccc4c23)C1=O,CHEMBL456248,K,4.76,10'6L/mol,CHEMBL1007350,Binding affinity to human serum albumin at 289 kelvin by fluorescence quenching measurement in presence of Mg2+ ions
CN1C(=O)c2c(c3c4ccccc4n([C@@H]4O[C@H](CO)[C@@H](O)[C@H](O)[C@H]4O)c3c3[nH]c4ccccc4c23)C1=O,CHEMBL456248,K,4.33,10'6L/mol,CHEMBL1007351,Binding affinity to human serum albumin at 289 kelvin by fluorescence quenching measurement in presence of [SO4]2- ions
CN1C(=O)c2c(c3c4ccccc4n([C@@H]4O[C@H](CO)[C@@H](O)[C@H](O)[C@H]4O)c3c3[nH]c4ccccc4c23)C1=O,CHEMBL456248,K,5.32,10'6L/mol,CHEMBL1007352,Binding affinity to human serum albumin at 289 kelvin by fluorescence quenching measurement in presence of Ni2+ ions
CN1C(=O)c2c(c3c4ccccc4n([C@@H]4O[C@H](CO)[C@@H](O)[C@H](O)[C@H]4O)c3c3[nH]c4ccccc4c23)C1=O,CHEMBL456248,K,4.56,10'6L/mol,CHEMBL1007353,Binding affinity to human serum albumin at 289 kelvin by fluorescence quenching measurement in presence of Cd2+ ions
CN1C(=O)c2c(c3c4ccccc4n([C@@H]4O[C@H](CO)[C@@H](O)[C@H](O)[C@H]4O)c3c3[nH]c4ccccc4c23)C1=O,CHEMBL456248,K,3.4,10'6L/mol,CHEMBL1007359,Binding affinity to human serum albumin at 289 kelvin by fluorescence quenching measurement in presence of [NO3]- ions
CC(C)CCn1c(=O)c(C2=NS(=O)(=O)c3ccccc3N2)c(O)c2ccccc21,CHEMBL176058,Activity,99.9,%,CHEMBL1053169,Binding affinity to human serum albumin
CC(C)CCn1c(=O)c(C2=NS(=O)(=O)c3ccccc3N2)c(O)c2cccnc21,CHEMBL183046,Activity,99.9,%,CHEMBL1053169,Binding affinity to human serum albumin
CC(C)CCn1c(=O)c(C2=NS(=O)(=O)c3ccccc3N2)c(O)c2sccc21,CHEMBL556702,Activity,99.9,%,CHEMBL1053169,Binding affinity to human serum albumin
CC(C)CCn1c(=O)c(C2=NS(=O)(=O)c3ccccc3N2)c(O)c2ccsc21,CHEMBL564120,Activity,99.9,%,CHEMBL1053169,Binding affinity to human serum albumin
CC(C)CCn1c(=O)c(C2=NS(=O)(=O)c3ccccc3N2)c(O)c2cc(Br)sc21,CHEMBL550312,Activity,99.9,%,CHEMBL1053169,Binding affinity to human serum albumin
CC(C)CCn1c(=O)c(C2=NS(=O)(=O)c3ccccc3N2)c(O)c2cnn(C)c21,CHEMBL550250,Activity,97.0,%,CHEMBL1053169,Binding affinity to human serum albumin
CC(C)CCn1c(=O)c(C2=NS(=O)(=O)c3ccccc3N2)c(O)c2cn[nH]c21,CHEMBL565177,Activity,97.6,%,CHEMBL1053169,Binding affinity to human serum albumin
CC(C)CCn1c(=O)c(C2=NS(=O)(=O)c3cnccc3N2)c(O)c2ccccc21,CHEMBL560664,Activity,99.0,%,CHEMBL1053169,Binding affinity to human serum albumin
CC(C)CCn1c(=O)c(C2=NS(=O)(=O)c3ncccc3N2)c(O)c2ccccc21,CHEMBL563903,Activity,98.7,%,CHEMBL1053169,Binding affinity to human serum albumin
CC(C)CCn1c(=O)c(C2=NS(=O)(=O)c3c[n+]([O-])ccc3N2)c(O)c2ccccc21,CHEMBL563266,Activity,97.7,%,CHEMBL1053169,Binding affinity to human serum albumin
CC(C)CCn1c(=O)c(C2=NS(=O)(=O)c3ccsc3N2)c(O)c2ccccc21,CHEMBL550457,Activity,99.5,%,CHEMBL1053169,Binding affinity to human serum albumin
Cc1nn(C)c2c1S(=O)(=O)N=C(c1c(O)c3ccccc3n(CCC(C)C)c1=O)N2,CHEMBL561465,Activity,98.5,%,CHEMBL1053169,Binding affinity to human serum albumin
CC(C)CCn1c(=O)c(C2=NS(=O)(=O)C3=C(CCNC3)N2)c(O)c2ccccc21,CHEMBL560789,Activity,98.2,%,CHEMBL1053169,Binding affinity to human serum albumin
CC(=O)N1CCC2=C(C1)S(=O)(=O)N=C(c1c(O)c3ccccc3n(CCC(C)C)c1=O)N2,CHEMBL549982,Activity,98.0,%,CHEMBL1053169,Binding affinity to human serum albumin
COC(=O)CN1CCC2=C(C1)S(=O)(=O)N=C(c1c(O)c3ccccc3n(CCC(C)C)c1=O)N2,CHEMBL556903,Activity,97.6,%,CHEMBL1053169,Binding affinity to human serum albumin
CC(C)CCn1c(=O)c(C2=NS(=O)(=O)C3=C(CCN(CCCN)C3)N2)c(O)c2ccccc21,CHEMBL550390,Activity,98.3,%,CHEMBL1053169,Binding affinity to human serum albumin
CC(C)CCn1c(=O)c(C2=NS(=O)(=O)C3=C(CCN(CCC(N)=O)C3)N2)c(O)c2ccccc21,CHEMBL550391,Activity,98.0,%,CHEMBL1053169,Binding affinity to human serum albumin
CNC(=O)N1CCC2=C(C1)S(=O)(=O)N=C(c1c(O)c3ccccc3n(CCC(C)C)c1=O)N2,CHEMBL563797,Activity,98.2,%,CHEMBL1053169,Binding affinity to human serum albumin
CC(C)CCn1c(=O)c(C2=NS(=O)(=O)C3=C(CCN(C(=O)Nc4ccccc4)C3)N2)c(O)c2ccccc21,CHEMBL559668,Activity,99.4,%,CHEMBL1053169,Binding affinity to human serum albumin
CCN1CCC2=C(C1)S(=O)(=O)N=C(c1c(O)c3ccccc3n(CCC(C)C)c1=O)N2,CHEMBL549430,Activity,97.9,%,CHEMBL1053169,Binding affinity to human serum albumin
CC(C)CCn1c(=O)c(C2=NS(=O)(=O)C3=C(CCN(CCc4nnn[nH]4)C3)N2)c(O)c2ccccc21,CHEMBL549496,Activity,98.7,%,CHEMBL1053169,Binding affinity to human serum albumin
CC(C)CCn1c(=O)c(C2=NS(=O)(=O)c3cc(OCC(N)=O)ccc3N2)c(O)c2ccccc21,CHEMBL560922,Activity,99.2,%,CHEMBL1053169,Binding affinity to human serum albumin
CC(C)CCn1c(=O)c(C2=NS(=O)(=O)c3cc(O)ccc3N2)c(O)c2sccc21,CHEMBL550793,Activity,99.0,%,CHEMBL1053169,Binding affinity to human serum albumin
CC(C)CCn1c(=O)c(C2=NS(=O)(=O)c3cc(OCC(N)=O)ccc3N2)c(O)c2sccc21,CHEMBL564554,Activity,98.3,%,CHEMBL1053169,Binding affinity to human serum albumin
CC(C)CCn1c(=O)c(C2=NS(=O)(=O)c3cc(O[C@H](C)C(N)=O)ccc3N2)c(O)c2sccc21,CHEMBL561320,Activity,98.3,%,CHEMBL1053169,Binding affinity to human serum albumin
CC(C)CCn1c(=O)c(C2=NS(=O)(=O)c3cc(O)ccc3N2)c(O)c2ccsc21,CHEMBL565006,Activity,99.1,%,CHEMBL1053169,Binding affinity to human serum albumin
CC(C)CCn1c(=O)c(C2=NS(=O)(=O)c3cc(OCC(N)=O)ccc3N2)c(O)c2ccsc21,CHEMBL549841,Activity,98.7,%,CHEMBL1053169,Binding affinity to human serum albumin
CC(C)CCn1c(=O)c(C2=NS(=O)(=O)c3cc(O)ccc3N2)c(O)c2cccnc21,CHEMBL378174,Activity,99.0,%,CHEMBL1053169,Binding affinity to human serum albumin
CC(C)CCn1c(=O)c(C2=NS(=O)(=O)c3cc(OCC(N)=O)ccc3N2)c(O)c2cccnc21,CHEMBL211874,Activity,98.4,%,CHEMBL1053169,Binding affinity to human serum albumin
CC(C)CCn1c(=O)c(C2=NS(=O)(=O)c3cc(O[C@H](C)C(N)=O)ccc3N2)c(O)c2cccnc21,CHEMBL564807,Activity,98.3,%,CHEMBL1053169,Binding affinity to human serum albumin
O=c1c(C2=NS(=O)(=O)c3cc(O)ccc3N2)c(O)c2cccnc2n1CCC1CC1,CHEMBL560661,Activity,98.8,%,CHEMBL1053169,Binding affinity to human serum albumin
NC(=O)COc1ccc2c(c1)S(=O)(=O)N=C(c1c(O)c3cccnc3n(CCC3CC3)c1=O)N2,CHEMBL561064,Activity,97.8,%,CHEMBL1053169,Binding affinity to human serum albumin
C[C@@H](Oc1ccc2c(c1)S(=O)(=O)N=C(c1c(O)c3cccnc3n(CCC3CC3)c1=O)N2)C(N)=O,CHEMBL565204,Activity,97.8,%,CHEMBL1053169,Binding affinity to human serum albumin
O=C(O)CCCCCOc1ccc(/C=C/c2cc(O)cc(O)c2)cc1,CHEMBL504510,FC,40.0,,CHEMBL1053874,Binding affinity to human serum albumin
NS(=O)(=O)c1nnc(NC(=O)CCC(=O)NC(CCCCNC(=O)CCCc2ccc(I)cc2)C(=O)O)s1,CHEMBL561947,Kd,820.0,nM,CHEMBL1060057,Binding affinity to HSA by isothermal titration calorimetry
O=c1[nH]cnc2c1ncn2[C@H]1CC[C@@H](CO)O1,CHEMBL1460,PB,5.0,%,CHEMBL1045722,Relative binding to human serum albumin after 1 hr
O=C(O)CCCCCCCCCCC(=O)OC[C@H]1CC[C@@H](n2cnc3c(=O)[nH]cnc32)O1,CHEMBL573366,PB,76.0,%,CHEMBL1045722,Relative binding to human serum albumin after 1 hr
O=C(O)CCCCCCCC(=O)OC[C@H]1CC[C@@H](n2cnc3c(=O)[nH]cnc32)O1,CHEMBL583513,PB,53.0,%,CHEMBL1045722,Relative binding to human serum albumin after 1 hr
O=C(O)CCCCC(=O)OC[C@H]1CC[C@@H](n2cnc3c(=O)[nH]cnc32)O1,CHEMBL575213,PB,8.0,%,CHEMBL1045722,Relative binding to human serum albumin after 1 hr
C[C@H](CCC(=O)O)[C@H]1CC[C@H]2[C@@H]3[C@H](O)C[C@@H]4C[C@H](O)CC[C@]4(C)[C@H]3CC[C@]12C,CHEMBL240597,PB,93.0,%,CHEMBL1043247,Binding affinity to albumin
CC[C@H]1[C@@H](O)[C@@H]2[C@H](C[C@H](O)[C@]3(C)[C@@H]([C@H](C)C[C@H](C)C(=O)O)CC[C@@H]23)[C@@]2(C)CC[C@@H](O)C[C@@H]12,CHEMBL567640,PB,62.0,%,CHEMBL1043247,Binding affinity to albumin
C[C@H](CCC(=O)O)[C@H]1CC[C@H]2[C@@H]3[C@H](O)C[C@@H]4C[C@H](O)CC[C@]4(C)[C@H]3C[C@H](O)[C@]12C,CHEMBL205596,PB,54.0,%,CHEMBL1043247,Binding affinity to albumin
CC1(C)CC(OC(=O)c2cc3cc4c5c(c3oc2=O)CCCN5CCC4)CC(C)(C)N1O,CHEMBL570674,Ka,4.8,10'4/M,CHEMBL1047111,Binding affinity to human serum albumin by Benesi-Hildebrand method
CC1(C)CC(OC(=O)c2cc3cc4c5c(c3oc2=O)CCCN5CCC4)CC(C)(C)N1O,CHEMBL570674,Ka,5.0,10'4/M,CHEMBL1047112,Binding affinity to human serum albumin by tryptophan fluorescence quenching method
Cc1nc2ccccc2c(C(=O)OC2CC(C)(C)N(O)C(C)(C)C2)c1O,CHEMBL585569,Ka,9.0,10'4/M,CHEMBL1047112,Binding affinity to human serum albumin by tryptophan fluorescence quenching method
CC1(C)CC(OC(=O)c2cc3cc4c5c(c3oc2=O)CCCN5CCC4)CC(C)(C)N1O,CHEMBL570674,Activity,2.9,%,CHEMBL1047115,Binding affinity to 15 uM human serum albumin assessed as fluorescence distribution at 2.5 uM
CC1(C)CC(OC(=O)c2cc3cc4c5c(c3oc2=O)CCCN5CCC4)CC(C)(C)N1O,CHEMBL570674,Activity,28.1,%,CHEMBL1040075,Binding affinity to 45 uM human serum albumin assessed as fluorescence distribution at 2.5 uM
CC1(C)CC(OC(=O)c2cc3cc4c5c(c3oc2=O)CCCN5CCC4)CC(C)(C)N1O,CHEMBL570674,Activity,44.6,%,CHEMBL1040076,Binding affinity to 130 uM human serum albumin assessed as fluorescence distribution at 2.5 uM
O=C1C(N2CCCC2)=NN(c2ccccc2)CN1c1ccccc1Cl,CHEMBL596797,Kd,2.46,uM,CHEMBL1074418,Binding affinity to HSA after 30 mins assessed as quenching of intrinsic HSA fluorescence emission by spectrofluorimetric assay
O=C1C(N2CCCC2)=NN(c2ccc(Cl)cc2)CN1c1ccccc1Cl,CHEMBL611366,Kd,2.77,uM,CHEMBL1074418,Binding affinity to HSA after 30 mins assessed as quenching of intrinsic HSA fluorescence emission by spectrofluorimetric assay
CN(C)C1=NN(c2ccc(Cl)cc2)CN(c2ccccc2Cl)C1=O,CHEMBL596596,Kd,10.21,uM,CHEMBL1074418,Binding affinity to HSA after 30 mins assessed as quenching of intrinsic HSA fluorescence emission by spectrofluorimetric assay
CN(C)C1=NN(c2ccccc2)CN(c2ccccc2Cl)C1=O,CHEMBL596595,Kd,7.96,uM,CHEMBL1074418,Binding affinity to HSA after 30 mins assessed as quenching of intrinsic HSA fluorescence emission by spectrofluorimetric assay
Cc1ccc(NC(=O)c2ccc(CN3CCN(C)CC3)cc2)cc1Nc1nccc(-c2cccnc2)n1,CHEMBL941,Kd,78.64,uM,CHEMBL1074418,Binding affinity to HSA after 30 mins assessed as quenching of intrinsic HSA fluorescence emission by spectrofluorimetric assay
c1ccc(N2CCN(CC3CCCCN3)C2)cc1,CHEMBL1084132,%Bound_Albumin,41.8,%,CHEMBL1109606,Binding affinity to human serum albumin
O=C1Nc2ccc(Cl)cc2[C@@](C#CC2CC2)(C(F)(F)F)O1,CHEMBL223228,PB,99.9,%,CHEMBL1104204,Binding affinity to human serum albumin
Cc1cc(C#N)cc(C)c1Oc1nc(Nc2ccc(C#N)cc2)nc(N)c1Br,CHEMBL308954,PB,99.8,%,CHEMBL1104204,Binding affinity to human serum albumin
Cc1cc(C#N)cc(C(=O)c2c(C(C)C)c(=O)[nH]c(=O)n2Cc2cc(N)nc(F)c2)c1,CHEMBL1081651,PB,93.6,%,CHEMBL1104204,Binding affinity to human serum albumin
Cc1cc(C#N)cc(C(=O)c2c(C(C)C)c(=O)[nH]c(=O)n2Cc2cc(N)nc(F)c2F)c1,CHEMBL1081821,PB,93.3,%,CHEMBL1104204,Binding affinity to human serum albumin
Cc1cc(C#N)cc(C(=O)c2c(C(C)C)c(=O)[nH]c(=O)n2Cc2cc(F)nc(F)c2)c1,CHEMBL1081822,PB,94.2,%,CHEMBL1104204,Binding affinity to human serum albumin
Cc1cc(C#N)cc(C(=O)c2c(C(C)C)c(=O)[nH]c(=O)n2Cc2ccnc(F)c2)c1,CHEMBL1081995,PB,87.7,%,CHEMBL1104204,Binding affinity to human serum albumin
O=C1Nc2ccc(Cl)cc2[C@@](C#CC2CC2)(C(F)(F)F)O1,CHEMBL223228,PB,99.9,%,CHEMBL1102087,Binding affinity to human serum albumin
Cc1cc(C#N)cc(C(=O)c2c(C(C)C)c(=O)[nH]c(=O)n2C)c1,CHEMBL1081657,PB,85.9,%,CHEMBL1102087,Binding affinity to human serum albumin
CCn1c(C(=O)c2cc(C)cc(C#N)c2)c(C(C)C)c(=O)[nH]c1=O,CHEMBL1081658,PB,83.4,%,CHEMBL1102087,Binding affinity to human serum albumin
CCCn1c(C(=O)c2cc(C)cc(C#N)c2)c(C(C)C)c(=O)[nH]c1=O,CHEMBL1081659,PB,99.1,%,CHEMBL1102087,Binding affinity to human serum albumin
CCCCn1c(C(=O)c2cc(C)cc(C#N)c2)c(C(C)C)c(=O)[nH]c1=O,CHEMBL1081840,PB,99.9,%,CHEMBL1102087,Binding affinity to human serum albumin
CCc1c(C(=O)c2cc(C)cc(C#N)c2)n(CC)c(=O)[nH]c1=O,CHEMBL1080501,PB,85.1,%,CHEMBL1102087,Binding affinity to human serum albumin
CCn1c(C(=O)c2cc(C)cc(C#N)c2)c(C(C)(C)C)c(=O)[nH]c1=O,CHEMBL1081850,PB,99.3,%,CHEMBL1102087,Binding affinity to human serum albumin
CCn1c(C(F)(F)c2cc(C)cc(C#N)c2)c(C(C)C)c(=O)[nH]c1=O,CHEMBL1081851,PB,98.7,%,CHEMBL1102087,Binding affinity to human serum albumin
CCn1c(C(F)c2cc(C)cc(C#N)c2)c(C(C)C)c(=O)[nH]c1=O,CHEMBL1076571,PB,98.0,%,CHEMBL1102087,Binding affinity to human serum albumin
CCn1c(Oc2cc(C)cc(C#N)c2)c(C(C)C)c(=O)[nH]c1=O,CHEMBL1080511,PB,96.0,%,CHEMBL1102087,Binding affinity to human serum albumin
Cc1cc(C#N)cc(C)c1Oc1nc(Nc2ccc(C#N)cc2)nc(N)c1Br,CHEMBL308954,PB,99.8,%,CHEMBL1102087,Binding affinity to human serum albumin
CCCC(=O)Nc1n[nH]c2cc(-c3ccc(O)cc3)ccc12,CHEMBL1082237,Activity,97.3,%,CHEMBL1111578,Binding affinity to human serum albumin
CCCC(=O)Nc1n[nH]c2cc(Cl)c(-c3ccccc3)cc12,CHEMBL1095040,Activity,99.4,%,CHEMBL1111578,Binding affinity to human serum albumin
CCCC(=O)Nc1n[nH]c2cc(-c3ccc(O)cc3)c(Br)cc12,CHEMBL1093747,Activity,99.3,%,CHEMBL1111578,Binding affinity to human serum albumin
CCC(=O)Nc1n[nH]c2cc(Cl)ccc12,CHEMBL1089605,Activity,92.8,%,CHEMBL1111578,Binding affinity to human serum albumin
O=C(O)CCC(=O)Nc1n[nH]c2cc(Cl)ccc12,CHEMBL1084134,Activity,90.0,%,CHEMBL1111578,Binding affinity to human serum albumin
CC[C@H](C)[C@H](NC(=O)[C@H](Cc1ccccc1)NC(=O)[C@H](CC(C)C)NC(=O)[C@H](CCCNC(=N)N)NC(=O)[C@@H](NC(=O)[C@H](C)NC(=O)[C@H](CCC(=O)O)NC(=O)[C@H](CCC(=O)O)NC(=O)[C@H](CCC(=O)O)NC(=O)[C@H](CCSC)NC(=O)[C@H](CCC(N)=O)NC(=O)[C@H](CCCCN)NC(=O)[C@H](CO)NC(=O)[C@H](CC(C)C)OC(=O)[C@H](CC(=O)O)NC(=O)[C@H](CO)NC(=O)[C@@H](NC(=O)[C@H](Cc1ccccc1)NC(=O)[C@@H](NC(=O)CNC(=O)[C@H](CCC(=O)O)NC(=O)CNC(=O)[C@@H](N)Cc1cnc[nH]1)[C@@H](C)O)[C@@H](C)O)C(C)C)C(=O)N[C@@H](CCC(=O)O)C(=O)N[C@@H](Cc1c[nH]c2ccccc12)C(=O)N[C@@H](CC(C)C)C(=O)N[C@@H](CCCCNC(=O)CC[C@@H](C)[C@H]1CC[C@H]2[C@@H]3[C@H](O)C[C@@H]4C[C@H](O)CC[C@]4(C)[C@H]3C[C@H](O)[C@]12C)C(=O)N[C@@H](CC(N)=O)C(=O)NCC(=O)NCC(=O)N1CCC[C@H]1C(=O)N[C@@H](CO)C(=O)N[C@@H](CO)C(=O)NCC(=O)N[C@@H](C)C(=O)N1CCC[C@H]1C(=O)N1CCC[C@H]1C(=O)N1CCC[C@H]1C(=O)N[C@@H](CO)C(N)=O,CHEMBL1092373,Activity,49.0,%,CHEMBL1108871,Binding affinity to human serum albumin at 100 ug/mL in phosphate buffer saline after 2 hrs
CC[C@H](C)[C@H](NC(=O)[C@H](Cc1ccccc1)NC(=O)[C@H](CC(C)C)NC(=O)[C@H](CCCNC(=N)N)NC(=O)[C@@H](NC(=O)[C@H](C)NC(=O)[C@H](CCC(=O)O)NC(=O)[C@H](CCC(=O)O)NC(=O)[C@H](CCC(=O)O)NC(=O)[C@H](CCSC)NC(=O)[C@H](CCC(N)=O)NC(=O)[C@H](CCCCN)NC(=O)[C@H](CO)NC(=O)[C@H](CC(C)C)OC(=O)[C@H](CC(=O)O)NC(=O)[C@H](CO)NC(=O)[C@@H](NC(=O)[C@H](Cc1ccccc1)NC(=O)[C@@H](NC(=O)CNC(=O)[C@H](CCC(=O)O)NC(=O)CNC(=O)[C@@H](N)Cc1cnc[nH]1)[C@@H](C)O)[C@@H](C)O)C(C)C)C(=O)N[C@@H](CCC(=O)O)C(=O)N[C@@H](Cc1c[nH]c2ccccc12)C(=O)N[C@@H](CC(C)C)C(=O)N[C@@H](CCCCNC(=O)CC[C@@H](C)[C@H]1CC[C@H]2[C@@H]3CC[C@@H]4C[C@H](O)CC[C@]4(C)[C@H]3CC[C@]12C)C(=O)N[C@@H](CC(N)=O)C(=O)NCC(=O)NCC(=O)N1CCC[C@H]1C(=O)N[C@@H](CO)C(=O)N[C@@H](CO)C(=O)NCC(=O)N[C@@H](C)C(=O)N1CCC[C@H]1C(=O)N1CCC[C@H]1C(=O)N1CCC[C@H]1C(=O)N[C@@H](CO)C(N)=O,CHEMBL1092708,Activity,78.8,%,CHEMBL1108871,Binding affinity to human serum albumin at 100 ug/mL in phosphate buffer saline after 2 hrs
CC[C@H](C)[C@H](NC(=O)[C@H](Cc1ccccc1)NC(=O)[C@H](CC(C)C)NC(=O)[C@H](CCCNC(=N)N)NC(=O)[C@@H](NC(=O)[C@H](C)NC(=O)[C@H](CCC(=O)O)NC(=O)[C@H](CCC(=O)O)NC(=O)[C@H](CCC(=O)O)NC(=O)[C@H](CCSC)NC(=O)[C@H](CCC(N)=O)NC(=O)[C@H](CCCCN)NC(=O)[C@H](CO)NC(=O)[C@H](CC(C)C)OC(=O)[C@H](CC(=O)O)NC(=O)[C@H](CO)NC(=O)[C@@H](NC(=O)[C@H](Cc1ccccc1)NC(=O)[C@@H](NC(=O)CNC(=O)[C@H](CCC(=O)O)NC(=O)CNC(=O)[C@@H](N)Cc1cnc[nH]1)[C@@H](C)O)[C@@H](C)O)C(C)C)C(=O)N[C@@H](CCC(=O)O)C(=O)N[C@@H](Cc1c[nH]c2ccccc12)C(=O)N[C@@H](CC(C)C)C(=O)N[C@@H](CCCCNC(=O)CC[C@@H](C)[C@H]1CC[C@H]2[C@@H]3CC[C@@H]4C[C@H](O)CC[C@]4(C)[C@H]3C[C@H](O)[C@]12C)C(=O)N[C@@H](CC(N)=O)C(=O)NCC(=O)NCC(=O)N1CCC[C@H]1C(=O)N[C@@H](CO)C(=O)N[C@@H](CO)C(=O)NCC(=O)N[C@@H](C)C(=O)N1CCC[C@H]1C(=O)N1CCC[C@H]1C(=O)N1CCC[C@H]1C(=O)N[C@@H](CO)C(N)=O,CHEMBL1092706,Activity,56.0,%,CHEMBL1108871,Binding affinity to human serum albumin at 100 ug/mL in phosphate buffer saline after 2 hrs
CC[C@H](C)[C@H](NC(=O)[C@H](Cc1ccccc1)NC(=O)[C@H](CC(C)C)NC(=O)[C@H](CCCNC(=N)N)NC(=O)[C@@H](NC(=O)[C@H](C)NC(=O)[C@H](CCC(=O)O)NC(=O)[C@H](CCC(=O)O)NC(=O)[C@H](CCC(=O)O)NC(=O)[C@H](CCSC)NC(=O)[C@H](CCC(N)=O)NC(=O)[C@H](CCCCN)NC(=O)[C@H](CO)NC(=O)[C@H](CC(C)C)NC(=O)[C@H](CC(=O)O)NC(=O)[C@H](CO)NC(=O)[C@@H](NC(=O)[C@H](Cc1ccccc1)NC(=O)[C@@H](NC(=O)CNC(=O)[C@H](CCC(=O)O)NC(=O)CNC(=O)[C@@H](N)Cc1cnc[nH]1)[C@@H](C)O)[C@@H](C)O)C(C)C)C(=O)N[C@@H](CCC(=O)O)C(=O)N[C@@H](Cc1c[nH]c2ccccc12)C(=O)N[C@@H](CC(C)C)C(=O)N[C@@H](CCCCN)C(=O)N[C@@H](CC(N)=O)C(=O)NCC(=O)NCC(=O)N1CCC[C@H]1C(=O)N[C@@H](CO)C(=O)N[C@@H](CO)C(=O)NCC(=O)N[C@@H](C)C(=O)N1CCC[C@H]1C(=O)N1CCC[C@H]1C(=O)N1CCC[C@H]1C(=O)N[C@@H](CO)C(N)=O,CHEMBL414357,Activity,31.5,%,CHEMBL1108871,Binding affinity to human serum albumin at 100 ug/mL in phosphate buffer saline after 2 hrs
CCc1ccc(CC)c2c1CC(NC[C@H](O)c1ccc(O)c3[nH]c(=O)ccc13)C2,CHEMBL1094487,Activity,94.0,%,CHEMBL1115581,Binding affinity to human serum albumin by UV/HPLC analysis
COc1cc2c(cc1OC)CC(NC[C@H](O)c1ccc(O)c3[nH]c(=O)ccc13)C2,CHEMBL1094486,Activity,59.5,%,CHEMBL1115581,Binding affinity to human serum albumin by UV/HPLC analysis
CCCCc1cc2c(cc1CCCC)CC(NC[C@H](O)c1ccc(O)c3[nH]c(=O)ccc13)C2,CHEMBL1095779,Activity,99.5,%,CHEMBL1115581,Binding affinity to human serum albumin by UV/HPLC analysis
CCCc1cc2c(cc1CCC)CC(NC[C@H](O)c1ccc(O)c3[nH]c(=O)ccc13)C2,CHEMBL1095778,Activity,98.6,%,CHEMBL1115581,Binding affinity to human serum albumin by UV/HPLC analysis
CCc1cc2c(cc1CC)CC(NC[C@H](O)c1ccc(O)c3[nH]c(=O)ccc13)C2,CHEMBL1095777,Activity,95.7,%,CHEMBL1115581,Binding affinity to human serum albumin by UV/HPLC analysis
Cc1cc2c(cc1C)CC(NC[C@H](O)c1ccc(O)c3[nH]c(=O)ccc13)C2,CHEMBL1094483,Activity,89.8,%,CHEMBL1115581,Binding affinity to human serum albumin by UV/HPLC analysis
O=c1ccc2c([C@@H](O)CNC3Cc4ccccc4C3)ccc(O)c2[nH]1,CHEMBL1094323,Activity,63.8,%,CHEMBL1115581,Binding affinity to human serum albumin by UV/HPLC analysis
CC(C)(C)NCC(O)c1ccc(O)c(CO)c1,CHEMBL714,Activity,29.9,%,CHEMBL1115581,Binding affinity to human serum albumin by UV/HPLC analysis
OCc1cc(C(O)CNCCCCCCOCCCCc2ccccc2)ccc1O,CHEMBL1263,Activity,91.1,%,CHEMBL1115581,Binding affinity to human serum albumin by UV/HPLC analysis
COc1ccc(CC(C)NCC(O)c2ccc(O)c(NC=O)c2)cc1,CHEMBL1256786,Activity,31.7,%,CHEMBL1115581,Binding affinity to human serum albumin by UV/HPLC analysis
COc1ccc(C[C@@H](C)NC[C@H](O)c2ccc(O)c3[nH]c(=O)ccc23)cc1,CHEMBL1094785,Activity,57.1,%,CHEMBL1115581,Binding affinity to human serum albumin by UV/HPLC analysis
CCCCCCCN(CCc1ccc(SC(C)(C)C(=O)O)cc1)C(=O)Nc1ccc(F)cc1F,CHEMBL278590,Activity,1.3,uM,CHEMBL1117975,Binding affinity to human serum albumin
Cc1ccc(NC(=O)CN(Cc2ccc(OC(C)(C)C(=O)O)cc2)Cc2ccco2)c(C)c1,CHEMBL1085795,Activity,10.0,uM,CHEMBL1117975,Binding affinity to human serum albumin
O=S(=O)(Nc1cc(Cl)cnc1Oc1cccnc1)c1ccc(Cl)c(Cl)c1,CHEMBL1170722,Activity,99.5,%,CHEMBL1174529,Binding affinity to immobilised human serum albumin by ultrafiltration and biacore method
O=S(=O)(Nc1cc(Cl)cnc1Oc1cccnc1)c1ccc(Cl)c(Cl)c1,CHEMBL1170722,Activity,98.0,%,CHEMBL1174528,Binding affinity to immobilised human serum albumin by chromatographic analysis
COC(=O)N[C@H](C(=O)N[C@@H](Cc1ccccc1)[C@@H](O)CN(Cc1ccc(-c2ccccn2)cc1)NC(=O)[C@@H](NC(=O)OC)C(C)(C)C)C(C)(C)C,CHEMBL1163,Activity,21.3,%,CHEMBL1216754,Binding affinity to human serum albumin
CNCC[C@H](Oc1cccc2ccccc12)c1cccs1.Cl,CHEMBL1200328,Kb,1.75,10'3L/mol,CHEMBL1246679,Binding affinity to human serum albumin at pH 7.4
CNCC[C@H](Oc1cccc2ccccc12)c1cccs1.Cl,CHEMBL1200328,Kb,3.74,10'3L/mol,CHEMBL1246680,Binding affinity to human serum albumin at pH 8.5
CNCC[C@@H](Oc1cccc2ccccc12)c1cccs1.Cl,CHEMBL1243041,Kb,1.85,10'3L/mol,CHEMBL1246679,Binding affinity to human serum albumin at pH 7.4
CNCC[C@@H](Oc1cccc2ccccc12)c1cccs1.Cl,CHEMBL1243041,Kb,2.68,10'3L/mol,CHEMBL1246680,Binding affinity to human serum albumin at pH 8.5
NC(=O)c1cc(-c2ccnc(N)n2)[nH]c1-c1ccc2sccc2c1,CHEMBL1271333,PPB,77.0,%,CHEMBL1274156,Plasma protein binding in human serum albumin
NC(=O)c1cc(-c2ccnc(N)n2)[nH]c1-c1ccsc1,CHEMBL1269729,PPB,78.0,%,CHEMBL1274156,Plasma protein binding in human serum albumin
NC(=O)c1cc(-c2ccnc(N)n2)[nH]c1-c1cccs1,CHEMBL1269728,PPB,68.0,%,CHEMBL1274156,Plasma protein binding in human serum albumin
CCn1c(-c2ccnc(N)n2)cc(C(N)=O)c1-c1ccccc1,CHEMBL1270924,PPB,94.0,%,CHEMBL1274156,Plasma protein binding in human serum albumin
NC(=O)c1c(-c2ccccc2)[nH]c(-c2ccnc(N)n2)c1I,CHEMBL1270620,PPB,68.0,%,CHEMBL1274156,Plasma protein binding in human serum albumin
NC(=O)c1cc(-c2nc(N)ncc2F)[nH]c1-c1ccccc1,CHEMBL1271334,PPB,68.0,%,CHEMBL1274156,Plasma protein binding in human serum albumin
NC(=O)c1cc(-c2ccnc(N)n2)[nH]c1-c1ccccc1,CHEMBL1270230,PPB,64.0,%,CHEMBL1274156,Plasma protein binding in human serum albumin
CCCCCOc1ccc(-c2cc(-c3ccc(C(=O)N[C@H]4C[C@@H](O)[C@@H](O)NC(=O)[C@@H]5[C@@H](O)[C@@H](C)CN5C(=O)[C@H]([C@H](O)CC(N)=O)NC(=O)[C@H]([C@H](O)[C@@H](O)c5ccc(O)c(OS(=O)(=O)O)c5)NC(=O)[C@@H]5C[C@@H](O)CN5C(=O)[C@H]([C@@H](C)O)NC4=O)cc3)no2)cc1,CHEMBL457547,Activity,99.7,%,CHEMBL1281954,Binding affinity to human serum albumin in cell-free system
COc1cccc2c1C(=O)c1c(O)c3c(c(O)c1C2=O)C[C@@](O)(C(=O)O)C[C@@H]3O[C@H]1C[C@H](N=[N+]=[N-])[C@H](O)[C@H](C)O1,CHEMBL1289539,K,11.12,10'4/M,CHEMBL1290956,Binding affinity to human serum albumin assessed as binding constant by fluorescence quenching assay in presence of Na+ ions
COc1cccc2c1C(=O)c1c(O)c3c(c(O)c1C2=O)C[C@@](O)(C(=O)O)C[C@@H]3O[C@H]1C[C@H](N=[N+]=[N-])[C@H](O)[C@H](C)O1,CHEMBL1289539,K,6.34,10'4/M,CHEMBL1290957,Binding affinity to human serum albumin assessed as binding constant by fluorescence quenching assay in presence of Co2+ ions
COc1cccc2c1C(=O)c1c(O)c3c(c(O)c1C2=O)C[C@@](O)(C(=O)O)C[C@@H]3O[C@H]1C[C@H](N=[N+]=[N-])[C@H](O)[C@H](C)O1,CHEMBL1289539,K,6.18,10'4/M,CHEMBL1290958,Binding affinity to human serum albumin assessed as binding constant by fluorescence quenching assay in presence of F- ions
COc1cccc2c1C(=O)c1c(O)c3c(c(O)c1C2=O)C[C@@](O)(C(=O)O)C[C@@H]3O[C@H]1C[C@H](N=[N+]=[N-])[C@H](O)[C@H](C)O1,CHEMBL1289539,K,4.77,10'4/M,CHEMBL1290959,Binding affinity to human serum albumin assessed as binding constant by fluorescence quenching assay in presence of phosphate ions
COc1cccc2c1C(=O)c1c(O)c3c(c(O)c1C2=O)C[C@@](O)(C(=O)O)C[C@@H]3O[C@H]1C[C@H](N=[N+]=[N-])[C@H](O)[C@H](C)O1,CHEMBL1289539,K,7.85,10'4/M,CHEMBL1290960,Binding affinity to human serum albumin assessed as binding constant by fluorescence quenching assay in presence of Pb2+ ions
COc1cccc2c1C(=O)c1c(O)c3c(c(O)c1C2=O)C[C@@](O)(C(=O)O)C[C@@H]3O[C@H]1C[C@H](N=[N+]=[N-])[C@H](O)[C@H](C)O1,CHEMBL1289539,K,11.02,10'4/M,CHEMBL1290961,Binding affinity to human serum albumin assessed as binding constant by fluorescence quenching assay in presence of carbonate ions
COc1cccc2c1C(=O)c1c(O)c3c(c(O)c1C2=O)C[C@@](O)(C(=O)O)C[C@@H]3O[C@H]1C[C@H](N=[N+]=[N-])[C@H](O)[C@H](C)O1,CHEMBL1289539,K,5.84,10'4/M,CHEMBL1290962,Binding affinity to human serum albumin assessed as binding constant by fluorescence quenching assay in presence of Mg2+ ions
COc1cccc2c1C(=O)c1c(O)c3c(c(O)c1C2=O)C[C@@](O)(C(=O)O)C[C@@H]3O[C@H]1C[C@H](N=[N+]=[N-])[C@H](O)[C@H](C)O1,CHEMBL1289539,K,8.08,10'4/M,CHEMBL1290963,Binding affinity to human serum albumin assessed as binding constant by fluorescence quenching assay in presence of sulphate ions
COc1cccc2c1C(=O)c1c(O)c3c(c(O)c1C2=O)C[C@@](O)(C(=O)O)C[C@@H]3O[C@H]1C[C@H](N=[N+]=[N-])[C@H](O)[C@H](C)O1,CHEMBL1289539,K,6.3,10'4/M,CHEMBL1290964,Binding affinity to human serum albumin assessed as binding constant by fluorescence quenching assay in presence of Ni2+ ions
COc1cccc2c1C(=O)c1c(O)c3c(c(O)c1C2=O)C[C@@](O)(C(=O)O)C[C@@H]3O[C@H]1C[C@H](N=[N+]=[N-])[C@H](O)[C@H](C)O1,CHEMBL1289539,K,6.33,10'4/M,CHEMBL1290965,Binding affinity to human serum albumin assessed as binding constant by fluorescence quenching assay in presence of Cd2+ ions
COc1cccc2c1C(=O)c1c(O)c3c(c(O)c1C2=O)C[C@@](O)(C(=O)O)C[C@@H]3O[C@H]1C[C@H](N=[N+]=[N-])[C@H](O)[C@H](C)O1,CHEMBL1289539,K,8.1,10'4/M,CHEMBL1290966,Binding affinity to human serum albumin assessed as binding constant by fluorescence quenching assay in presence of Bi3+ ions
COc1cccc2c1C(=O)c1c(O)c3c(c(O)c1C2=O)C[C@@](O)(C(=O)O)C[C@@H]3O[C@H]1C[C@H](N=[N+]=[N-])[C@H](O)[C@H](C)O1,CHEMBL1289539,K,10.71,10'4/M,CHEMBL1290967,Binding affinity to human serum albumin assessed as binding constant by fluorescence quenching assay in presence of NH4+ ions
COc1cccc2c1C(=O)c1c(O)c3c(c(O)c1C2=O)C[C@@](O)(C(=O)O)C[C@@H]3O[C@H]1C[C@H](N=[N+]=[N-])[C@H](O)[C@H](C)O1,CHEMBL1289539,K,8.71,10'4/M,CHEMBL1290968,Binding affinity to human serum albumin assessed as binding constant by fluorescence quenching assay in presence of K+ ions
COc1cccc2c1C(=O)c1c(O)c3c(c(O)c1C2=O)C[C@@](O)(C(=O)O)C[C@@H]3O[C@H]1C[C@H](N=[N+]=[N-])[C@H](O)[C@H](C)O1,CHEMBL1289539,K,2.4,10'4/M,CHEMBL1290969,Binding affinity to human serum albumin assessed as binding constant by fluorescence quenching assay in presence of Al3+ ions
COc1cccc2c1C(=O)c1c(O)c3c(c(O)c1C2=O)C[C@@](O)(C(=O)O)C[C@@H]3O[C@H]1C[C@H](N=[N+]=[N-])[C@H](O)[C@H](C)O1,CHEMBL1289539,K,11.2,10'4/M,CHEMBL1290970,Binding affinity to human serum albumin assessed as binding constant by fluorescence quenching assay in presence of Hg2+ ions
COc1cccc2c1C(=O)c1c(O)c3c(c(O)c1C2=O)C[C@@](O)(C(=O)O)C[C@@H]3O[C@H]1C[C@H](N=[N+]=[N-])[C@H](O)[C@H](C)O1,CHEMBL1289539,K,6.49,10'4/M,CHEMBL1290971,Binding affinity to human serum albumin assessed as binding constant by fluorescence quenching assay in presence of oxalate ions
CN[C@H](CC(C)C)C(=O)N[C@H]1C(=O)N[C@@H](CC(N)=O)C(=O)N[C@H]2C(=O)N[C@H]3C(=O)N[C@H](C(=O)N[C@H](C(=O)O)c4cc(O)cc(O)c4-c4cc3ccc4O)[C@H](O[C@H]3C[C@](C)(N)[C@@H](O)[C@H](C)O3)c3ccc(c(Cl)c3)Oc3cc2cc(c3O[C@@H]2O[C@H](CO)[C@@H](O)[C@H](O)[C@H]2O[C@H]2C[C@](C)(NCc3ccc(-c4ccc(Cl)cc4)cc3)[C@@H](O)[C@H](C)O2)Oc2ccc(cc2Cl)[C@H]1O,CHEMBL1688530,PB,85.3,%,CHEMBL1639486,Binding affinity to human serum albumin at 0.2 ug/ml
CC1COc2c(N3CCN(C)CC3)c(F)cc3c(=O)c(C(=O)O)cn1c23,CHEMBL4,Kd,12.0,uM,CHEMBL1661507,Binding affinity to first site on human serum albumin by SPR
CC(=O)O[C@H]1C[C@@]2(C)[C@@H](C[C@@H](O)[C@H]3[C@@]4(C)CC[C@@H](O)[C@@H](C)[C@@H]4CC[C@@]32C)/C1=C(\CCC=C(C)C)C(=O)O,CHEMBL374975,Kd,12.0,uM,CHEMBL1661507,Binding affinity to first site on human serum albumin by SPR
CO[C@@H]1[C@@H](OC(N)=O)[C@@H](O)[C@H](Oc2ccc3c(O)c(NC(=O)c4ccc(O)c(CC=C(C)C)c4)c(=O)oc3c2C)OC1(C)C,CHEMBL36506,Kd,12.0,uM,CHEMBL1661507,Binding affinity to first site on human serum albumin by SPR
CN[C@H](CC(C)C)C(=O)N[C@H]1C(=O)N[C@@H](CC(N)=O)C(=O)N[C@H]2C(=O)N[C@H]3C(=O)N[C@H](C(=O)N[C@H](C(=O)O)c4cc(O)cc(O)c4-c4cc3ccc4O)[C@H](O)c3ccc(c(Cl)c3)Oc3cc2cc(c3O[C@@H]2O[C@H](CO)[C@@H](O)[C@H](O)[C@H]2O[C@H]2C[C@](C)(N)[C@H](O)[C@H](C)O2)Oc2ccc(cc2Cl)[C@H]1O,CHEMBL262777,Kd,12.0,uM,CHEMBL1661507,Binding affinity to first site on human serum albumin by SPR
CO[C@H]1/C=C/O[C@@]2(C)Oc3c(C)c(O)c4c(O)c(c(/C=N/N5CCN(C)CC5)c(O)c4c3C2=O)NC(=O)/C(C)=C\C=C\[C@H](C)[C@H](O)[C@@H](C)[C@@H](O)[C@@H](C)[C@H](OC(C)=O)[C@@H]1C,CHEMBL374478,Kd,12.0,uM,CHEMBL1661507,Binding affinity to first site on human serum albumin by SPR
CN(C)c1ccc(O)c2c1C[C@H]1C[C@H]3[C@H](N(C)C)C(O)=C(C(N)=O)C(=O)[C@@]3(O)C(O)=C1C2=O,CHEMBL1434,Kd,12.0,uM,CHEMBL1661507,Binding affinity to first site on human serum albumin by SPR
CC[C@H]1OC(=O)[C@H](C)[C@@H](O[C@H]2C[C@@](C)(OC)[C@@H](O)[C@H](C)O2)[C@H](C)[C@@H](O[C@@H]2O[C@H](C)C[C@H](N(C)C)[C@H]2O)[C@](C)(O)C[C@@H](C)C(=O)[C@H](C)[C@@H](O)[C@]1(C)O,CHEMBL532,Kd,12.0,uM,CHEMBL1661507,Binding affinity to first site on human serum albumin by SPR
CCC[C@@H]1C[C@@H](C(=O)N[C@@H]([C@H]2O[C@H](SC)[C@H](O)[C@@H](O)[C@H]2O)[C@@H](C)O)N(C)C1,CHEMBL1447,Kd,12.0,uM,CHEMBL1661507,Binding affinity to first site on human serum albumin by SPR
CO/N=C(\C(=O)N[C@@H]1C(=O)N2C(C(=O)O)=C(COC(C)=O)CS[C@H]12)c1csc(N)n1,CHEMBL1730,Kd,12.0,uM,CHEMBL1661507,Binding affinity to first site on human serum albumin by SPR
CC1COc2c(N3CCN(C)CC3)c(F)cc3c(=O)c(C(=O)O)cn1c23,CHEMBL4,Ratio,0.5,,CHEMBL1661510,Binding affinity to human serum albumin assessed as fraction of binding sites occupied by compound at 18 to 36 ug/ml by SPR
CC1COc2c(N3CCN(C)CC3)c(F)cc3c(=O)c(C(=O)O)cn1c23,CHEMBL4,Ratio,1.0,,CHEMBL1661511,Binding affinity to human serum albumin assessed as fraction of binding sites occupied by compound at >145 ug/ml by SPR
CO/N=C(\C(=O)N[C@@H]1C(=O)N2C(C(=O)O)=C(COC(C)=O)CS[C@H]12)c1csc(N)n1,CHEMBL1730,Ratio,0.5,,CHEMBL1661512,Binding affinity to human serum albumin assessed as fraction of binding sites occupied by compound at 22 to 44 ug/ml by SPR
CO/N=C(\C(=O)N[C@@H]1C(=O)N2C(C(=O)O)=C(COC(C)=O)CS[C@H]12)c1csc(N)n1,CHEMBL1730,Ratio,1.0,,CHEMBL1661513,Binding affinity to human serum albumin assessed as fraction of binding sites occupied by compound at 180 ug/ml by SPR
CCC[C@@H]1C[C@@H](C(=O)N[C@@H]([C@H]2O[C@H](SC)[C@H](O)[C@@H](O)[C@H]2O)[C@@H](C)O)N(C)C1,CHEMBL1447,Ratio,0.5,,CHEMBL1661514,Binding affinity to human serum albumin assessed as fraction of binding sites occupied by compound at 130 to 180 ug/ml by SPR
CC[C@H]1OC(=O)[C@H](C)[C@@H](O[C@H]2C[C@@](C)(OC)[C@@H](O)[C@H](C)O2)[C@H](C)[C@@H](O[C@@H]2O[C@H](C)C[C@H](N(C)C)[C@H]2O)[C@](C)(O)C[C@@H](C)C(=O)[C@H](C)[C@@H](O)[C@]1(C)O,CHEMBL532,Ratio,0.5,,CHEMBL1661515,Binding affinity to human serum albumin assessed as fraction of binding sites occupied by compound at 146 to 220 ug/ml by SPR
CN(C)c1ccc(O)c2c1C[C@H]1C[C@H]3[C@H](N(C)C)C(O)=C(C(N)=O)C(=O)[C@@]3(O)C(O)=C1C2=O,CHEMBL1434,Ratio,0.5,,CHEMBL1661516,Binding affinity to human serum albumin assessed as fraction of binding sites occupied by compound at 50 ug/ml by SPR
CN(C)c1ccc(O)c2c1C[C@H]1C[C@H]3[C@H](N(C)C)C(O)=C(C(N)=O)C(=O)[C@@]3(O)C(O)=C1C2=O,CHEMBL1434,Ratio,1.0,,CHEMBL1661517,Binding affinity to human serum albumin assessed as fraction of binding sites occupied by compound at 135 to 180 ug/ml by SPR
CO[C@H]1/C=C/O[C@@]2(C)Oc3c(C)c(O)c4c(O)c(c(/C=N/N5CCN(C)CC5)c(O)c4c3C2=O)NC(=O)/C(C)=C\C=C\[C@H](C)[C@H](O)[C@@H](C)[C@@H](O)[C@@H](C)[C@H](OC(C)=O)[C@@H]1C,CHEMBL374478,Ratio,0.5,,CHEMBL1661518,Binding affinity to human serum albumin assessed as fraction of binding sites occupied by compound at 245 ug/ml by SPR
CO[C@H]1/C=C/O[C@@]2(C)Oc3c(C)c(O)c4c(O)c(c(/C=N/N5CCN(C)CC5)c(O)c4c3C2=O)NC(=O)/C(C)=C\C=C\[C@H](C)[C@H](O)[C@@H](C)[C@@H](O)[C@@H](C)[C@H](OC(C)=O)[C@@H]1C,CHEMBL374478,Ratio,1.0,,CHEMBL1661519,Binding affinity to human serum albumin assessed as fraction of binding sites occupied by compound at 80 to 120 ug/ml by SPR
CO[C@H]1/C=C/O[C@@]2(C)Oc3c(C)c(O)c4c(O)c(c(/C=N/N5CCN(C)CC5)c(O)c4c3C2=O)NC(=O)/C(C)=C\C=C\[C@H](C)[C@H](O)[C@@H](C)[C@@H](O)[C@@H](C)[C@H](OC(C)=O)[C@@H]1C,CHEMBL374478,Ratio,1.5,,CHEMBL1661520,Binding affinity to human serum albumin assessed as fraction of binding sites occupied by compound at >325 ug/ml by SPR
CN[C@H](CC(C)C)C(=O)N[C@H]1C(=O)N[C@@H](CC(N)=O)C(=O)N[C@H]2C(=O)N[C@H]3C(=O)N[C@H](C(=O)N[C@H](C(=O)O)c4cc(O)cc(O)c4-c4cc3ccc4O)[C@H](O)c3ccc(c(Cl)c3)Oc3cc2cc(c3O[C@@H]2O[C@H](CO)[C@@H](O)[C@H](O)[C@H]2O[C@H]2C[C@](C)(N)[C@H](O)[C@H](C)O2)Oc2ccc(cc2Cl)[C@H]1O,CHEMBL262777,Ratio,0.5,,CHEMBL1661521,Binding affinity to human serum albumin assessed as fraction of binding sites occupied by compound at 285 ug/ml by SPR
CN[C@H](CC(C)C)C(=O)N[C@H]1C(=O)N[C@@H](CC(N)=O)C(=O)N[C@H]2C(=O)N[C@H]3C(=O)N[C@H](C(=O)N[C@H](C(=O)O)c4cc(O)cc(O)c4-c4cc3ccc4O)[C@H](O)c3ccc(c(Cl)c3)Oc3cc2cc(c3O[C@@H]2O[C@H](CO)[C@@H](O)[C@H](O)[C@H]2O[C@H]2C[C@](C)(N)[C@H](O)[C@H](C)O2)Oc2ccc(cc2Cl)[C@H]1O,CHEMBL262777,Ratio,1.0,,CHEMBL1661522,Binding affinity to human serum albumin assessed as fraction of binding sites occupied by compound at 430 to 570 ug/ml by SPR
CO[C@@H]1[C@@H](OC(N)=O)[C@@H](O)[C@H](Oc2ccc3c(O)c(NC(=O)c4ccc(O)c(CC=C(C)C)c4)c(=O)oc3c2C)OC1(C)C,CHEMBL36506,Ratio,0.5,,CHEMBL1661523,Binding affinity to human serum albumin assessed as fraction of binding sites occupied by compound at 7 to 15 ug/ml by SPR
CO[C@@H]1[C@@H](OC(N)=O)[C@@H](O)[C@H](Oc2ccc3c(O)c(NC(=O)c4ccc(O)c(CC=C(C)C)c4)c(=O)oc3c2C)OC1(C)C,CHEMBL36506,Ratio,1.0,,CHEMBL1661524,Binding affinity to human serum albumin assessed as fraction of binding sites occupied by compound at 60 ug/ml by SPR
CO[C@@H]1[C@@H](OC(N)=O)[C@@H](O)[C@H](Oc2ccc3c(O)c(NC(=O)c4ccc(O)c(CC=C(C)C)c4)c(=O)oc3c2C)OC1(C)C,CHEMBL36506,Ratio,1.5,,CHEMBL1661525,Binding affinity to human serum albumin assessed as fraction of binding sites occupied by compound at 120 ug/ml by SPR
CO[C@@H]1[C@@H](OC(N)=O)[C@@H](O)[C@H](Oc2ccc3c(O)c(NC(=O)c4ccc(O)c(CC=C(C)C)c4)c(=O)oc3c2C)OC1(C)C,CHEMBL36506,Ratio,2.0,,CHEMBL1661526,Binding affinity to human serum albumin assessed as fraction of binding sites occupied by compound at 180 to 250 ug/ml by SPR
CC(=O)O[C@H]1C[C@@]2(C)[C@@H](C[C@@H](O)[C@H]3[C@@]4(C)CC[C@@H](O)[C@@H](C)[C@@H]4CC[C@@]32C)/C1=C(\CCC=C(C)C)C(=O)O,CHEMBL374975,Ratio,0.5,,CHEMBL1661527,Binding affinity to human serum albumin assessed as fraction of binding sites occupied by compound at 20 ug/ml by SPR
CC(=O)O[C@H]1C[C@@]2(C)[C@@H](C[C@@H](O)[C@H]3[C@@]4(C)CC[C@@H](O)[C@@H](C)[C@@H]4CC[C@@]32C)/C1=C(\CCC=C(C)C)C(=O)O,CHEMBL374975,Ratio,1.0,,CHEMBL1661528,Binding affinity to human serum albumin assessed as fraction of binding sites occupied by compound at 160 ug/ml by SPR
CC(=O)O[C@H]1C[C@@]2(C)[C@@H](C[C@@H](O)[C@H]3[C@@]4(C)CC[C@@H](O)[C@@H](C)[C@@H]4CC[C@@]32C)/C1=C(\CCC=C(C)C)C(=O)O,CHEMBL374975,Ratio,1.5,,CHEMBL1661529,Binding affinity to human serum albumin assessed as fraction of binding sites occupied by compound at 215 to 430 ug/ml by SPR
CO/N=C(\C(=O)N[C@@H]1C(=O)N2C(C(=O)O)=C(CSc3nc(=O)c(O)nn3C)CS[C@H]12)c1csc(N)n1,CHEMBL161,PB,56.9,%,CHEMBL1681276,Binding affinity to human serum albumin in THB medium containing 40 g/L HSA
C[C@@H](O)[C@H]1C(=O)N2C(C(=O)O)=C(S[C@@H]3CN[C@H](C(=O)Nc4cccc(C(=O)O)c4)C3)[C@H](C)[C@H]12,CHEMBL1359,PB,17.8,%,CHEMBL1681276,Binding affinity to human serum albumin in THB medium containing 40 g/L HSA
NC(=O)c1cc(-c2ccccc2)cc2c(C3CCCNC3)c[nH]c12,CHEMBL1761510,PB,91.0,%,CHEMBL1764216,Binding affinity to human serum albumin
CC(=O)CC(c1ccccc1)c1c(O)c2ccccc2oc1=O,CHEMBL1464,Kd,2.0,uM,CHEMBL1777138,Binding affinity to human serum albumin at 20 degC by isothermal titration calorimetry analysis
CS(=O)(=O)c1ccc(C(=O)Nc2ccc(Cl)c(-c3ccccn3)c2)c(Cl)c1,CHEMBL473417,Kd,5.5,uM,CHEMBL1777138,Binding affinity to human serum albumin at 20 degC by isothermal titration calorimetry analysis
CS(=O)(=O)c1ccc(C(=O)Nc2ccc(Cl)c(-c3ccccn3)c2)c(Cl)c1,CHEMBL473417,Kd,6.0,uM,CHEMBL1777130,Binding affinity to low-affinity binding site of human serum albumin at 20 degC by surface plasmon resonance assay
CC(=O)CC(c1ccccc1)c1c(O)c2ccccc2oc1=O,CHEMBL1464,Kd,12.0,uM,CHEMBL1777119,Binding affinity to human serum albumin at 37 degC by surface plasmon resonance assay
CS(=O)(=O)c1ccc(C(=O)Nc2ccc(Cl)c(-c3ccccn3)c2)c(Cl)c1,CHEMBL473417,Kd,120.0,uM,CHEMBL1777119,Binding affinity to human serum albumin at 37 degC by surface plasmon resonance assay
CS(=O)(=O)c1ccc(C(=O)Nc2ccc(Cl)c(-c3ccccn3)c2)c(Cl)c1,CHEMBL473417,Kd,130.0,uM,CHEMBL1777125,Binding affinity to high-affinity binding site of human serum albumin at 20 degC by surface plasmon resonance assay
CC(=O)CC(c1ccccc1)c1c(O)c2ccccc2oc1=O,CHEMBL1464,Kd,510.0,uM,CHEMBL1777125,Binding affinity to high-affinity binding site of human serum albumin at 20 degC by surface plasmon resonance assay
CC(=O)CC(c1ccccc1)c1c(O)c2ccccc2oc1=O,CHEMBL1464,Kd,5.4,uM,CHEMBL1777130,Binding affinity to low-affinity binding site of human serum albumin at 20 degC by surface plasmon resonance assay
Cc1c(F)cc(C(=O)NC2CC2)cc1-c1ccc(C(=O)NCC(C)(C)C)cn1,CHEMBL1088752,PPB,94.9,%,CHEMBL1785296,Binding affinity to human serum albumin
O=C(O)C[C@@H]1c2ccccc2C[C@H]1NC(=O)c1cc2cc(F)ccc2[nH]1,CHEMBL1083943,Activity,21.0,%,CHEMBL1805603,Displacement of radiolabeled warfarin from human serum albumin site 1 in phosphate buffer at pH 7.4 upto 12 uM by fluorescence spectroscopy
O=C(O)CCC[C@@H]1c2ccccc2C[C@H]1NC(=O)c1cc2cc(F)ccc2[nH]1,CHEMBL1233652,Activity,23.0,%,CHEMBL1805603,Displacement of radiolabeled warfarin from human serum albumin site 1 in phosphate buffer at pH 7.4 upto 12 uM by fluorescence spectroscopy
O=C(O)C[C@@H]1c2ccccc2C[C@H]1NC(=O)c1cc2cc(F)ccc2[nH]1,CHEMBL1083943,Activity,0.0,%,CHEMBL1805604,Displacement of radiolabeled dansylsarcosine from human serum albumin site 2 in phosphate buffer at pH 7.4 upto 12 uM by fluorescence spectroscopy
O=C(O)CCC[C@@H]1c2ccccc2C[C@H]1NC(=O)c1cc2cc(F)ccc2[nH]1,CHEMBL1233652,Activity,2.0,%,CHEMBL1805604,Displacement of radiolabeled dansylsarcosine from human serum albumin site 2 in phosphate buffer at pH 7.4 upto 12 uM by fluorescence spectroscopy
O=C(O)c1ccccc1Nc1cccc(C(F)(F)F)c1,CHEMBL23588,log Ks,6.68,,CHEMBL1805605,Binding affinity to human serum albumin by equilibrium dialysis
CCN(CC)CCN1C(=O)CN=C(c2ccccc2F)c2cc(Cl)ccc21,CHEMBL968,log Ks,3.38,,CHEMBL1805605,Binding affinity to human serum albumin by equilibrium dialysis
O=C1NC(=O)C(c2ccccc2)(c2ccccc2)N1,CHEMBL16,log Ks,4.09,,CHEMBL1805605,Binding affinity to human serum albumin by equilibrium dialysis
CC(C)NCC(O)COc1cccc2[nH]ccc12,CHEMBL500,log Ks,2.65,,CHEMBL1805605,Binding affinity to human serum albumin by equilibrium dialysis
CC(=O)CC(c1ccccc1)c1c(O)c2ccccc2oc1=O,CHEMBL1464,log Ks,5.13,,CHEMBL1805605,Binding affinity to human serum albumin by equilibrium dialysis
CN(C)c1cccc2c(S(=O)(=O)N(C)CC(=O)O)cccc12,CHEMBL1230668,log Ks,5.39,,CHEMBL1805605,Binding affinity to human serum albumin by equilibrium dialysis
CC(=O)CC(c1ccc([N+](=O)[O-])cc1)c1c(O)c2ccccc2oc1=O,CHEMBL397420,Activity,49.8,%,CHEMBL1805606,Displacement of radiolabeled warfarin from fatty acid-free human serum albumin site 1 in phosphate buffer at pH 7.4 at 12 uM by fluorescence spectroscopy
NS(=O)(=O)c1cc2c(cc1Cl)N=CNS2(=O)=O,CHEMBL842,Activity,28.9,%,CHEMBL1805606,Displacement of radiolabeled warfarin from fatty acid-free human serum albumin site 1 in phosphate buffer at pH 7.4 at 12 uM by fluorescence spectroscopy
CCCNC(=O)NS(=O)(=O)c1ccc(Cl)cc1,CHEMBL498,Activity,19.2,%,CHEMBL1805606,Displacement of radiolabeled warfarin from fatty acid-free human serum albumin site 1 in phosphate buffer at pH 7.4 at 12 uM by fluorescence spectroscopy
O=C1CN=C(c2ccccc2Cl)c2cc([N+](=O)[O-])ccc2N1,CHEMBL452,Activity,0.0,%,CHEMBL1805606,Displacement of radiolabeled warfarin from fatty acid-free human serum albumin site 1 in phosphate buffer at pH 7.4 at 12 uM by fluorescence spectroscopy
Cc1onc(-c2ccccc2Cl)c1C(=O)N[C@@H]1C(=O)N2[C@@H]1SC(C)(C)[C@@H]2C(=O)O,CHEMBL891,Activity,0.0,%,CHEMBL1805606,Displacement of radiolabeled warfarin from fatty acid-free human serum albumin site 1 in phosphate buffer at pH 7.4 at 12 uM by fluorescence spectroscopy
CN1C(=O)CN=C(c2ccccc2)c2cc(Cl)ccc21,CHEMBL12,Activity,6.6,%,CHEMBL1805606,Displacement of radiolabeled warfarin from fatty acid-free human serum albumin site 1 in phosphate buffer at pH 7.4 at 12 uM by fluorescence spectroscopy
O=c1oc2ccccc2c(O)c1Cc1c(O)c2ccccc2oc1=O,CHEMBL1466,Activity,86.4,%,CHEMBL1805606,Displacement of radiolabeled warfarin from fatty acid-free human serum albumin site 1 in phosphate buffer at pH 7.4 at 12 uM by fluorescence spectroscopy
O=C(O)c1cc(-c2ccc(F)cc2F)ccc1O,CHEMBL898,Activity,59.7,%,CHEMBL1805606,Displacement of radiolabeled warfarin from fatty acid-free human serum albumin site 1 in phosphate buffer at pH 7.4 at 12 uM by fluorescence spectroscopy
O=C(O)CCC(=O)c1ccc(-c2ccccc2)cc1,CHEMBL277522,Activity,0.0,%,CHEMBL1805606,Displacement of radiolabeled warfarin from fatty acid-free human serum albumin site 1 in phosphate buffer at pH 7.4 at 12 uM by fluorescence spectroscopy
O=C(O)c1ccccc1Nc1cccc(C(F)(F)F)c1,CHEMBL23588,Activity,48.6,%,CHEMBL1805606,Displacement of radiolabeled warfarin from fatty acid-free human serum albumin site 1 in phosphate buffer at pH 7.4 at 12 uM by fluorescence spectroscopy
CCN(CC)CCN1C(=O)CN=C(c2ccccc2F)c2cc(Cl)ccc21,CHEMBL968,Activity,0.0,%,CHEMBL1805606,Displacement of radiolabeled warfarin from fatty acid-free human serum albumin site 1 in phosphate buffer at pH 7.4 at 12 uM by fluorescence spectroscopy
NS(=O)(=O)c1cc(C(=O)O)c(NCc2ccco2)cc1Cl,CHEMBL35,Activity,36.2,%,CHEMBL1805606,Displacement of radiolabeled warfarin from fatty acid-free human serum albumin site 1 in phosphate buffer at pH 7.4 at 12 uM by fluorescence spectroscopy
COc1ccc(Cl)cc1C(=O)NCCc1ccc(S(=O)(=O)NC(=O)NC2CCCCC2)cc1,CHEMBL472,Activity,28.6,%,CHEMBL1805606,Displacement of radiolabeled warfarin from fatty acid-free human serum albumin site 1 in phosphate buffer at pH 7.4 at 12 uM by fluorescence spectroscopy
CC(C)Cc1ccc(C(C)C(=O)O)cc1,CHEMBL521,Activity,0.0,%,CHEMBL1805606,Displacement of radiolabeled warfarin from fatty acid-free human serum albumin site 1 in phosphate buffer at pH 7.4 at 12 uM by fluorescence spectroscopy
COc1ccc2c(c1)c(CC(=O)O)c(C)n2C(=O)c1ccc(Cl)cc1,CHEMBL6,Activity,25.0,%,CHEMBL1805606,Displacement of radiolabeled warfarin from fatty acid-free human serum albumin site 1 in phosphate buffer at pH 7.4 at 12 uM by fluorescence spectroscopy
Cc1cc(NC(=O)C2=C(O)c3ccccc3S(=O)(=O)N2C)no1,CHEMBL53292,Activity,51.7,%,CHEMBL1805606,Displacement of radiolabeled warfarin from fatty acid-free human serum albumin site 1 in phosphate buffer at pH 7.4 at 12 uM by fluorescence spectroscopy
COc1ccc2cc([C@H](C)C(=O)O)ccc2c1,CHEMBL154,Activity,24.7,%,CHEMBL1805606,Displacement of radiolabeled warfarin from fatty acid-free human serum albumin site 1 in phosphate buffer at pH 7.4 at 12 uM by fluorescence spectroscopy
CCCCC1C(=O)N(c2ccccc2)N(c2ccccc2)C1=O,CHEMBL101,Activity,53.5,%,CHEMBL1805606,Displacement of radiolabeled warfarin from fatty acid-free human serum albumin site 1 in phosphate buffer at pH 7.4 at 12 uM by fluorescence spectroscopy
O=C1NC(=O)C(c2ccccc2)(c2ccccc2)N1,CHEMBL16,Activity,4.0,%,CHEMBL1805606,Displacement of radiolabeled warfarin from fatty acid-free human serum albumin site 1 in phosphate buffer at pH 7.4 at 12 uM by fluorescence spectroscopy
CC(C)NCC(O)COc1cccc2[nH]ccc12,CHEMBL500,Activity,0.0,%,CHEMBL1805606,Displacement of radiolabeled warfarin from fatty acid-free human serum albumin site 1 in phosphate buffer at pH 7.4 at 12 uM by fluorescence spectroscopy
CN1C(C(=O)Nc2ccccn2)=C(O)c2ccccc2S1(=O)=O,CHEMBL527,Activity,6.7,%,CHEMBL1805606,Displacement of radiolabeled warfarin from fatty acid-free human serum albumin site 1 in phosphate buffer at pH 7.4 at 12 uM by fluorescence spectroscopy
O=C(O)c1ccccc1O,CHEMBL424,Activity,15.9,%,CHEMBL1805606,Displacement of radiolabeled warfarin from fatty acid-free human serum albumin site 1 in phosphate buffer at pH 7.4 at 12 uM by fluorescence spectroscopy
O=C1C(CC[S+]([O-])c2ccccc2)C(=O)N(c2ccccc2)N1c1ccccc1,CHEMBL832,Activity,35.2,%,CHEMBL1805606,Displacement of radiolabeled warfarin from fatty acid-free human serum albumin site 1 in phosphate buffer at pH 7.4 at 12 uM by fluorescence spectroscopy
CC/C(=C(\c1ccccc1)c1ccc(OCCN(C)C)cc1)c1ccccc1,CHEMBL83,Activity,0.0,%,CHEMBL1805606,Displacement of radiolabeled warfarin from fatty acid-free human serum albumin site 1 in phosphate buffer at pH 7.4 at 12 uM by fluorescence spectroscopy
CN1C(C(=O)Nc2ccccn2)=C(O)c2sccc2S1(=O)=O,CHEMBL302795,Activity,52.3,%,CHEMBL1805606,Displacement of radiolabeled warfarin from fatty acid-free human serum albumin site 1 in phosphate buffer at pH 7.4 at 12 uM by fluorescence spectroscopy
N[C@@H](Cc1c[nH]c2ccccc12)C(=O)O,CHEMBL54976,Activity,0.0,%,CHEMBL1805606,Displacement of radiolabeled warfarin from fatty acid-free human serum albumin site 1 in phosphate buffer at pH 7.4 at 12 uM by fluorescence spectroscopy
CC(=O)CC(c1ccc([N+](=O)[O-])cc1)c1c(O)c2ccccc2oc1=O,CHEMBL397420,Activity,12.5,%,CHEMBL1805607,Displacement of radiolabeled dansylsarcosine from fatty acid-free human serum albumin site 2 in phosphate buffer at pH 7.4 at 12 uM by fluorescence spectroscopy
NS(=O)(=O)c1cc2c(cc1Cl)N=CNS2(=O)=O,CHEMBL842,Activity,8.0,%,CHEMBL1805607,Displacement of radiolabeled dansylsarcosine from fatty acid-free human serum albumin site 2 in phosphate buffer at pH 7.4 at 12 uM by fluorescence spectroscopy
CCCNC(=O)NS(=O)(=O)c1ccc(Cl)cc1,CHEMBL498,Activity,28.5,%,CHEMBL1805607,Displacement of radiolabeled dansylsarcosine from fatty acid-free human serum albumin site 2 in phosphate buffer at pH 7.4 at 12 uM by fluorescence spectroscopy
O=C1CN=C(c2ccccc2Cl)c2cc([N+](=O)[O-])ccc2N1,CHEMBL452,Activity,16.2,%,CHEMBL1805607,Displacement of radiolabeled dansylsarcosine from fatty acid-free human serum albumin site 2 in phosphate buffer at pH 7.4 at 12 uM by fluorescence spectroscopy
Cc1onc(-c2ccccc2Cl)c1C(=O)N[C@@H]1C(=O)N2[C@@H]1SC(C)(C)[C@@H]2C(=O)O,CHEMBL891,Activity,24.1,%,CHEMBL1805607,Displacement of radiolabeled dansylsarcosine from fatty acid-free human serum albumin site 2 in phosphate buffer at pH 7.4 at 12 uM by fluorescence spectroscopy
CN1C(=O)CN=C(c2ccccc2)c2cc(Cl)ccc21,CHEMBL12,Activity,61.0,%,CHEMBL1805607,Displacement of radiolabeled dansylsarcosine from fatty acid-free human serum albumin site 2 in phosphate buffer at pH 7.4 at 12 uM by fluorescence spectroscopy
O=c1oc2ccccc2c(O)c1Cc1c(O)c2ccccc2oc1=O,CHEMBL1466,Activity,88.8,%,CHEMBL1805607,Displacement of radiolabeled dansylsarcosine from fatty acid-free human serum albumin site 2 in phosphate buffer at pH 7.4 at 12 uM by fluorescence spectroscopy
O=C(O)c1cc(-c2ccc(F)cc2F)ccc1O,CHEMBL898,Activity,33.2,%,CHEMBL1805607,Displacement of radiolabeled dansylsarcosine from fatty acid-free human serum albumin site 2 in phosphate buffer at pH 7.4 at 12 uM by fluorescence spectroscopy
O=C(O)CCC(=O)c1ccc(-c2ccccc2)cc1,CHEMBL277522,Activity,70.0,%,CHEMBL1805607,Displacement of radiolabeled dansylsarcosine from fatty acid-free human serum albumin site 2 in phosphate buffer at pH 7.4 at 12 uM by fluorescence spectroscopy
O=C(O)c1ccccc1Nc1cccc(C(F)(F)F)c1,CHEMBL23588,Activity,95.8,%,CHEMBL1805607,Displacement of radiolabeled dansylsarcosine from fatty acid-free human serum albumin site 2 in phosphate buffer at pH 7.4 at 12 uM by fluorescence spectroscopy
CCN(CC)CCN1C(=O)CN=C(c2ccccc2F)c2cc(Cl)ccc21,CHEMBL968,Activity,4.3,%,CHEMBL1805607,Displacement of radiolabeled dansylsarcosine from fatty acid-free human serum albumin site 2 in phosphate buffer at pH 7.4 at 12 uM by fluorescence spectroscopy
NS(=O)(=O)c1cc(C(=O)O)c(NCc2ccco2)cc1Cl,CHEMBL35,Activity,19.2,%,CHEMBL1805607,Displacement of radiolabeled dansylsarcosine from fatty acid-free human serum albumin site 2 in phosphate buffer at pH 7.4 at 12 uM by fluorescence spectroscopy
COc1ccc(Cl)cc1C(=O)NCCc1ccc(S(=O)(=O)NC(=O)NC2CCCCC2)cc1,CHEMBL472,Activity,33.9,%,CHEMBL1805607,Displacement of radiolabeled dansylsarcosine from fatty acid-free human serum albumin site 2 in phosphate buffer at pH 7.4 at 12 uM by fluorescence spectroscopy
CC(C)Cc1ccc(C(C)C(=O)O)cc1,CHEMBL521,Activity,80.3,%,CHEMBL1805607,Displacement of radiolabeled dansylsarcosine from fatty acid-free human serum albumin site 2 in phosphate buffer at pH 7.4 at 12 uM by fluorescence spectroscopy
COc1ccc2c(c1)c(CC(=O)O)c(C)n2C(=O)c1ccc(Cl)cc1,CHEMBL6,Activity,64.8,%,CHEMBL1805607,Displacement of radiolabeled dansylsarcosine from fatty acid-free human serum albumin site 2 in phosphate buffer at pH 7.4 at 12 uM by fluorescence spectroscopy
Cc1cc(NC(=O)C2=C(O)c3ccccc3S(=O)(=O)N2C)no1,CHEMBL53292,Activity,33.1,%,CHEMBL1805607,Displacement of radiolabeled dansylsarcosine from fatty acid-free human serum albumin site 2 in phosphate buffer at pH 7.4 at 12 uM by fluorescence spectroscopy
COc1ccc2cc([C@H](C)C(=O)O)ccc2c1,CHEMBL154,Activity,91.3,%,CHEMBL1805607,Displacement of radiolabeled dansylsarcosine from fatty acid-free human serum albumin site 2 in phosphate buffer at pH 7.4 at 12 uM by fluorescence spectroscopy
CCCCC1C(=O)N(c2ccccc2)N(c2ccccc2)C1=O,CHEMBL101,Activity,25.3,%,CHEMBL1805607,Displacement of radiolabeled dansylsarcosine from fatty acid-free human serum albumin site 2 in phosphate buffer at pH 7.4 at 12 uM by fluorescence spectroscopy
O=C1NC(=O)C(c2ccccc2)(c2ccccc2)N1,CHEMBL16,Activity,0.0,%,CHEMBL1805607,Displacement of radiolabeled dansylsarcosine from fatty acid-free human serum albumin site 2 in phosphate buffer at pH 7.4 at 12 uM by fluorescence spectroscopy
CC(C)NCC(O)COc1cccc2[nH]ccc12,CHEMBL500,Activity,0.2,%,CHEMBL1805607,Displacement of radiolabeled dansylsarcosine from fatty acid-free human serum albumin site 2 in phosphate buffer at pH 7.4 at 12 uM by fluorescence spectroscopy
CN1C(C(=O)Nc2ccccn2)=C(O)c2ccccc2S1(=O)=O,CHEMBL527,Activity,45.5,%,CHEMBL1805607,Displacement of radiolabeled dansylsarcosine from fatty acid-free human serum albumin site 2 in phosphate buffer at pH 7.4 at 12 uM by fluorescence spectroscopy
O=C(O)c1ccccc1O,CHEMBL424,Activity,24.9,%,CHEMBL1805607,Displacement of radiolabeled dansylsarcosine from fatty acid-free human serum albumin site 2 in phosphate buffer at pH 7.4 at 12 uM by fluorescence spectroscopy
O=C1C(CC[S+]([O-])c2ccccc2)C(=O)N(c2ccccc2)N1c1ccccc1,CHEMBL832,Activity,18.6,%,CHEMBL1805607,Displacement of radiolabeled dansylsarcosine from fatty acid-free human serum albumin site 2 in phosphate buffer at pH 7.4 at 12 uM by fluorescence spectroscopy
CC/C(=C(\c1ccccc1)c1ccc(OCCN(C)C)cc1)c1ccccc1,CHEMBL83,Activity,16.3,%,CHEMBL1805607,Displacement of radiolabeled dansylsarcosine from fatty acid-free human serum albumin site 2 in phosphate buffer at pH 7.4 at 12 uM by fluorescence spectroscopy
CN1C(C(=O)Nc2ccccn2)=C(O)c2sccc2S1(=O)=O,CHEMBL302795,Activity,27.4,%,CHEMBL1805607,Displacement of radiolabeled dansylsarcosine from fatty acid-free human serum albumin site 2 in phosphate buffer at pH 7.4 at 12 uM by fluorescence spectroscopy
N[C@@H](Cc1c[nH]c2ccccc12)C(=O)O,CHEMBL54976,Activity,15.3,%,CHEMBL1805607,Displacement of radiolabeled dansylsarcosine from fatty acid-free human serum albumin site 2 in phosphate buffer at pH 7.4 at 12 uM by fluorescence spectroscopy
CC(=O)CC(c1ccc([N+](=O)[O-])cc1)c1c(O)c2ccccc2oc1=O,CHEMBL397420,Activity,54.6,%,CHEMBL1805608,Displacement of radiolabeled warfarin from fatty acid containing human serum albumin site 1 in phosphate buffer at pH 7.4 at 12 uM by fluorescence spectroscopy
NS(=O)(=O)c1cc2c(cc1Cl)N=CNS2(=O)=O,CHEMBL842,Activity,16.0,%,CHEMBL1805608,Displacement of radiolabeled warfarin from fatty acid containing human serum albumin site 1 in phosphate buffer at pH 7.4 at 12 uM by fluorescence spectroscopy
CCCNC(=O)NS(=O)(=O)c1ccc(Cl)cc1,CHEMBL498,Activity,18.5,%,CHEMBL1805608,Displacement of radiolabeled warfarin from fatty acid containing human serum albumin site 1 in phosphate buffer at pH 7.4 at 12 uM by fluorescence spectroscopy
O=C1CN=C(c2ccccc2Cl)c2cc([N+](=O)[O-])ccc2N1,CHEMBL452,Activity,3.8,%,CHEMBL1805608,Displacement of radiolabeled warfarin from fatty acid containing human serum albumin site 1 in phosphate buffer at pH 7.4 at 12 uM by fluorescence spectroscopy
Cc1onc(-c2ccccc2Cl)c1C(=O)N[C@@H]1C(=O)N2[C@@H]1SC(C)(C)[C@@H]2C(=O)O,CHEMBL891,Activity,5.7,%,CHEMBL1805608,Displacement of radiolabeled warfarin from fatty acid containing human serum albumin site 1 in phosphate buffer at pH 7.4 at 12 uM by fluorescence spectroscopy
CN1C(=O)CN=C(c2ccccc2)c2cc(Cl)ccc21,CHEMBL12,Activity,6.0,%,CHEMBL1805608,Displacement of radiolabeled warfarin from fatty acid containing human serum albumin site 1 in phosphate buffer at pH 7.4 at 12 uM by fluorescence spectroscopy
O=c1oc2ccccc2c(O)c1Cc1c(O)c2ccccc2oc1=O,CHEMBL1466,Activity,10.5,%,CHEMBL1805608,Displacement of radiolabeled warfarin from fatty acid containing human serum albumin site 1 in phosphate buffer at pH 7.4 at 12 uM by fluorescence spectroscopy
O=C(O)c1cc(-c2ccc(F)cc2F)ccc1O,CHEMBL898,Activity,77.0,%,CHEMBL1805608,Displacement of radiolabeled warfarin from fatty acid containing human serum albumin site 1 in phosphate buffer at pH 7.4 at 12 uM by fluorescence spectroscopy
O=C(O)CCC(=O)c1ccc(-c2ccccc2)cc1,CHEMBL277522,Activity,0.0,%,CHEMBL1805608,Displacement of radiolabeled warfarin from fatty acid containing human serum albumin site 1 in phosphate buffer at pH 7.4 at 12 uM by fluorescence spectroscopy
O=C(O)c1ccccc1Nc1cccc(C(F)(F)F)c1,CHEMBL23588,Activity,68.6,%,CHEMBL1805608,Displacement of radiolabeled warfarin from fatty acid containing human serum albumin site 1 in phosphate buffer at pH 7.4 at 12 uM by fluorescence spectroscopy
CCN(CC)CCN1C(=O)CN=C(c2ccccc2F)c2cc(Cl)ccc21,CHEMBL968,Activity,6.3,%,CHEMBL1805608,Displacement of radiolabeled warfarin from fatty acid containing human serum albumin site 1 in phosphate buffer at pH 7.4 at 12 uM by fluorescence spectroscopy
NS(=O)(=O)c1cc(C(=O)O)c(NCc2ccco2)cc1Cl,CHEMBL35,Activity,47.3,%,CHEMBL1805608,Displacement of radiolabeled warfarin from fatty acid containing human serum albumin site 1 in phosphate buffer at pH 7.4 at 12 uM by fluorescence spectroscopy
COc1ccc(Cl)cc1C(=O)NCCc1ccc(S(=O)(=O)NC(=O)NC2CCCCC2)cc1,CHEMBL472,Activity,50.7,%,CHEMBL1805608,Displacement of radiolabeled warfarin from fatty acid containing human serum albumin site 1 in phosphate buffer at pH 7.4 at 12 uM by fluorescence spectroscopy
CC(C)Cc1ccc(C(C)C(=O)O)cc1,CHEMBL521,Activity,0.0,%,CHEMBL1805608,Displacement of radiolabeled warfarin from fatty acid containing human serum albumin site 1 in phosphate buffer at pH 7.4 at 12 uM by fluorescence spectroscopy
COc1ccc2c(c1)c(CC(=O)O)c(C)n2C(=O)c1ccc(Cl)cc1,CHEMBL6,Activity,63.2,%,CHEMBL1805608,Displacement of radiolabeled warfarin from fatty acid containing human serum albumin site 1 in phosphate buffer at pH 7.4 at 12 uM by fluorescence spectroscopy
Cc1cc(NC(=O)C2=C(O)c3ccccc3S(=O)(=O)N2C)no1,CHEMBL53292,Activity,38.0,%,CHEMBL1805608,Displacement of radiolabeled warfarin from fatty acid containing human serum albumin site 1 in phosphate buffer at pH 7.4 at 12 uM by fluorescence spectroscopy
COc1ccc2cc([C@H](C)C(=O)O)ccc2c1,CHEMBL154,Activity,38.8,%,CHEMBL1805608,Displacement of radiolabeled warfarin from fatty acid containing human serum albumin site 1 in phosphate buffer at pH 7.4 at 12 uM by fluorescence spectroscopy
CCCCC1C(=O)N(c2ccccc2)N(c2ccccc2)C1=O,CHEMBL101,Activity,63.5,%,CHEMBL1805608,Displacement of radiolabeled warfarin from fatty acid containing human serum albumin site 1 in phosphate buffer at pH 7.4 at 12 uM by fluorescence spectroscopy
O=C1NC(=O)C(c2ccccc2)(c2ccccc2)N1,CHEMBL16,Activity,9.3,%,CHEMBL1805608,Displacement of radiolabeled warfarin from fatty acid containing human serum albumin site 1 in phosphate buffer at pH 7.4 at 12 uM by fluorescence spectroscopy
CC(C)NCC(O)COc1cccc2[nH]ccc12,CHEMBL500,Activity,0.0,%,CHEMBL1805608,Displacement of radiolabeled warfarin from fatty acid containing human serum albumin site 1 in phosphate buffer at pH 7.4 at 12 uM by fluorescence spectroscopy
CN1C(C(=O)Nc2ccccn2)=C(O)c2ccccc2S1(=O)=O,CHEMBL527,Activity,53.5,%,CHEMBL1805608,Displacement of radiolabeled warfarin from fatty acid containing human serum albumin site 1 in phosphate buffer at pH 7.4 at 12 uM by fluorescence spectroscopy
O=C(O)c1ccccc1O,CHEMBL424,Activity,7.0,%,CHEMBL1805608,Displacement of radiolabeled warfarin from fatty acid containing human serum albumin site 1 in phosphate buffer at pH 7.4 at 12 uM by fluorescence spectroscopy
O=C1C(CC[S+]([O-])c2ccccc2)C(=O)N(c2ccccc2)N1c1ccccc1,CHEMBL832,Activity,44.1,%,CHEMBL1805608,Displacement of radiolabeled warfarin from fatty acid containing human serum albumin site 1 in phosphate buffer at pH 7.4 at 12 uM by fluorescence spectroscopy
CC/C(=C(\c1ccccc1)c1ccc(OCCN(C)C)cc1)c1ccccc1,CHEMBL83,Activity,0.0,%,CHEMBL1805608,Displacement of radiolabeled warfarin from fatty acid containing human serum albumin site 1 in phosphate buffer at pH 7.4 at 12 uM by fluorescence spectroscopy
CN1C(C(=O)Nc2ccccn2)=C(O)c2sccc2S1(=O)=O,CHEMBL302795,Activity,61.7,%,CHEMBL1805608,Displacement of radiolabeled warfarin from fatty acid containing human serum albumin site 1 in phosphate buffer at pH 7.4 at 12 uM by fluorescence spectroscopy
N[C@@H](Cc1c[nH]c2ccccc12)C(=O)O,CHEMBL54976,Activity,0.0,%,CHEMBL1805608,Displacement of radiolabeled warfarin from fatty acid containing human serum albumin site 1 in phosphate buffer at pH 7.4 at 12 uM by fluorescence spectroscopy
CC(=O)CC(c1ccc([N+](=O)[O-])cc1)c1c(O)c2ccccc2oc1=O,CHEMBL397420,Activity,39.0,%,CHEMBL1805609,Displacement of radiolabeled dansylsarcosine from fatty acid containing human serum albumin site 2 in phosphate buffer at pH 7.4 at 12 uM by fluorescence spectroscopy
NS(=O)(=O)c1cc2c(cc1Cl)N=CNS2(=O)=O,CHEMBL842,Activity,18.8,%,CHEMBL1805609,Displacement of radiolabeled dansylsarcosine from fatty acid containing human serum albumin site 2 in phosphate buffer at pH 7.4 at 12 uM by fluorescence spectroscopy
CCCNC(=O)NS(=O)(=O)c1ccc(Cl)cc1,CHEMBL498,Activity,26.0,%,CHEMBL1805609,Displacement of radiolabeled dansylsarcosine from fatty acid containing human serum albumin site 2 in phosphate buffer at pH 7.4 at 12 uM by fluorescence spectroscopy
O=C1CN=C(c2ccccc2Cl)c2cc([N+](=O)[O-])ccc2N1,CHEMBL452,Activity,19.5,%,CHEMBL1805609,Displacement of radiolabeled dansylsarcosine from fatty acid containing human serum albumin site 2 in phosphate buffer at pH 7.4 at 12 uM by fluorescence spectroscopy
Cc1onc(-c2ccccc2Cl)c1C(=O)N[C@@H]1C(=O)N2[C@@H]1SC(C)(C)[C@@H]2C(=O)O,CHEMBL891,Activity,18.1,%,CHEMBL1805609,Displacement of radiolabeled dansylsarcosine from fatty acid containing human serum albumin site 2 in phosphate buffer at pH 7.4 at 12 uM by fluorescence spectroscopy
CN1C(=O)CN=C(c2ccccc2)c2cc(Cl)ccc21,CHEMBL12,Activity,54.1,%,CHEMBL1805609,Displacement of radiolabeled dansylsarcosine from fatty acid containing human serum albumin site 2 in phosphate buffer at pH 7.4 at 12 uM by fluorescence spectroscopy
O=c1oc2ccccc2c(O)c1Cc1c(O)c2ccccc2oc1=O,CHEMBL1466,Activity,19.8,%,CHEMBL1805609,Displacement of radiolabeled dansylsarcosine from fatty acid containing human serum albumin site 2 in phosphate buffer at pH 7.4 at 12 uM by fluorescence spectroscopy
O=C(O)c1cc(-c2ccc(F)cc2F)ccc1O,CHEMBL898,Activity,82.7,%,CHEMBL1805609,Displacement of radiolabeled dansylsarcosine from fatty acid containing human serum albumin site 2 in phosphate buffer at pH 7.4 at 12 uM by fluorescence spectroscopy
O=C(O)CCC(=O)c1ccc(-c2ccccc2)cc1,CHEMBL277522,Activity,66.2,%,CHEMBL1805609,Displacement of radiolabeled dansylsarcosine from fatty acid containing human serum albumin site 2 in phosphate buffer at pH 7.4 at 12 uM by fluorescence spectroscopy
O=C(O)c1ccccc1Nc1cccc(C(F)(F)F)c1,CHEMBL23588,Activity,91.2,%,CHEMBL1805609,Displacement of radiolabeled dansylsarcosine from fatty acid containing human serum albumin site 2 in phosphate buffer at pH 7.4 at 12 uM by fluorescence spectroscopy
CCN(CC)CCN1C(=O)CN=C(c2ccccc2F)c2cc(Cl)ccc21,CHEMBL968,Activity,2.7,%,CHEMBL1805609,Displacement of radiolabeled dansylsarcosine from fatty acid containing human serum albumin site 2 in phosphate buffer at pH 7.4 at 12 uM by fluorescence spectroscopy
NS(=O)(=O)c1cc(C(=O)O)c(NCc2ccco2)cc1Cl,CHEMBL35,Activity,49.0,%,CHEMBL1805609,Displacement of radiolabeled dansylsarcosine from fatty acid containing human serum albumin site 2 in phosphate buffer at pH 7.4 at 12 uM by fluorescence spectroscopy
COc1ccc(Cl)cc1C(=O)NCCc1ccc(S(=O)(=O)NC(=O)NC2CCCCC2)cc1,CHEMBL472,Activity,62.2,%,CHEMBL1805609,Displacement of radiolabeled dansylsarcosine from fatty acid containing human serum albumin site 2 in phosphate buffer at pH 7.4 at 12 uM by fluorescence spectroscopy
CC(C)Cc1ccc(C(C)C(=O)O)cc1,CHEMBL521,Activity,70.3,%,CHEMBL1805609,Displacement of radiolabeled dansylsarcosine from fatty acid containing human serum albumin site 2 in phosphate buffer at pH 7.4 at 12 uM by fluorescence spectroscopy
COc1ccc2c(c1)c(CC(=O)O)c(C)n2C(=O)c1ccc(Cl)cc1,CHEMBL6,Activity,67.4,%,CHEMBL1805609,Displacement of radiolabeled dansylsarcosine from fatty acid containing human serum albumin site 2 in phosphate buffer at pH 7.4 at 12 uM by fluorescence spectroscopy
Cc1cc(NC(=O)C2=C(O)c3ccccc3S(=O)(=O)N2C)no1,CHEMBL53292,Activity,32.6,%,CHEMBL1805609,Displacement of radiolabeled dansylsarcosine from fatty acid containing human serum albumin site 2 in phosphate buffer at pH 7.4 at 12 uM by fluorescence spectroscopy
COc1ccc2cc([C@H](C)C(=O)O)ccc2c1,CHEMBL154,Activity,79.9,%,CHEMBL1805609,Displacement of radiolabeled dansylsarcosine from fatty acid containing human serum albumin site 2 in phosphate buffer at pH 7.4 at 12 uM by fluorescence spectroscopy
CCCCC1C(=O)N(c2ccccc2)N(c2ccccc2)C1=O,CHEMBL101,Activity,45.0,%,CHEMBL1805609,Displacement of radiolabeled dansylsarcosine from fatty acid containing human serum albumin site 2 in phosphate buffer at pH 7.4 at 12 uM by fluorescence spectroscopy
O=C1NC(=O)C(c2ccccc2)(c2ccccc2)N1,CHEMBL16,Activity,18.8,%,CHEMBL1805609,Displacement of radiolabeled dansylsarcosine from fatty acid containing human serum albumin site 2 in phosphate buffer at pH 7.4 at 12 uM by fluorescence spectroscopy
CC(C)NCC(O)COc1cccc2[nH]ccc12,CHEMBL500,Activity,9.5,%,CHEMBL1805609,Displacement of radiolabeled dansylsarcosine from fatty acid containing human serum albumin site 2 in phosphate buffer at pH 7.4 at 12 uM by fluorescence spectroscopy
CN1C(C(=O)Nc2ccccn2)=C(O)c2ccccc2S1(=O)=O,CHEMBL527,Activity,44.8,%,CHEMBL1805609,Displacement of radiolabeled dansylsarcosine from fatty acid containing human serum albumin site 2 in phosphate buffer at pH 7.4 at 12 uM by fluorescence spectroscopy
O=C(O)c1ccccc1O,CHEMBL424,Activity,24.8,%,CHEMBL1805609,Displacement of radiolabeled dansylsarcosine from fatty acid containing human serum albumin site 2 in phosphate buffer at pH 7.4 at 12 uM by fluorescence spectroscopy
O=C1C(CC[S+]([O-])c2ccccc2)C(=O)N(c2ccccc2)N1c1ccccc1,CHEMBL832,Activity,34.2,%,CHEMBL1805609,Displacement of radiolabeled dansylsarcosine from fatty acid containing human serum albumin site 2 in phosphate buffer at pH 7.4 at 12 uM by fluorescence spectroscopy
CC/C(=C(\c1ccccc1)c1ccc(OCCN(C)C)cc1)c1ccccc1,CHEMBL83,Activity,62.2,%,CHEMBL1805609,Displacement of radiolabeled dansylsarcosine from fatty acid containing human serum albumin site 2 in phosphate buffer at pH 7.4 at 12 uM by fluorescence spectroscopy
CN1C(C(=O)Nc2ccccn2)=C(O)c2sccc2S1(=O)=O,CHEMBL302795,Activity,38.5,%,CHEMBL1805609,Displacement of radiolabeled dansylsarcosine from fatty acid containing human serum albumin site 2 in phosphate buffer at pH 7.4 at 12 uM by fluorescence spectroscopy
N[C@@H](Cc1c[nH]c2ccccc12)C(=O)O,CHEMBL54976,Activity,15.1,%,CHEMBL1805609,Displacement of radiolabeled dansylsarcosine from fatty acid containing human serum albumin site 2 in phosphate buffer at pH 7.4 at 12 uM by fluorescence spectroscopy
O=C(O)c1ccccc1Nc1cccc(C(F)(F)F)c1,CHEMBL23588,Activity,24.0,%,CHEMBL1805610,Displacement of radiolabeled warfarin from human serum albumin site 1 in phosphate buffer at pH 7.4 at 4 uM by fluorescence spectroscopy
O=C(O)c1ccccc1Nc1cccc(C(F)(F)F)c1,CHEMBL23588,Activity,73.0,%,CHEMBL1805611,Displacement of radiolabeled dansylsarcosine from human serum albumin site 2 in phosphate buffer at pH 7.4 at 4 uM by fluorescence spectroscopy
COc1ccc2cc([C@H](C)C(=O)O)ccc2c1,CHEMBL154,log Ks,6.87,,CHEMBL1805613,Binding affinity to fatty acid-free human serum albumin by equilibrium dialysis
O=C(O)C[C@@H]1c2ccccc2C[C@H]1NC(=O)c1cc2cc(F)ccc2[nH]1,CHEMBL1083943,log Ks,5.97,,CHEMBL1805613,Binding affinity to fatty acid-free human serum albumin by equilibrium dialysis
O=C(O)CCC[C@@H]1c2ccccc2C[C@H]1NC(=O)c1cc2cc(F)ccc2[nH]1,CHEMBL1233652,log Ks,5.41,,CHEMBL1805613,Binding affinity to fatty acid-free human serum albumin by equilibrium dialysis
CC(=O)Nc1nc(C)c(-c2cnc(F)c(NS(=O)(=O)c3sc(C)nc3C)c2)s1,CHEMBL1233655,log Ks,5.88,,CHEMBL1805613,Binding affinity to fatty acid-free human serum albumin by equilibrium dialysis
COc1ccc2cc([C@H](C)C(=O)O)ccc2c1,CHEMBL154,log Ks,5.89,,CHEMBL1805614,Binding affinity to fatty acid-containing human serum albumin by equilibrium dialysis
O=C(O)C[C@@H]1c2ccccc2C[C@H]1NC(=O)c1cc2cc(F)ccc2[nH]1,CHEMBL1083943,log Ks,6.11,,CHEMBL1805614,Binding affinity to fatty acid-containing human serum albumin by equilibrium dialysis
O=C(O)CCC[C@@H]1c2ccccc2C[C@H]1NC(=O)c1cc2cc(F)ccc2[nH]1,CHEMBL1233652,log Ks,5.41,,CHEMBL1805614,Binding affinity to fatty acid-containing human serum albumin by equilibrium dialysis
CC(=O)Nc1nc(C)c(-c2cnc(F)c(NS(=O)(=O)c3sc(C)nc3C)c2)s1,CHEMBL1233655,log Ks,5.62,,CHEMBL1805614,Binding affinity to fatty acid-containing human serum albumin by equilibrium dialysis
CC(=O)Nc1nc(C)c(-c2cnc(F)c(NS(=O)(=O)c3sc(C)nc3C)c2)s1,CHEMBL1233655,Activity,6.0,%,CHEMBL1805618,Displacement of radiolabeled warfarin from human serum albumin site 1 in phosphate buffer at pH 7.4 at 100 uM by fluorescence spectroscopy
CC(=O)Nc1nc(C)c(-c2cnc(F)c(NS(=O)(=O)c3sc(C)nc3C)c2)s1,CHEMBL1233655,Activity,7.0,%,CHEMBL1805619,Displacement of radiolabeled dansylsarcosine from human serum albumin site 2 in phosphate buffer at pH 7.4 at 100 uM by fluorescence spectroscopy
Cc1nc(-c2ccc(F)cc2F)n(C)c1CC(=O)NCc1ccc(F)cc1Cl.Cl,CHEMBL1801364,PB,91.0,%,CHEMBL1804949,Protein binding in human serum albumin
O=C(O)c1cc(-c2ccc([C@@H](O)C(F)F)cc2)c2ccc(-c3ccc(C(F)(F)F)cc3)cc2c1,CHEMBL1774903,Activity,99.0,%,CHEMBL1804443,Binding affinity to 4.5 % human serum albumin
CC(C)(C)c1ccc(N)cc1,CHEMBL1800270,Activity,78.5,%,CHEMBL1804484,Binding affinity to human serum albumin by HPLC method
CC(C)(C)c1ccc(N)nc1,CHEMBL1800271,Activity,38.9,%,CHEMBL1804484,Binding affinity to human serum albumin by HPLC method
Cc1cccc(Nc2nc(N[C@H]3CCCNC3)ncc2C(N)=O)c1,CHEMBL1834758,Activity,85.0,%,CHEMBL1838856,Binding affinity to human serum albumin by chromatographic method
Cc1cccc(Nc2nc(N[C@@H]3CCCC[C@@H]3N)ncc2C(N)=O)c1,CHEMBL1235110,Activity,90.0,%,CHEMBL1838856,Binding affinity to human serum albumin by chromatographic method
c1ccn2cc(-c3ccc(OCCCN4CCCCC4)cc3)cc2c1,CHEMBL52160,Activity,50.0,%,CHEMBL1918191,Binding affinity to human serum albumin
Cc1cc2c(C(C)C)c(O)c(O)c(C=O)c2c(O)c1-c1c(C)cc2c(C(C)C)c(O)c(O)c(C=O)c2c1O,CHEMBL51483,Ka,2.3906,10'5L/mol,CHEMBL1953042,Binding affinity to human serum albumin by fluorescence quenching assay
COC(=O)[C@H](C)N/C=C1\C(=O)C(O)=C(C(C)C)c2cc(C)c(-c3c(C)cc4c(c3O)/C(=C/N[C@@H](C)C(=O)OC)C(=O)C(O)=C4C(C)C)c(O)c21,CHEMBL1952318,Ka,1.0413,10'4L/mol,CHEMBL1953042,Binding affinity to human serum albumin by fluorescence quenching assay
CCOC(=O)CN/C=C1\C(=O)C(O)=C(C(C)C)c2cc(C)c(-c3c(C)cc4c(c3O)/C(=C/NCC(=O)OCC)C(=O)C(O)=C4C(C)C)c(O)c21,CHEMBL1952319,Ka,1.9028,10'2L/mol,CHEMBL1953042,Binding affinity to human serum albumin by fluorescence quenching assay
COC(=O)[C@H](CC(C)C)N/C=C1\C(=O)C(O)=C(C(C)C)c2cc(C)c(-c3c(C)cc4c(c3O)/C(=C/N[C@@H](CC(C)C)C(=O)OC)C(=O)C(O)=C4C(C)C)c(O)c21,CHEMBL1952320,Ka,7.1236,10'3L/mol,CHEMBL1953042,Binding affinity to human serum albumin by fluorescence quenching assay
COC(=O)C(N/C=C1\C(=O)C(O)=C(C(C)C)c2cc(C)c(-c3c(C)cc4c(c3O)/C(=C/NC(C(=O)OC)c3ccccc3)C(=O)C(O)=C4C(C)C)c(O)c21)c1ccccc1,CHEMBL1952321,Ka,4.2658,10'4L/mol,CHEMBL1953042,Binding affinity to human serum albumin by fluorescence quenching assay
COC(=O)[C@H](Cc1c[nH]c2ccccc12)N/C=C1\C(=O)C(O)=C(C(C)C)c2cc(C)c(-c3c(C)cc4c(c3O)/C(=C/N[C@@H](Cc3c[nH]c5ccccc35)C(=O)OC)C(=O)C(O)=C4C(C)C)c(O)c21,CHEMBL575507,Ka,2.262,10'3L/mol,CHEMBL1953042,Binding affinity to human serum albumin by fluorescence quenching assay
Cc1cc2c(c(O)c1-c1c(C)cc3c(c1O)/C(=C/N[C@@H](CC(C)C)C(=O)[O-])C(=O)C(O)=C3C(C)C)/C(=C/N[C@@H](CC(C)C)C(=O)[O-])C(=O)C(O)=C2C(C)C.[Na+].[Na+],CHEMBL1952322,Ka,1.3483,10'4L/mol,CHEMBL1953042,Binding affinity to human serum albumin by fluorescence quenching assay
Cc1cc2c(c(O)c1-c1c(C)cc3c(c1O)/C(=C/N[C@@H](CO)C(=O)[O-])C(=O)C(O)=C3C(C)C)/C(=C/N[C@@H](CO)C(=O)[O-])C(=O)C(O)=C2C(C)C.[Na+].[Na+],CHEMBL1952323,Ka,5.7756,10'4L/mol,CHEMBL1953042,Binding affinity to human serum albumin by fluorescence quenching assay
Cc1cc2c(c(O)c1-c1c(C)cc3c(c1O)/C(=C/NCCS(=O)(=O)[O-])C(=O)C(O)=C3C(C)C)/C(=C/NCCS(=O)(=O)[O-])C(=O)C(O)=C2C(C)C.[Na+].[Na+],CHEMBL450352,Ka,1.7559,10'4L/mol,CHEMBL1953042,Binding affinity to human serum albumin by fluorescence quenching assay
Cc1cc2c(c(O)c1-c1c(C)cc3c(c1O)/C(=C/N[C@@H](CS)C(=O)[O-])C(=O)C(O)=C3C(C)C)/C(=C/N[C@@H](CS)C(=O)[O-])C(=O)C(O)=C2C(C)C.[Na+].[Na+],CHEMBL1949742,Ka,8.2016,10'3L/mol,CHEMBL1953042,Binding affinity to human serum albumin by fluorescence quenching assay
Cc1cc2c(c(O)c1-c1c(C)cc3c(c1O)/C(=C/N[C@@H](Cc1c[nH]cn1)C(=O)[O-])C(=O)C(O)=C3C(C)C)/C(=C/N[C@@H](Cc1c[nH]cn1)C(=O)[O-])C(=O)C(O)=C2C(C)C.[Na+].[Na+],CHEMBL1949743,Ka,6.7205,10'4L/mol,CHEMBL1953042,Binding affinity to human serum albumin by fluorescence quenching assay
Cc1cc2c(C(C)C)c(O)c(O)c(/C=N/[C@@H](Cc3ccccc3)C(=O)[O-])c2c(O)c1-c1c(C)cc2c(C(C)C)c(O)c(O)c(/C=N/[C@@H](Cc3ccccc3)C(=O)[O-])c2c1O.[Na+].[Na+],CHEMBL1215008,Ka,1.2835,10'5L/mol,CHEMBL1953042,Binding affinity to human serum albumin by fluorescence quenching assay
Cc1cc2c(c(O)c1-c1c(C)cc3c(c1O)/C(=C/NCC(=O)[O-])C(=O)C(O)=C3C(C)C)/C(=C/NCC(=O)[O-])C(=O)C(O)=C2C(C)C.[Na+].[Na+],CHEMBL1949745,Ka,1.2462,10'4L/mol,CHEMBL1953042,Binding affinity to human serum albumin by fluorescence quenching assay
Cc1cc2c(c(O)c1-c1c(C)cc3c(c1O)/C(=C/N[C@@H](Cc1c[nH]c4ccccc14)C(=O)[O-])C(=O)C(O)=C3C(C)C)/C(=C/N[C@@H](Cc1c[nH]c3ccccc13)C(=O)[O-])C(=O)C(O)=C2C(C)C.[Na+].[Na+],CHEMBL1949746,Ka,9.2747,10'4L/mol,CHEMBL1953042,Binding affinity to human serum albumin by fluorescence quenching assay
Cc1cc2c(c(O)c1-c1c(C)cc3c(c1O)/C(=C/N[C@@H](C)C(=O)[O-])C(=O)C(O)=C3C(C)C)/C(=C/N[C@@H](C)C(=O)[O-])C(=O)C(O)=C2C(C)C.[Na+].[Na+],CHEMBL1949747,Ka,1.0392,10'5L/mol,CHEMBL1953042,Binding affinity to human serum albumin by fluorescence quenching assay
Cc1cc2c(c(O)c1-c1c(C)cc3c(c1O)/C(=C/NC(C)(C)C(=O)[O-])C(=O)C(O)=C3C(C)C)/C(=C/NC(C)(C)C(=O)[O-])C(=O)C(O)=C2C(C)C.[Na+].[Na+],CHEMBL1949748,Ka,1.9125,10'5L/mol,CHEMBL1953042,Binding affinity to human serum albumin by fluorescence quenching assay
Cc1cc2c(c(O)c1-c1c(C)cc3c(c1O)/C(=C/N[C@H](C(=O)[O-])C(C)C)C(=O)C(O)=C3C(C)C)/C(=C/N[C@H](C(=O)[O-])C(C)C)C(=O)C(O)=C2C(C)C.[Na+].[Na+],CHEMBL1949749,Ka,2.114,10'5L/mol,CHEMBL1953042,Binding affinity to human serum albumin by fluorescence quenching assay
CC[C@H](C)[C@H](N/C=C1\C(=O)C(O)=C(C(C)C)c2cc(C)c(-c3c(C)cc4c(c3O)/C(=C/N[C@H](C(=O)[O-])[C@@H](C)CC)C(=O)C(O)=C4C(C)C)c(O)c21)C(=O)[O-].[Na+].[Na+],CHEMBL1949750,Ka,5.3223,10'4L/mol,CHEMBL1953042,Binding affinity to human serum albumin by fluorescence quenching assay
Cc1cc2c(c(O)c1-c1c(C)cc3c(c1O)/C(=C/N[C@H](C(=O)[O-])c1ccccc1)C(=O)C(O)=C3C(C)C)/C(=C/N[C@H](C(=O)[O-])c1ccccc1)C(=O)C(O)=C2C(C)C.[Na+].[Na+],CHEMBL1949751,Ka,1.4015,10'4L/mol,CHEMBL1953042,Binding affinity to human serum albumin by fluorescence quenching assay
Cc1cc2c(c(O)c1-c1c(C)cc3c(c1O)/C(=C/NC(C(=O)[O-])c1ccc(O)cc1)C(=O)C(O)=C3C(C)C)/C(=C/NC(C(=O)[O-])c1ccc(O)cc1)C(=O)C(O)=C2C(C)C.[Na+].[Na+],CHEMBL1949752,Ka,2.1607,10'4L/mol,CHEMBL1953042,Binding affinity to human serum albumin by fluorescence quenching assay
Cc1cc2c(c(O)c1-c1c(C)cc3c(c1O)/C(=C/NC(C(=O)[O-])c1ccc(Cl)cc1)C(=O)C(O)=C3C(C)C)/C(=C/NC(C(=O)[O-])c1ccc(Cl)cc1)C(=O)C(O)=C2C(C)C.[Na+].[Na+],CHEMBL1949753,Ka,1.2868,10'4L/mol,CHEMBL1953042,Binding affinity to human serum albumin by fluorescence quenching assay
Cc1cc2c(c(O)c1-c1c(C)cc3c(c1O)/C(=C/N[C@@H](Cc1ccc(O)cc1)C(=O)[O-])C(=O)C(O)=C3C(C)C)/C(=C/N[C@@H](Cc1ccc(O)cc1)C(=O)[O-])C(=O)C(O)=C2C(C)C.[Na+].[Na+],CHEMBL1949754,Ka,7.5353,10'4L/mol,CHEMBL1953042,Binding affinity to human serum albumin by fluorescence quenching assay
Cc1cc2c(c(O)c1-c1c(C)cc3c(c1O)/C(=C/NCCCCC(=O)[O-])C(=O)C(O)=C3C(C)C)/C(=C/NCCCCC(=O)[O-])C(=O)C(O)=C2C(C)C.[Na+].[Na+],CHEMBL1949755,Ka,2.4288,10'4L/mol,CHEMBL1953042,Binding affinity to human serum albumin by fluorescence quenching assay
Cc1cc2c(c(O)c1-c1c(C)cc3c(c1O)/C(=C/NCCCCCC(=O)[O-])C(=O)C(O)=C3C(C)C)/C(=C/NCCCCCC(=O)[O-])C(=O)C(O)=C2C(C)C.[Na+].[Na+],CHEMBL1949756,Ka,3.2203,10'4L/mol,CHEMBL1953042,Binding affinity to human serum albumin by fluorescence quenching assay
Cc1cc2c(c(O)c1-c1c(C)cc3c(c1O)/C(=C/NCCCCCCCC(=O)[O-])C(=O)C(O)=C3C(C)C)/C(=C/NCCCCCCCC(=O)[O-])C(=O)C(O)=C2C(C)C.[Na+].[Na+],CHEMBL1949757,Ka,2.8629,10'4L/mol,CHEMBL1953042,Binding affinity to human serum albumin by fluorescence quenching assay
CC[C@H](C)[C@@H]1C(=O)N[C@H](C2Cc3ccccc3C2)C(=O)N1[C@@H](C(=O)N1CCOCC1)c1ccc(C)nc1C,CHEMBL2037511,PB,70.0,%,CHEMBL2039708,Binding affinity to human serum albumin
CC(C)C[C@@H]1C(=O)N[C@H](C2Cc3ccccc3C2)C(=O)N1[C@@H](C(=O)N(C)C)c1ccc(F)cc1F,CHEMBL377414,PB,94.0,%,CHEMBL2039708,Binding affinity to human serum albumin
Cc1ccc([C@H](C(=O)N2CCCC2)N2C(=O)[C@@H](C3Cc4ccccc4C3)NC(=O)[C@H]2CC(C)C)cn1,CHEMBL2037493,PB,76.0,%,CHEMBL2039708,Binding affinity to human serum albumin
Cc1ccc([C@H](C(=O)N2CCOCC2)N2C(=O)[C@@H](C3Cc4ccccc4C3)NC(=O)[C@H]2CC(C)C)cn1,CHEMBL2037492,PB,67.0,%,CHEMBL2039708,Binding affinity to human serum albumin
Cc1ccc([C@H](C(=O)N(C)C)N2C(=O)[C@@H](C3Cc4ccccc4C3)NC(=O)[C@H]2CC(C)C)cn1,CHEMBL2037491,PB,83.0,%,CHEMBL2039708,Binding affinity to human serum albumin
CC(C)C[C@@H]1C(=O)N[C@H](C2Cc3ccccc3C2)C(=O)N1[C@@H](C(=O)N1CCOCC1)c1ccc(N(C)C)nc1,CHEMBL2037490,PB,70.0,%,CHEMBL2039708,Binding affinity to human serum albumin
CC(C)C[C@@H]1C(=O)N[C@H](C2Cc3ccccc3C2)C(=O)N1[C@@H](C(=O)N(C)C)c1ccc(N(C)C)nc1,CHEMBL2037489,PB,74.0,%,CHEMBL2039708,Binding affinity to human serum albumin
CC(C)C[C@@H]1C(=O)N[C@H](C2Cc3ccccc3C2)C(=O)N1[C@@H](C(=O)N(C)C)c1ccc(O)nc1,CHEMBL2037488,PB,61.0,%,CHEMBL2039708,Binding affinity to human serum albumin
COc1ccc([C@H](C(=O)N2CCOCC2)N2C(=O)[C@@H](C3Cc4ccccc4C3)NC(=O)[C@H]2CC(C)C)cn1,CHEMBL2037487,PB,76.0,%,CHEMBL2039708,Binding affinity to human serum albumin
COc1ccc([C@H](C(=O)N(C)C)N2C(=O)[C@@H](C3Cc4ccccc4C3)NC(=O)[C@H]2CC(C)C)cn1,CHEMBL2037486,PB,92.0,%,CHEMBL2039708,Binding affinity to human serum albumin
CCN(CC)Cc1cc(Nc2ccnc3cc(Cl)ccc23)ccc1O.Cl,CHEMBL1630,Ka,13.8,10'-4/M,CHEMBL2059932,Binding affinity to human serum albumin assessed as modified Stern-Volmer association constant at pH 7.4 and 291K by spectrofluorimetry
CCN(CC)Cc1cc(Nc2ccnc3cc(Cl)ccc23)ccc1O.Cl,CHEMBL1630,Ka,8.39,10'-4/M,CHEMBL2059933,Binding affinity to human serum albumin assessed as modified Stern-Volmer association constant at pH 7.4 and 301K by spectrofluorimetry
CCN(CC)Cc1cc(Nc2ccnc3cc(Cl)ccc23)ccc1O.Cl,CHEMBL1630,Ka,4.59,10'-4/M,CHEMBL2059934,Binding affinity to human serum albumin assessed as modified Stern-Volmer association constant at pH 7.4 and 310K by spectrofluorimetry
CCN(CC)Cc1cc(Nc2ccnc3cc(Cl)ccc23)ccc1O.Cl,CHEMBL1630,Kb,3.5,10'-4/M,CHEMBL2059935,Apparent binding affinity to human serum albumin at pH 7.4 and 291K by spectrofluorimetry
CCN(CC)Cc1cc(Nc2ccnc3cc(Cl)ccc23)ccc1O.Cl,CHEMBL1630,Kb,4.86,10'-4/M,CHEMBL2059936,Apparent binding affinity to human serum albumin at pH 7.4 and 301K by spectrofluorimetry
CCN(CC)Cc1cc(Nc2ccnc3cc(Cl)ccc23)ccc1O.Cl,CHEMBL1630,Kb,6.73,10'-4/M,CHEMBL2059937,Apparent binding affinity to human serum albumin at pH 7.4 and 310K by spectrofluorimetrysis
CCN(CC)Cc1cc(Nc2ccnc3cc(Cl)ccc23)ccc1O.Cl,CHEMBL1630,Ka,7.31,10'-4/M,CHEMBL2059938,Binding affinity to human serum albumin assessed as modified Stern-Volmer association constant at pH 7.4 and 291K by spectrofluorimetry in presence of warfarin
CCN(CC)Cc1cc(Nc2ccnc3cc(Cl)ccc23)ccc1O.Cl,CHEMBL1630,Ka,11.36,10'-4/M,CHEMBL2059939,Binding affinity to human serum albumin assessed as modified Stern-Volmer association constant at pH 7.4 and 291K by spectrofluorimetry in presence of ibuprofen
CCN(CC)Cc1cc(Nc2ccnc3cc(Cl)ccc23)ccc1O.Cl,CHEMBL1630,KSV,7.663,10'-4/M,CHEMBL2059941,Binding affinity to human serum albumin assessed as Stern-Volmer association constant at pH 7.4 and 291K by spectrofluorimetry
CCN(CC)Cc1cc(Nc2ccnc3cc(Cl)ccc23)ccc1O.Cl,CHEMBL1630,KSV,5.621,10'-4/M,CHEMBL2059942,Binding affinity to human serum albumin assessed as Stern-Volmer association constant at pH 7.4 and 301K by spectrofluorimetry
CCN(CC)Cc1cc(Nc2ccnc3cc(Cl)ccc23)ccc1O.Cl,CHEMBL1630,KSV,4.84,10'-4/M,CHEMBL2059943,Binding affinity to human serum albumin assessed as Stern-Volmer association constant at pH 7.4 and 310K by spectrofluorimetry
C[C@H](CCC(=O)O)[C@H]1CC[C@H]2[C@@H]3[C@H](O)C[C@@H]4C[C@H](O)CC[C@]4(C)[C@H]3C[C@H](O)[C@]12C,CHEMBL205596,Activity,50.0,%,CHEMBL2065437,Binding affinity to albumin by equilibrium dialysis
C[C@H](CCC(=O)O)[C@H]1CC[C@H]2[C@@H]3[C@H](O)C[C@@H]4C[C@H](O)CC[C@]4(C)[C@H]3CC[C@]12C,CHEMBL240597,Activity,93.0,%,CHEMBL2065437,Binding affinity to albumin by equilibrium dialysis
CC[C@H]1[C@@H](O)[C@@H]2[C@H](C[C@H](O)[C@]3(C)[C@@H]([C@H](C)C[C@H](C)C(=O)O)CC[C@@H]23)[C@@]2(C)CC[C@@H](O)C[C@@H]12,CHEMBL567640,Activity,62.0,%,CHEMBL2065437,Binding affinity to albumin by equilibrium dialysis
C[C@H](CCC(=O)[O-])[C@H]1[C@H](O)C[C@H]2[C@@H]3[C@H](O)C[C@@H]4C[C@H](O)CC[C@]4(C)[C@H]3CC[C@]12C.[Na+],CHEMBL2062551,Activity,58.0,%,CHEMBL2065437,Binding affinity to albumin by equilibrium dialysis
CC[C@H]1[C@@H](O)[C@@H]2[C@H](CC[C@]3(C)[C@@H]([C@H](C)CCC(=O)[O-])[C@@H](O)C[C@@H]23)[C@@]2(C)CC[C@@H](O)C[C@@H]12.[Na+],CHEMBL2062554,Activity,83.0,%,CHEMBL2065437,Binding affinity to albumin by equilibrium dialysis
Cc1cc2c(-c3ccc(S(=O)(=O)N(C)CCO)cc3)ccnc2[nH]1,CHEMBL520308,Activity,91.0,%,CHEMBL2167030,Binding affinity to human serum albumin
COc1cc2c(cc1C(F)(F)F)N(C(=O)Nc1cc(OC(F)(F)F)cc(-c3cccnc3)c1)CC2,CHEMBL586213,Activity,97.8,%,CHEMBL2174388,Binding affinity to human serum albumin by HPLC analysis
COc1cc2c(cc1-c1c(C)noc1C)ncc1[nH]c(=O)n(-c3ccccc3C(C)(C)C)c12,CHEMBL2017283,PB,97.7,%,CHEMBL2187901,Binding affinity to human serum albumin
CC[C@H](C)[C@H](NC(=O)[C@H](CC(C)C)NC(=O)[C@H](CCCNC(=N)N)N[C@@H](CCCCN)C(=O)NCCCCN=[N+]=[N-])C(=O)N[C@@H](CCC(=O)O)C(=O)N[C@@H](CC(=O)O)C(=O)N[C@H](C(=O)N[C@H]1CSSC[C@@H](C(=O)N[C@@H](CC(C)C)C(=O)N[C@@H](Cc2c[nH]c3ccccc23)C(=O)N[C@@H](CCC(=O)O)C(=O)N[C@@H](CC(=O)O)C(=O)N[C@@H](CC(=O)O)C(=O)O)NC(=O)CNC(=O)[C@H](Cc2c[nH]c3ccccc23)NC(=O)[C@H](CCCNC(=N)N)NC(=O)[C@@H]2CCCN2C(=O)[C@H](CC(C)C)NC1=O)[C@@H](C)CC,CHEMBL2180871,Kd,321.0,nM,CHEMBL2189001,Binding affinity to human serum albumin by fluorescence polarization assay
CCc1cc(O)c(Oc2ccc(C(N)=O)cc2F)cc1F,CHEMBL2178284,Activity,95.0,%,CHEMBL2187296,Binding affinity to human serum albumin
O=C(CCCN1CCC(O)(c2ccc(Cl)cc2)CC1)c1ccc([19F])cc1,CHEMBL2234294,PB,0.89,,CHEMBL3062994,Binding affinity to Homo sapiens (human) serum albumin at 1.5 to 800 ug/ml after 3 days by NMR analysis
O=C(O[C@@H]1Cc2c(O)cc(O)cc2O[C@@H]1c1cc(O)c(O)c(O)c1)c1cc(O)c(O)c(O)c1,CHEMBL297453,Activity,85.2,%,CHEMBL3053603,Binding affinity to 0.6 mM Homo sapiens (human) serum albumin by ultrafiltration-HPLC-UV/DAD method
O=C(O[C@@H]1Cc2c(O)cc(O)cc2O[C@@H]1c1ccc(O)c(O)c1)c1cc(O)c(O)c(O)c1,CHEMBL36327,Activity,85.8,%,CHEMBL3053603,Binding affinity to 0.6 mM Homo sapiens (human) serum albumin by ultrafiltration-HPLC-UV/DAD method
Cn1c(=O)c2c(ncn2C)n(C)c1=O,CHEMBL113,Activity,72.7,%,CHEMBL3053603,Binding affinity to 0.6 mM Homo sapiens (human) serum albumin by ultrafiltration-HPLC-UV/DAD method
Oc1cc(O)c2c(c1)O[C@@H](c1ccc(O)c(O)c1)[C@H](O)C2,CHEMBL200715,Activity,65.6,%,CHEMBL3053603,Binding affinity to 0.6 mM Homo sapiens (human) serum albumin by ultrafiltration-HPLC-UV/DAD method
O=C(O[C@@H]1Cc2c(O)cc(O)cc2O[C@@H]1c1cc(O)c(O)c(O)c1)c1cc(O)c(O)c(O)c1,CHEMBL297453,Activity,68.7,%,CHEMBL3054080,Binding affinity to 0.06 mM Homo sapiens (human) serum albumin by ultrafiltration-HPLC-UV/DAD method
O=C(O[C@@H]1Cc2c(O)cc(O)cc2O[C@@H]1c1ccc(O)c(O)c1)c1cc(O)c(O)c(O)c1,CHEMBL36327,Activity,69.5,%,CHEMBL3054080,Binding affinity to 0.06 mM Homo sapiens (human) serum albumin by ultrafiltration-HPLC-UV/DAD method
Cn1c(=O)c2c(ncn2C)n(C)c1=O,CHEMBL113,Activity,58.4,%,CHEMBL3054080,Binding affinity to 0.06 mM Homo sapiens (human) serum albumin by ultrafiltration-HPLC-UV/DAD method
Oc1cc(O)c2c(c1)O[C@@H](c1ccc(O)c(O)c1)[C@H](O)C2,CHEMBL200715,Activity,30.9,%,CHEMBL3054080,Binding affinity to 0.06 mM Homo sapiens (human) serum albumin by ultrafiltration-HPLC-UV/DAD method
CC(C)CC(=O)OC[C@H]1O[C@@H](n2cc(-c3ccccc3)nn2)[C@H](OC(=O)CC(C)C)[C@@H](OC(=O)CC(C)C)[C@@H]1OC(=O)CC(C)C,CHEMBL2315823,Activity,99.0,%,CHEMBL2318629,Binding affinity to human serum albumin by chromatographic HSA binding assay
CCCCC(=O)OC[C@H]1O[C@@H](n2cc(-c3ccccc3)nn2)[C@H](OC(=O)CCCC)[C@@H](OC(=O)CCCC)[C@@H]1OC(=O)CCCC,CHEMBL2315824,Activity,99.0,%,CHEMBL2318629,Binding affinity to human serum albumin by chromatographic HSA binding assay
CCCC(=O)OC[C@H]1O[C@@H](n2cc(-c3ccccc3)nn2)[C@H](OC(=O)CCC)[C@@H](OC(=O)CCC)[C@@H]1OC(=O)CCC,CHEMBL2315825,Activity,96.0,%,CHEMBL2318629,Binding affinity to human serum albumin by chromatographic HSA binding assay
CCC(=O)OC[C@H]1O[C@@H](n2cc(-c3ccccc3)nn2)[C@H](OC(=O)CC)[C@@H](OC(=O)CC)[C@@H]1OC(=O)CC,CHEMBL2315827,Activity,88.0,%,CHEMBL2318629,Binding affinity to human serum albumin by chromatographic HSA binding assay
CC(=O)OC[C@H]1O[C@@H](n2cc(-c3ccccc3)nn2)[C@H](OC(C)=O)[C@@H](OC(C)=O)[C@@H]1OC(C)=O,CHEMBL2315826,Activity,59.0,%,CHEMBL2318629,Binding affinity to human serum albumin by chromatographic HSA binding assay
OC[C@H]1O[C@@H](n2cc(-c3ccccc3)nn2)[C@H](O)[C@@H](O)[C@@H]1O,CHEMBL601227,Activity,19.0,%,CHEMBL2318629,Binding affinity to human serum albumin by chromatographic HSA binding assay
COc1ccc(/C=C/c2cc(O)cc(O[C@@H]3O[C@H](CNC(=O)OCCSSC[C@H](NC(=O)[C@H](CC(=O)O)NC(=O)CC[C@H](NC(=O)c4ccc(NCc5cnc6nc(N)[nH]c(=O)c6n5)cc4)C(=O)O)C(=O)O)[C@@H](O)[C@H](O)[C@H]3O)c2)cc1O,CHEMBL2313027,Activity,79.3,%,CHEMBL2318168,Binding affinity to human serum albumin assessed as binding rate at 8 uM
COc1ccc2cc3[n+](cc2c1OCCN(CCn1cncn1)Cc1ccc(F)cc1F)CCc1cc2c(cc1-3)OCO2.[Cl-],CHEMBL2312328,Ratio,1.064,,CHEMBL2319414,Ratio of binding affinity to HSA in presence of Mg2+ ions to binding affinity to HSA in absence of metal ions
COc1ccc2cc3[n+](cc2c1OCCN(CCn1cncn1)Cc1ccc(F)cc1F)CCc1cc2c(cc1-3)OCO2.[Cl-],CHEMBL2312328,Ratio,1.116,,CHEMBL2319413,Ratio of binding affinity to HSA in presence of Fe3+ ions to binding affinity to HSA in absence of metal ions
COc1ccc2cc3[n+](cc2c1OCCN(CCn1cncn1)Cc1ccc(F)cc1F)CCc1cc2c(cc1-3)OCO2.[Cl-],CHEMBL2312328,Ratio,0.871,,CHEMBL2319415,Ratio of binding affinity to HSA in presence of Zn2+ ions to binding affinity to HSA in absence of metal ions
COc1ccc2cc3[n+](cc2c1OCCN(CCn1cncn1)Cc1ccc(F)cc1F)CCc1cc2c(cc1-3)OCO2.[Cl-],CHEMBL2312328,Ratio,0.963,,CHEMBL2319416,Ratio of binding affinity to HSA in presence of Pb2+ ions to binding affinity to HSA in absence of metal ions
COc1ccc2cc3[n+](cc2c1OCCN(CCn1cncn1)Cc1ccc(F)cc1F)CCc1cc2c(cc1-3)OCO2.[Cl-],CHEMBL2312328,Ratio,0.839,,CHEMBL2319417,Ratio of binding affinity to HSA in presence of Ni2+ ions to binding affinity to HSA in absence of metal ions
COc1ccc2cc3[n+](cc2c1OCCN(CCn1cncn1)Cc1ccc(F)cc1F)CCc1cc2c(cc1-3)OCO2.[Cl-],CHEMBL2312328,Ratio,0.883,,CHEMBL2319419,Ratio of binding affinity to HSA in presence of La3+ ions to binding affinity to HSA in absence of metal ions
COc1ccc2cc3[n+](cc2c1OCCN(CCn1cncn1)Cc1ccc(F)cc1F)CCc1cc2c(cc1-3)OCO2.[Cl-],CHEMBL2312328,Ratio,0.943,,CHEMBL2319418,Ratio of binding affinity to HSA in presence of K+ ions to binding affinity to HSA in absence of metal ions
COc1ccc2cc3[n+](cc2c1OCCN(CCn1cncn1)Cc1ccc(F)cc1F)CCc1cc2c(cc1-3)OCO2.[Cl-],CHEMBL2312328,Ratio,0.972,,CHEMBL2319420,Ratio of binding affinity to HSA in presence of Cu2+ ions to binding affinity to HSA in absence of metal ions
COc1ccc2cc3[n+](cc2c1OCCN(CCn1cncn1)Cc1ccc(F)cc1F)CCc1cc2c(cc1-3)OCO2.[Cl-],CHEMBL2312328,Ratio,0.998,,CHEMBL2319421,Ratio of binding affinity to HSA in presence of Ce3+ ions to binding affinity to HSA in absence of metal ions
COc1ccc2cc3[n+](cc2c1OCCN(CCn1cncn1)Cc1ccc(F)cc1F)CCc1cc2c(cc1-3)OCO2.[Cl-],CHEMBL2312328,Ratio,0.956,,CHEMBL2319422,Ratio of binding affinity to HSA in presence of Ca2+ ions to binding affinity to HSA in absence of metal ions
COc1ccc2cc3[n+](cc2c1OCCN(CCn1cncn1)Cc1ccc(F)cc1F)CCc1cc2c(cc1-3)OCO2.[Cl-],CHEMBL2312328,Kb,1.148,L/mol,CHEMBL2319423,Binding affinity to HSA in presence of Mg2+ ions
COc1ccc2cc3[n+](cc2c1OCCN(CCn1cncn1)Cc1ccc(F)cc1F)CCc1cc2c(cc1-3)OCO2.[Cl-],CHEMBL2312328,Kb,1.204,L/mol,CHEMBL2319424,Binding affinity to HSA in presence of Fe3+ ions
COc1ccc2cc3[n+](cc2c1OCCN(CCn1cncn1)Cc1ccc(F)cc1F)CCc1cc2c(cc1-3)OCO2.[Cl-],CHEMBL2312328,Kb,0.94,L/mol,CHEMBL2319425,Binding affinity to HSA in presence of Zn2+ ions
COc1ccc2cc3[n+](cc2c1OCCN(CCn1cncn1)Cc1ccc(F)cc1F)CCc1cc2c(cc1-3)OCO2.[Cl-],CHEMBL2312328,Kb,1.039,L/mol,CHEMBL2319426,Binding affinity to HSA in presence of Pb2+ ions
COc1ccc2cc3[n+](cc2c1OCCN(CCn1cncn1)Cc1ccc(F)cc1F)CCc1cc2c(cc1-3)OCO2.[Cl-],CHEMBL2312328,Kb,0.905,L/mol,CHEMBL2319427,Binding affinity to HSA in presence of Ni2+ ions
COc1ccc2cc3[n+](cc2c1OCCN(CCn1cncn1)Cc1ccc(F)cc1F)CCc1cc2c(cc1-3)OCO2.[Cl-],CHEMBL2312328,Kb,0.953,L/mol,CHEMBL2319428,Binding affinity to HSA in presence of La3+ ions
COc1ccc2cc3[n+](cc2c1OCCN(CCn1cncn1)Cc1ccc(F)cc1F)CCc1cc2c(cc1-3)OCO2.[Cl-],CHEMBL2312328,Kb,1.017,L/mol,CHEMBL2319430,Binding affinity to HSA in presence of K+ ions
COc1ccc2cc3[n+](cc2c1OCCN(CCn1cncn1)Cc1ccc(F)cc1F)CCc1cc2c(cc1-3)OCO2.[Cl-],CHEMBL2312328,Kb,1.049,L/mol,CHEMBL2319429,Binding affinity to HSA in presence of Cu2+ ions
COc1ccc2cc3[n+](cc2c1OCCN(CCn1cncn1)Cc1ccc(F)cc1F)CCc1cc2c(cc1-3)OCO2.[Cl-],CHEMBL2312328,Kb,1.077,L/mol,CHEMBL2319431,Binding affinity to HSA in presence of Ce3+ ions
COc1ccc2cc3[n+](cc2c1OCCN(CCn1cncn1)Cc1ccc(F)cc1F)CCc1cc2c(cc1-3)OCO2.[Cl-],CHEMBL2312328,Kb,1.032,L/mol,CHEMBL2319433,Binding affinity to HSA in presence of Ca2+ ions
COc1ccc2cc3[n+](cc2c1OCCN(CCn1cncn1)Cc1ccc(F)cc1F)CCc1cc2c(cc1-3)OCO2.[Cl-],CHEMBL2312328,Kb,1.079,L/mol,CHEMBL2319432,Binding affinity to HSA in absence of metal ions
O=C(O)Cc1ccccc1S(=O)(=O)c1ccc(-c2ccc(NC(=O)CF)cc2)cc1,CHEMBL2326365,Kd,10.0,uM,CHEMBL2330242,Binding affinity to human serum albumin by 19F NMR titration assay
O=C(O)Cc1ccccc1S(=O)(=O)c1ccc(-c2ccc(OCCF)cc2)cc1,CHEMBL2326363,Kd,140.0,uM,CHEMBL2330242,Binding affinity to human serum albumin by 19F NMR titration assay
CC1=C(C(N)=O)C(=O)/C(=C\c2cc(C)n(-c3ccccc3C(F)(F)F)c2C)N1,CHEMBL2335633,PB,93.7,%,CHEMBL2345336,Binding affinity to human albumin by HPLC analysis relative to control
CC1=C(C(=O)O)C(=O)/C(=C\c2cc(C)n(-c3ccccc3C(F)(F)F)c2C)N1,CHEMBL2335630,PB,93.7,%,CHEMBL2345336,Binding affinity to human albumin by HPLC analysis relative to control
CC1=C(C(=O)OCc2ccccc2)C(=O)/C(=C\c2cc(C)n(-c3ccccc3C(F)(F)F)c2C)N1,CHEMBL2335629,PB,93.7,%,CHEMBL2345336,Binding affinity to human albumin by HPLC analysis relative to control
CC1=C(C(=O)OC(C)(C)C)C(=O)/C(=C\c2cc(C)n(-c3ccccc3C(F)(F)F)c2C)N1,CHEMBL2335628,PB,93.7,%,CHEMBL2345336,Binding affinity to human albumin by HPLC analysis relative to control
CCOC(=O)C1=C(C)N/C(=C/c2cc(CC)n(-c3ccccc3C(F)(F)F)c2CC)C1=O,CHEMBL2335611,PB,93.7,%,CHEMBL2345336,Binding affinity to human albumin by HPLC analysis relative to control
CCOC(=O)C1=C(C)N/C(=C/c2ccn(-c3ccc(C(F)(F)F)cc3)c2)C1=O,CHEMBL2335610,PB,93.7,%,CHEMBL2345336,Binding affinity to human albumin by HPLC analysis relative to control
CCOC(=O)C1=C(C)N/C(=C/c2ccn(-c3ccccc3C(F)(F)F)c2)C1=O,CHEMBL2335609,PB,93.7,%,CHEMBL2345336,Binding affinity to human albumin by HPLC analysis relative to control
CCOC(=O)C1=C(C)N/C(=C/c2cc(C)n(-c3ccc(CN(C)C)cc3)c2C)C1=O,CHEMBL2335608,PB,93.7,%,CHEMBL2345336,Binding affinity to human albumin by HPLC analysis relative to control
CCOC(=O)C1=C(C)N/C(=C/c2cc(C)n(-c3ccc(CN4CCOCC4)cc3)c2C)C1=O,CHEMBL2335607,PB,93.7,%,CHEMBL2345336,Binding affinity to human albumin by HPLC analysis relative to control
CCOC(=O)C1=C(C)N/C(=C/c2cc(C)n(-c3ccc(CN4CCCCC4)cc3)c2C)C1=O,CHEMBL2335606,PB,93.7,%,CHEMBL2345336,Binding affinity to human albumin by HPLC analysis relative to control
CCOC(=O)C1=C(C)N/C(=C/c2cc(C)n(Cc3ccc(C(F)(F)F)cc3)c2C)C1=O,CHEMBL2335604,PB,93.7,%,CHEMBL2345336,Binding affinity to human albumin by HPLC analysis relative to control
CCOC(=O)C1=C(C)N/C(=C/c2cc(C)n(-c3ccc(N4CCOCC4)cc3)c2C)C1=O,CHEMBL2335602,PB,93.7,%,CHEMBL2345336,Binding affinity to human albumin by HPLC analysis relative to control
CCOC(=O)C1=C(C)N/C(=C/c2cc(C)n(-c3cccnc3)c2C)C1=O,CHEMBL2335599,PB,79.0,%,CHEMBL2345336,Binding affinity to human albumin by HPLC analysis relative to control
CCOC(=O)C1=C(C)N/C(=C/c2cc(C)n(-c3ccncc3)c2C)C1=O,CHEMBL2335598,PB,80.0,%,CHEMBL2345336,Binding affinity to human albumin by HPLC analysis relative to control
CCOC(=O)C1=C(C)N/C(=C/c2cc(C)n(-c3ccc(SC)cc3)c2C)C1=O,CHEMBL2335597,PB,93.7,%,CHEMBL2345336,Binding affinity to human albumin by HPLC analysis relative to control
CCOC(=O)C1=C(C)N/C(=C/c2cc(C)n(-c3ccc([S+](C)[O-])cc3)c2C)C1=O,CHEMBL2335596,PB,93.7,%,CHEMBL2345336,Binding affinity to human albumin by HPLC analysis relative to control
CCOC(=O)C1=C(C)N/C(=C/c2cc(C)n(-c3ccc(S(=O)(=O)C(F)(F)F)cc3)c2C)C1=O,CHEMBL2335595,PB,93.7,%,CHEMBL2345336,Binding affinity to human albumin by HPLC analysis relative to control
CCOC(=O)C1=C(C)N/C(=C/c2cc(C)n(-c3ccc(SC(F)(F)F)cc3)c2C)C1=O,CHEMBL2335594,PB,93.7,%,CHEMBL2345336,Binding affinity to human albumin by HPLC analysis relative to control
CCOC(=O)C1=C(C)N/C(=C/c2cc(C)n(-c3cccc(O)c3)c2C)C1=O,CHEMBL2335593,PB,93.7,%,CHEMBL2345336,Binding affinity to human albumin by HPLC analysis relative to control
CCOC(=O)C1=C(C)N/C(=C/c2cc(C)n(-c3cccc(OC)c3)c2C)C1=O,CHEMBL2335592,PB,93.7,%,CHEMBL2345336,Binding affinity to human albumin by HPLC analysis relative to control
CCOC(=O)C1=C(C)N/C(=C/c2cc(C)n(-c3cc(OC)c(OC)c(OO)c3)c2C)C1=O,CHEMBL2335591,PB,93.7,%,CHEMBL2345336,Binding affinity to human albumin by HPLC analysis relative to control
CCOC(=O)C1=C(C)N/C(=C/c2cc(C)n(-c3ccc(N(C)C)cc3)c2C)C1=O,CHEMBL2335989,PB,93.7,%,CHEMBL2345336,Binding affinity to human albumin by HPLC analysis relative to control
CCOC(=O)C1=C(C)N/C(=C/c2cc(C)n(-c3ccc(OC)cc3)c2C)C1=O,CHEMBL2335988,PB,93.7,%,CHEMBL2345336,Binding affinity to human albumin by HPLC analysis relative to control
CCOC(=O)C1=C(C)N/C(=C/c2cc(C)n(-c3ccc(Br)cc3)c2C)C1=O,CHEMBL2335987,PB,93.7,%,CHEMBL2345336,Binding affinity to human albumin by HPLC analysis relative to control
CCOC(=O)C1=C(C)N/C(=C/c2cc(C)n(-c3ccc(Cl)cc3)c2C)C1=O,CHEMBL2335986,PB,93.7,%,CHEMBL2345336,Binding affinity to human albumin by HPLC analysis relative to control
CCOC(=O)C1=C(C)N/C(=C/c2cc(C)n(-c3ccc(F)cc3F)c2C)C1=O,CHEMBL2335993,PB,93.7,%,CHEMBL2345336,Binding affinity to human albumin by HPLC analysis relative to control
CCOC(=O)C1=C(O)/C(=C\c2cc(C)n(-c3ccc(F)cc3)c2C)N=C1C,CHEMBL1602168,PB,93.7,%,CHEMBL2345336,Binding affinity to human albumin by HPLC analysis relative to control
CCOC(=O)C1=C(C)N/C(=C/c2cc(C)n(-c3cccc(C(F)(F)F)c3)c2C)C1=O,CHEMBL2335991,PB,93.7,%,CHEMBL2345336,Binding affinity to human albumin by HPLC analysis relative to control
CCOC(=O)C1=C(C)N/C(=C/c2cc(C)n(-c3ccc(C(F)(F)F)cc3)c2C)C1=O,CHEMBL2335990,PB,93.7,%,CHEMBL2345336,Binding affinity to human albumin by HPLC analysis relative to control
CCOC(=O)C1=C(C)N/C(=C/c2cc(C)n(-c3ccccc3C(F)(F)F)c2C)C1=O,CHEMBL600928,PB,93.7,%,CHEMBL2345336,Binding affinity to human albumin by HPLC analysis relative to control
O=C(O[C@@H]1Cc2c(O)cc(O)cc2O[C@@H]1c1cc(O)c(O)c(O)c1)c1cc(O)c(O)c(O)c1,CHEMBL297453,Activity,85.0,%,CHEMBL2340744,Binding affinity to human serum albumin at 10 uM
O=C(O[C@@H]1Cc2c(O)cc(O)cc2O[C@@H]1c1cc(O)c(O)c(O)c1)c1cc(O)c(O)c(O)c1,CHEMBL297453,Activity,99.0,%,CHEMBL2340743,Binding affinity to human serum albumin at 1 uM
Cc1onc(-c2ccc(Cl)o2)c1-c1ccccc1,CHEMBL363228,Activity,95.7,%,CHEMBL2384258,Binding affinity to human serum albumin by HPLC analysis relative to control
Cc1onc(-c2ccc(Br)o2)c1-c1ccccc1,CHEMBL2380876,Activity,96.1,%,CHEMBL2384258,Binding affinity to human serum albumin by HPLC analysis relative to control
Cc1ccc(-c2noc(C)c2-c2ccccc2)o1,CHEMBL2380867,Activity,94.7,%,CHEMBL2384258,Binding affinity to human serum albumin by HPLC analysis relative to control
FC(F)(F)c1onc(-c2ccc(Cl)o2)c1-c1ccccc1,CHEMBL2380864,Activity,94.3,%,CHEMBL2384258,Binding affinity to human serum albumin by HPLC analysis relative to control
O=C(Nc1c(Cl)cncc1Cl)c1ccc(OC(F)F)c(OCC2CC2)c1,CHEMBL193240,PB,97.0,%,CHEMBL2405794,Binding affinity to human serum albumin
COc1ccc(C2CNC(=O)C2)cc1OC1CCCC1,CHEMBL63,PB,58.0,%,CHEMBL2405794,Binding affinity to human serum albumin
CCC(C#N)(CC)Nc1nc(NC)nc(-n2cncn2)n1,CHEMBL2402509,PB,51.0,%,CHEMBL2405794,Binding affinity to human serum albumin
CCCCCCCCCCCCCCCC(=O)N[C@@H](CCC(=O)NCCCC[C@H](NC(=O)[C@H](C)NC(=O)[C@H](C)NC(=O)[C@H](CCC(N)=O)NC(=O)CNC(=O)[C@H](CCC(=O)O)NC(=O)[C@H](CC(C)C)NC(=O)[C@H](Cc1ccc(O)cc1)NC(=O)[C@H](CO)NC(=O)[C@H](CO)NC(=O)[C@@H](NC(=O)[C@H](CC(=O)O)NC(=O)[C@H](CO)NC(=O)[C@@H](NC(=O)[C@H](Cc1ccccc1)NC(=O)[C@@H](NC(=O)CNC(=O)[C@H](CCC(=O)O)NC(=O)[C@H](C)NC(=O)[C@@H](N)Cc1cnc[nH]1)[C@@H](C)O)[C@@H](C)O)C(C)C)C(=O)N[C@@H](CCC(=O)O)C(=O)N[C@@H](Cc1ccccc1)C(=O)N[C@H](C(=O)N[C@@H](C)C(=O)N[C@@H](Cc1c[nH]c2ccccc12)C(=O)N[C@@H](CC(C)C)C(=O)N[C@H](C(=O)N[C@@H](CCCNC(=N)N)C(=O)NCC(=O)N[C@@H](CCCNC(=N)N)C(=O)NCC(=O)O)C(C)C)[C@@H](C)CC)C(=O)O,CHEMBL4084119,Activity,99.0,%,CHEMBL2404367,Binding affinity to serum albumin (unknown origin) relative to control
COc1ccc2cc3[n+](cc2c1OCCN(CCn1cncc1[N+](=O)[O-])Cc1ccc(F)cc1F)CCc1cc2c(cc1-3)OCO2.[Cl-],CHEMBL2401877,Kb,3.02,10'-4L/mol,CHEMBL2404962,Binding affinity to human serum albumin at pH 7.4 at 310K by Scatchard method
COc1ccc2cc3[n+](cc2c1OCCN(CCn1cncc1[N+](=O)[O-])Cc1ccc(F)cc1F)CCc1cc2c(cc1-3)OCO2.[Cl-],CHEMBL2401877,Kb,3.8,10'-4L/mol,CHEMBL2404963,Binding affinity to human serum albumin at pH 7.4 at 298K by Scatchard method
COc1ccc2cc3[n+](cc2c1OCCN(CCn1cncc1[N+](=O)[O-])Cc1ccc(F)cc1F)CCc1cc2c(cc1-3)OCO2.[Cl-],CHEMBL2401877,Kb,5.08,10'-4L/mol,CHEMBL2404964,Binding affinity to human serum albumin at pH 7.4 at 286K by Scatchard method
COc1ccc2cc3[n+](cc2c1OCCN(CCn1cncc1[N+](=O)[O-])Cc1ccc(F)cc1F)CCc1cc2c(cc1-3)OCO2.[Cl-],CHEMBL2401877,Ka,3.08,10'-4L/mol,CHEMBL2404965,Binding affinity to human serum albumin assessed as effective quenching constant at pH 7.4 at 310K by modified Stern-Volmer method
COc1ccc2cc3[n+](cc2c1OCCN(CCn1cncc1[N+](=O)[O-])Cc1ccc(F)cc1F)CCc1cc2c(cc1-3)OCO2.[Cl-],CHEMBL2401877,Ka,3.78,10'-4L/mol,CHEMBL2404966,Binding affinity to human serum albumin assessed as effective quenching constant at pH 7.4 at 298K by modified Stern-Volmer method
COc1ccc2cc3[n+](cc2c1OCCN(CCn1cncc1[N+](=O)[O-])Cc1ccc(F)cc1F)CCc1cc2c(cc1-3)OCO2.[Cl-],CHEMBL2401877,Ka,5.49,10'-4L/mol,CHEMBL2404967,Binding affinity to human serum albumin assessed as effective quenching constant at pH 7.4 at 286K by modified Stern-Volmer method
COc1ccc2cc3[n+](cc2c1OCCN(CCn1cncc1[N+](=O)[O-])Cc1ccc(F)cc1F)CCc1cc2c(cc1-3)OCO2.[Cl-],CHEMBL2401877,KSV,3.08,10'-4L/mol,CHEMBL2404969,Binding affinity to human serum albumin at pH 7.4 at 310K by Stern-Volmer plot
COc1ccc2cc3[n+](cc2c1OCCN(CCn1cncc1[N+](=O)[O-])Cc1ccc(F)cc1F)CCc1cc2c(cc1-3)OCO2.[Cl-],CHEMBL2401877,KSV,3.16,10'-4L/mol,CHEMBL2404970,Binding affinity to human serum albumin at pH 7.4 at 304K by Stern-Volmer plot
COc1ccc2cc3[n+](cc2c1OCCN(CCn1cncc1[N+](=O)[O-])Cc1ccc(F)cc1F)CCc1cc2c(cc1-3)OCO2.[Cl-],CHEMBL2401877,KSV,3.325,10'-4L/mol,CHEMBL2404972,Binding affinity to human serum albumin at pH 7.4 at 295K by Stern-Volmer plot
Cl.O=C1C2CCCN2C(=O)N1CCCCNCCOc1cccc2ccccc12,CHEMBL2431038,Activity,60.0,%,CHEMBL2432536,Binding affinity to human serum albumin at 5 uM after 12 mins by HPLC-MS analysis relative to control
CCOc1ccccc1OCCNCCCCN1C(=O)C2CCCN2C1=O.Cl,CHEMBL2431051,Activity,25.0,%,CHEMBL2432536,Binding affinity to human serum albumin at 5 uM after 12 mins by HPLC-MS analysis relative to control
COc1ccccc1OCCNCCCCN1C(=O)C2CCCN2C1=O.Cl,CHEMBL2431048,Activity,25.0,%,CHEMBL2432536,Binding affinity to human serum albumin at 5 uM after 12 mins by HPLC-MS analysis relative to control
CCc1ccccc1OCCNCCCCN1C(=O)C2CCCN2C1=O.Cl,CHEMBL2431042,Activity,55.0,%,CHEMBL2432536,Binding affinity to human serum albumin at 5 uM after 12 mins by HPLC-MS analysis relative to control
Cl.O=C1C2CCCN2C(=O)N1CCCCNCCOc1ccccc1,CHEMBL2431146,Activity,38.0,%,CHEMBL2432536,Binding affinity to human serum albumin at 5 uM after 12 mins by HPLC-MS analysis relative to control
O=C(N1CCOCC1)N1CCC(Oc2ccc3c(c2)CCN(C2CCC2)CC3)CC1,CHEMBL3092836,Activity,49.0,%,CHEMBL3095540,Binding affinity to human serum albumin
O=C(c1ccc(OCCCc2c[nH]cn2)cc1)C1CC1,CHEMBL14638,Activity,80.0,%,CHEMBL3095540,Binding affinity to human serum albumin
O=C(N[C@H]1CCN(Cc2ccc(OCCCN3CCCCC3)cc2)C1)c1ccc2c(c1)OCO2,CHEMBL3094128,Activity,96.0,%,CHEMBL3095540,Binding affinity to human serum albumin
O=C(O)c1csc(-n2nc3c(c2-c2ccccc2)CCc2ccccc2-3)n1,CHEMBL3092133,PPB,99.88,%,CHEMBL3095961,Binding affinity to albumin in plasma (unknown origin)
O=C(O)c1csc(-n2nc(-c3ccccc3)c3c2-c2ccccc2C3)n1,CHEMBL3092131,PPB,99.68,%,CHEMBL3095961,Binding affinity to albumin in plasma (unknown origin)
Nc1c(-c2ccccc2)nn(-c2nc(C(=O)O)cs2)c1-c1ccccc1,CHEMBL3092130,PPB,99.0,%,CHEMBL3095961,Binding affinity to albumin in plasma (unknown origin)
Cc1c(-c2ccccc2)nn(-c2nc(C(=O)O)cs2)c1-c1ccccc1,CHEMBL2442495,PPB,99.71,%,CHEMBL3095961,Binding affinity to albumin in plasma (unknown origin)
O=C1CCCN1c1ccc(Oc2ccc3c(c2)CCN(C2CCC2)CC3)nc1,CHEMBL3092650,INH,75.0,%,CHEMBL3097139,Binding affinity to human serum albumin by HPLC analysis
CNC(=O)c1cnc(Oc2ccc3c(c2)CCN(C2CCC2)CC3)cn1,CHEMBL1783890,INH,60.0,%,CHEMBL3097139,Binding affinity to human serum albumin by HPLC analysis
CNC(=O)c1ccc(Oc2ccc3c(c2)CCN(C2CCC2)CC3)nc1,CHEMBL517140,INH,60.0,%,CHEMBL3097139,Binding affinity to human serum albumin by HPLC analysis
CC(C)CC(=O)OC[C@H]1O[C@@H](n2cc(-c3ccc(S(N)(=O)=O)cc3)nn2)[C@H](OC(=O)CC(C)C)[C@@H](OC(=O)CC(C)C)[C@@H]1OC(=O)CC(C)C,CHEMBL3092940,Activity,99.0,%,CHEMBL3097249,Binding affinity to human serum albumin by chromatographic analysis
CCCCC(=O)OC[C@H]1O[C@@H](n2cc(-c3ccc(S(N)(=O)=O)cc3)nn2)[C@H](OC(=O)CCCC)[C@@H](OC(=O)CCCC)[C@@H]1OC(=O)CCCC,CHEMBL3092941,Activity,99.0,%,CHEMBL3097249,Binding affinity to human serum albumin by chromatographic analysis
CCCC(=O)OC[C@H]1O[C@@H](n2cc(-c3ccc(S(N)(=O)=O)cc3)nn2)[C@H](OC(=O)CCC)[C@@H](OC(=O)CCC)[C@@H]1OC(=O)CCC,CHEMBL3092942,Activity,94.0,%,CHEMBL3097249,Binding affinity to human serum albumin by chromatographic analysis
CCC(=O)OC[C@H]1O[C@@H](n2cc(-c3ccc(S(N)(=O)=O)cc3)nn2)[C@H](OC(=O)CC)[C@@H](OC(=O)CC)[C@@H]1OC(=O)CC,CHEMBL3092943,Activity,77.0,%,CHEMBL3097249,Binding affinity to human serum albumin by chromatographic analysis
CC(=O)OC[C@H]1O[C@@H](n2cc(-c3ccc(S(N)(=O)=O)cc3)nn2)[C@H](OC(C)=O)[C@@H](OC(C)=O)[C@@H]1OC(C)=O,CHEMBL269852,Activity,30.0,%,CHEMBL3097249,Binding affinity to human serum albumin by chromatographic analysis
NS(=O)(=O)c1ccc(-c2cn([C@@H]3O[C@H](CO)[C@@H](O)[C@H](O)[C@H]3O)nn2)cc1,CHEMBL270990,Activity,13.0,%,CHEMBL3097249,Binding affinity to human serum albumin by chromatographic analysis
O=C(/C(=C/c1ccccc1)n1cncn1)c1ccc(F)cc1N1CCCCC1,CHEMBL3099077,KSV,7.59,10'4L/mol,CHEMBL3101495,Binding affinity to human serum albumin at pH 7.4 at 286 K by fluorescence quenching analysis
O=C(/C(=C/c1ccccc1)n1cncn1)c1ccc(F)cc1N1CCCCC1,CHEMBL3099077,KSV,6.72,10'4L/mol,CHEMBL3101496,Binding affinity to human serum albumin at pH 7.4 at 298 K by fluorescence quenching analysis
O=C(/C(=C/c1ccccc1)n1cncn1)c1ccc(F)cc1N1CCCCC1,CHEMBL3099077,KSV,5.84,10'4L/mol,CHEMBL3101493,Binding affinity to human serum albumin at pH 7.4 at 310 K by fluorescence quenching analysis
O=C(/C(=C/c1ccccc1)n1cncn1)c1ccc(F)cc1N1CCCCC1,CHEMBL3099077,Ka,4.82,10'-4L/mol,CHEMBL3101482,Binding affinity to human serum albumin at 298 K by molecular spectroscopic analysis in presence of K+
O=C(/C(=C/c1ccccc1)n1cncn1)c1ccc(F)cc1N1CCCCC1,CHEMBL3099077,Kb,4.6,10'-4L/mol,CHEMBL3101489,Binding affinity to human serum albumin at pH 7.4 at 286 K by Scatchard method
O=C(/C(=C/c1ccccc1)n1cncn1)c1ccc(F)cc1N1CCCCC1,CHEMBL3099077,Ka,4.54,10'-4L/mol,CHEMBL3101494,Binding affinity to human serum albumin at pH 7.4 at 286 K by modified Stern-Volmer method
O=C(/C(=C/c1ccccc1)n1cncn1)c1ccc(F)cc1N1CCCCC1,CHEMBL3099077,Ka,4.19,10'-4L/mol,CHEMBL3101483,Binding affinity to human serum albumin at 298 K by molecular spectroscopic analysis in presence of Fe3+
O=C(/C(=C/c1ccccc1)n1cncn1)c1ccc(F)cc1N1CCCCC1,CHEMBL3099077,Ka,3.89,10'-4L/mol,CHEMBL3101364,Binding affinity to human serum albumin at 298 K by molecular spectroscopic analysis in presence of Mg2+
O=C(/C(=C/c1ccccc1)n1cncn1)c1ccc(F)cc1N1CCCCC1,CHEMBL3099077,Ka,3.64,10'-4L/mol,CHEMBL3101486,Binding affinity to human serum albumin at 298 K by molecular spectroscopic analysis
O=C(/C(=C/c1ccccc1)n1cncn1)c1ccc(F)cc1N1CCCCC1,CHEMBL3099077,Kb,3.64,10'-4L/mol,CHEMBL3101490,Binding affinity to human serum albumin at pH 7.4 at 298 K by Scatchard method
O=C(/C(=C/c1ccccc1)n1cncn1)c1ccc(F)cc1N1CCCCC1,CHEMBL3099077,Ka,3.64,10'-4L/mol,CHEMBL3101492,Binding affinity to human serum albumin at pH 7.4 at 298 K by modified Stern-Volmer method
O=C(/C(=C/c1ccccc1)n1cncn1)c1ccc(F)cc1N1CCCCC1,CHEMBL3099077,Ka,3.49,10'-4L/mol,CHEMBL3101484,Binding affinity to human serum albumin at 298 K by molecular spectroscopic analysis in presence of Cu2+
O=C(/C(=C/c1ccccc1)n1cncn1)c1ccc(F)cc1N1CCCCC1,CHEMBL3099077,Ka,3.34,10'-4L/mol,CHEMBL3101361,Binding affinity to human serum albumin at 298 K by molecular spectroscopic analysis in presence of Zn2+
O=C(/C(=C/c1ccccc1)n1cncn1)c1ccc(F)cc1N1CCCCC1,CHEMBL3099077,Ka,3.23,10'-4L/mol,CHEMBL3101485,Binding affinity to human serum albumin at 298 K by molecular spectroscopic analysis in presence of Ca2+
O=C(/C(=C/c1ccccc1)n1cncn1)c1ccc(F)cc1N1CCCCC1,CHEMBL3099077,Ka,3.04,10'-4L/mol,CHEMBL3101363,Binding affinity to human serum albumin at 298 K by molecular spectroscopic analysis in presence of Ni2+
O=C(/C(=C/c1ccccc1)n1cncn1)c1ccc(F)cc1N1CCCCC1,CHEMBL3099077,Kb,3.03,10'-4L/mol,CHEMBL3101488,Binding affinity to human serum albumin at pH 7.4 at 310 K by Scatchard method
O=C(/C(=C/c1ccccc1)n1cncn1)c1ccc(F)cc1N1CCCCC1,CHEMBL3099077,Ka,2.98,10'-4L/mol,CHEMBL3101362,Binding affinity to human serum albumin at 298 K by molecular spectroscopic analysis in presence of Pb2+
O=C(/C(=C/c1ccccc1)n1cncn1)c1ccc(F)cc1N1CCCCC1,CHEMBL3099077,Ka,2.95,10'-4L/mol,CHEMBL3101491,Binding affinity to human serum albumin at pH 7.4 at 310 K by modified Stern-Volmer method
O=C(/C(=C/c1ccccc1)n1cncn1)c1ccc(F)cc1N1CCCCC1,CHEMBL3099077,Ratio,1.324,,CHEMBL3101357,Ratio of binding affinity to human serum albumin in presence of K+ to binding affinity to human serum albumin absence of K+
O=C(/C(=C/c1ccccc1)n1cncn1)c1ccc(F)cc1N1CCCCC1,CHEMBL3099077,Ratio,1.151,,CHEMBL3101358,Ratio of binding affinity to human serum albumin in presence of Fe3+ to binding affinity to human serum albumin absence of Fe3+
O=C(/C(=C/c1ccccc1)n1cncn1)c1ccc(F)cc1N1CCCCC1,CHEMBL3099077,Ratio,1.068,,CHEMBL3101356,Ratio of binding affinity to human serum albumin in presence of Mg2+ to binding affinity to human serum albumin absence of Mg2+
O=C(/C(=C/c1ccccc1)n1cncn1)c1ccc(F)cc1N1CCCCC1,CHEMBL3099077,Ratio,0.959,,CHEMBL3101360,Ratio of binding affinity to human serum albumin in presence of Cu2+ to binding affinity to human serum albumin absence of Cu2+
O=C(/C(=C/c1ccccc1)n1cncn1)c1ccc(F)cc1N1CCCCC1,CHEMBL3099077,Ratio,0.918,,CHEMBL3101353,Ratio of binding affinity to human serum albumin in presence of Zn2+ to binding affinity to human serum albumin absence of Zn2+
O=C(/C(=C/c1ccccc1)n1cncn1)c1ccc(F)cc1N1CCCCC1,CHEMBL3099077,Ratio,0.887,,CHEMBL3101359,Ratio of binding affinity to human serum albumin in presence of Ca2+ to binding affinity to human serum albumin absence of Ca2+
O=C(/C(=C/c1ccccc1)n1cncn1)c1ccc(F)cc1N1CCCCC1,CHEMBL3099077,Ratio,0.835,,CHEMBL3101354,Ratio of binding affinity to human serum albumin in presence of Ni2+ to binding affinity to human serum albumin absence of Ni2+
O=C(/C(=C/c1ccccc1)n1cncn1)c1ccc(F)cc1N1CCCCC1,CHEMBL3099077,Ratio,0.819,,CHEMBL3101355,Ratio of binding affinity to human serum albumin in presence of Pb2+ to binding affinity to human serum albumin absence of Pb2+
O=C1c2cccc3c(Br)ccc(c23)C(=O)N1N(Cc1cn(Cc2ccc(Cl)c(Cl)c2)nn1)Cc1cn(Cc2ccc(Cl)c(Cl)c2)nn1,CHEMBL3099200,KSV,7.39,10'-4L/mol,CHEMBL3102134,Binding affinity to human serum albumin at 0.2 to 1.8 x 10'-5 M at 310 K by fluorescence spectroscopy
O=C1c2cccc3c(Br)ccc(c23)C(=O)N1N(Cc1cn(Cc2ccc(Cl)c(Cl)c2)nn1)Cc1cn(Cc2ccc(Cl)c(Cl)c2)nn1,CHEMBL3099200,KSV,7.32,10'-4L/mol,CHEMBL3102136,Binding affinity to human serum albumin at 0.2 to 1.8 x 10'-5 M at 303 K by fluorescence spectroscopy
O=C1c2cccc3c(Br)ccc(c23)C(=O)N1N(Cc1cn(Cc2ccc(Cl)c(Cl)c2)nn1)Cc1cn(Cc2ccc(Cl)c(Cl)c2)nn1,CHEMBL3099200,KSV,5.38,10'-4L/mol,CHEMBL3102135,Binding affinity to human serum albumin at 0.2 to 1.8 x 10'-5 M at 296 K by fluorescence spectroscopy
CCCCCCCCCCCCCCCC(=O)N[C@@H](CCC(=O)NCCCC[C@H](NC(=O)[C@H](C)NC(=O)[C@H](C)NC(=O)[C@H](CCC(N)=O)NC(=O)CNC(=O)[C@H](CCC(=O)O)NC(=O)[C@H](CC(C)C)NC(=O)[C@H](Cc1ccc(O)cc1)NC(=O)[C@H](CO)NC(=O)[C@H](CO)NC(=O)[C@@H](NC(=O)[C@H](CC(=O)O)NC(=O)[C@H](CO)NC(=O)[C@@H](NC(=O)[C@H](Cc1ccccc1)NC(=O)[C@@H](NC(=O)CNC(=O)[C@H](CCC(=O)O)NC(=O)[C@H](C)NC(=O)[C@@H](N)Cc1cnc[nH]1)[C@@H](C)O)[C@@H](C)O)C(C)C)C(=O)N[C@@H](CCC(=O)O)C(=O)N[C@@H](Cc1ccccc1)C(=O)N[C@H](C(=O)N[C@@H](C)C(=O)N[C@@H](Cc1c[nH]c2ccccc12)C(=O)N[C@@H](CC(C)C)C(=O)N[C@H](C(=O)N[C@@H](CCCNC(=N)N)C(=O)NCC(=O)N[C@@H](CCCNC(=N)N)C(=O)NCC(=O)O)C(C)C)[C@@H](C)CC)C(=O)O,CHEMBL4084119,PB,91.3,%,CHEMBL3110981,Binding affinity to human serum albumin at 100 ug/mL after 3 hrs relative to control
CC[C@H](C)[C@H](NC(=O)[C@H](Cc1ccccc1)NC(=O)[C@H](CCC(=O)O)NC(=O)[C@H](CCCCN)NC(=O)[C@H](C)NC(=O)[C@H](C)NC(=O)[C@H](CCC(N)=O)NC(=O)CNC(=O)[C@H](CCC(=O)O)NC(=O)[C@H](CC(C)C)NC(=O)[C@H](Cc1ccc(O)cc1)NC(=O)[C@H](CO)NC(=O)[C@H](CO)NC(=O)[C@@H](NC(=O)[C@H](CC(=O)O)NC(=O)[C@H](CO)NC(=O)[C@@H](NC(=O)[C@H](Cc1ccccc1)NC(=O)[C@@H](NC(=O)CNC(=O)[C@H](CCC(=O)O)NC(=O)CNC(=O)[C@@H](N)Cc1cnc[nH]1)[C@@H](C)O)[C@@H](C)O)C(C)C)C(=O)N[C@@H](C)C(=O)N[C@@H](Cc1c[nH]c2ccccc12)C(=O)N[C@@H](CC(C)C)C(=O)N[C@H](C(=O)N[C@@H](CCCCN)C(=O)NCC(=O)N[C@@H](CCCNC(=N)N)C(N)=O)C(C)C,CHEMBL509016,PB,6.3,%,CHEMBL3110981,Binding affinity to human serum albumin at 100 ug/mL after 3 hrs relative to control
CC[C@H](C)[C@H](NC(=O)[C@H](Cc1ccccc1)NC(=O)[C@H](CC(C)C)NC(=O)[C@H](CCCNC(=N)N)NC(=O)[C@@H](NC(=O)[C@H](C)NC(=O)[C@H](CCC(=O)O)NC(=O)[C@H](CCC(=O)O)NC(=O)[C@H](CCC(=O)O)NC(=O)[C@H](CCSC)NC(=O)[C@H](CCC(N)=O)NC(=O)[C@H](CCCCN)NC(=O)[C@H](CO)NC(=O)[C@H](CC(C)C)NC(=O)[C@H](CC(=O)O)NC(=O)[C@H](CO)NC(=O)[C@@H](NC(=O)[C@H](Cc1ccccc1)NC(=O)[C@@H](NC(=O)CNC(=O)[C@H](CCC(=O)O)NC(=O)CNC(=O)[C@@H](N)Cc1cnc[nH]1)[C@@H](C)O)[C@@H](C)O)C(C)C)C(=O)N[C@@H](CCC(=O)O)C(=O)N[C@@H](Cc1c[nH]c2ccccc12)C(=O)N[C@@H](CC(C)C)C(=O)N[C@@H](CCCCN)C(=O)N[C@@H](CC(N)=O)C(=O)NCC(=O)NCC(=O)N1CCC[C@H]1C(=O)N[C@@H](CO)C(=O)N[C@@H](CO)C(=O)NCC(=O)N[C@@H](C)C(=O)N1CCC[C@H]1C(=O)N1CCC[C@H]1C(=O)N1CCC[C@H]1C(=O)N[C@@H](CO)C(N)=O,CHEMBL414357,PB,22.3,%,CHEMBL3110981,Binding affinity to human serum albumin at 100 ug/mL after 3 hrs relative to control
CC[C@H](C)[C@H](NC(=O)[C@H](Cc1ccccc1)NC(=O)[C@H](CCC(=O)O)NC(=O)[C@H](CCCCN)NC(=O)[C@H](C)NC(=O)[C@H](C)NC(=O)[C@H](CCC(N)=O)NC(=O)CNC(=O)[C@H](CCC(=O)O)NC(=O)[C@H](CC(C)C)NC(=O)[C@H](Cc1ccc(O)cc1)NC(=O)[C@H](CO)NC(=O)[C@H](CO)NC(=O)[C@@H](NC(=O)[C@H](CC(=O)O)NC(=O)[C@H](CO)NC(=O)[C@@H](NC(=O)[C@H](Cc1ccccc1)NC(=O)[C@@H](NC(=O)CNC(=O)[C@H](CCC(=O)O)NC(=O)CNC(=O)[C@@H](N)Cc1cnc[nH]1)[C@@H](C)O)[C@@H](C)O)C(C)C)C(=O)N[C@@H](C)C(=O)N[C@@H](Cc1c[nH]c2ccccc12)C(=O)N[C@@H](CC(C)C)C(=O)N[C@H](C(=O)N[C@@H](CCCCN)C(=O)NCC(=O)N[C@@H](CCCNC(=N)N)C(=O)N[C@@H](CSC1CC(=O)N(CCCCCCCCCCCC(=O)Nc2ccc(C(c3c(O)c4ccccc4oc3=O)c3c(O)c4ccccc4oc3=O)cc2)C1=O)C(N)=O)C(C)C,CHEMBL3110320,PB,94.0,%,CHEMBL3110981,Binding affinity to human serum albumin at 100 ug/mL after 3 hrs relative to control
CC[C@H](C)[C@H](NC(=O)[C@H](Cc1ccccc1)NC(=O)[C@H](CCC(=O)O)NC(=O)[C@H](CCCCN)NC(=O)[C@H](C)NC(=O)[C@H](C)NC(=O)[C@H](CCC(N)=O)NC(=O)CNC(=O)[C@H](CCC(=O)O)NC(=O)[C@H](CC(C)C)NC(=O)[C@H](Cc1ccc(O)cc1)NC(=O)[C@H](CO)NC(=O)[C@H](CO)NC(=O)[C@@H](NC(=O)[C@H](CC(=O)O)NC(=O)[C@H](CO)NC(=O)[C@@H](NC(=O)[C@H](Cc1ccccc1)NC(=O)[C@@H](NC(=O)CNC(=O)[C@H](CCC(=O)O)NC(=O)CNC(=O)[C@@H](N)Cc1cnc[nH]1)[C@@H](C)O)[C@@H](C)O)C(C)C)C(=O)N[C@@H](C)C(=O)N[C@@H](Cc1c[nH]c2ccccc12)C(=O)N[C@@H](CC(C)C)C(=O)N[C@H](C(=O)N[C@@H](CCCCN)C(=O)NCC(=O)N[C@@H](CCCNC(=N)N)C(=O)N[C@@H](CSC1CC(=O)N(CCCCCC(=O)Nc2ccc(C(c3c(O)c4ccccc4oc3=O)c3c(O)c4ccccc4oc3=O)cc2)C1=O)C(N)=O)C(C)C,CHEMBL3110319,PB,75.2,%,CHEMBL3110981,Binding affinity to human serum albumin at 100 ug/mL after 3 hrs relative to control
CC[C@H](C)[C@H](NC(=O)[C@H](Cc1ccccc1)NC(=O)[C@H](CCC(=O)O)NC(=O)[C@H](CCCCN)NC(=O)[C@H](C)NC(=O)[C@H](C)NC(=O)[C@H](CCC(N)=O)NC(=O)CNC(=O)[C@H](CCC(=O)O)NC(=O)[C@H](CC(C)C)NC(=O)[C@H](Cc1ccc(O)cc1)NC(=O)[C@H](CO)NC(=O)[C@H](CO)NC(=O)[C@@H](NC(=O)[C@H](CC(=O)O)NC(=O)[C@H](CO)NC(=O)[C@@H](NC(=O)[C@H](Cc1ccccc1)NC(=O)[C@@H](NC(=O)CNC(=O)[C@H](CCC(=O)O)NC(=O)CNC(=O)[C@@H](N)Cc1cnc[nH]1)[C@@H](C)O)[C@@H](C)O)C(C)C)C(=O)N[C@@H](C)C(=O)N[C@@H](Cc1c[nH]c2ccccc12)C(=O)N[C@@H](CC(C)C)C(=O)N[C@H](C(=O)N[C@@H](CCCCN)C(=O)NCC(=O)N[C@@H](CCCNC(=N)N)C(=O)N[C@@H](CSC1CC(=O)N(CCC(=O)Nc2ccc(C(c3c(O)c4ccccc4oc3=O)c3c(O)c4ccccc4oc3=O)cc2)C1=O)C(N)=O)C(C)C,CHEMBL3110318,PB,66.8,%,CHEMBL3110981,Binding affinity to human serum albumin at 100 ug/mL after 3 hrs relative to control
CC[C@H](C)[C@H](NC(=O)[C@H](Cc1ccccc1)NC(=O)[C@H](CCC(=O)O)NC(=O)[C@H](CCCCN)NC(=O)[C@H](C)NC(=O)[C@H](C)NC(=O)[C@H](CCC(N)=O)NC(=O)CNC(=O)[C@H](CCC(=O)O)NC(=O)[C@H](CC(C)C)NC(=O)[C@H](Cc1ccc(O)cc1)NC(=O)[C@H](CO)NC(=O)[C@H](CO)NC(=O)[C@@H](NC(=O)[C@H](CC(=O)O)NC(=O)[C@H](CO)NC(=O)[C@@H](NC(=O)[C@H](Cc1ccccc1)NC(=O)[C@@H](NC(=O)CNC(=O)[C@H](CCC(=O)O)NC(=O)CNC(=O)[C@@H](N)Cc1cnc[nH]1)[C@@H](C)O)[C@@H](C)O)C(C)C)C(=O)N[C@@H](C)C(=O)N[C@@H](Cc1c[nH]c2ccccc12)C(=O)N[C@@H](CC(C)C)C(=O)N[C@H](C(=O)N[C@@H](CSC1CC(=O)N(CCCCCCCCCCCC(=O)Nc2ccc(C(c3c(O)c4ccccc4oc3=O)c3c(O)c4ccccc4oc3=O)cc2)C1=O)C(=O)NCC(=O)N[C@@H](CCCNC(=N)N)C(N)=O)C(C)C,CHEMBL3110317,PB,83.2,%,CHEMBL3110981,Binding affinity to human serum albumin at 100 ug/mL after 3 hrs relative to control
CC[C@H](C)[C@H](NC(=O)[C@H](Cc1ccccc1)NC(=O)[C@H](CCC(=O)O)NC(=O)[C@H](CCCCN)NC(=O)[C@H](C)NC(=O)[C@H](C)NC(=O)[C@H](CCC(N)=O)NC(=O)CNC(=O)[C@H](CCC(=O)O)NC(=O)[C@H](CC(C)C)NC(=O)[C@H](Cc1ccc(O)cc1)NC(=O)[C@H](CO)NC(=O)[C@H](CO)NC(=O)[C@@H](NC(=O)[C@H](CC(=O)O)NC(=O)[C@H](CO)NC(=O)[C@@H](NC(=O)[C@H](Cc1ccccc1)NC(=O)[C@@H](NC(=O)CNC(=O)[C@H](CCC(=O)O)NC(=O)CNC(=O)[C@@H](N)Cc1cnc[nH]1)[C@@H](C)O)[C@@H](C)O)C(C)C)C(=O)N[C@@H](C)C(=O)N[C@@H](Cc1c[nH]c2ccccc12)C(=O)N[C@@H](CC(C)C)C(=O)N[C@H](C(=O)N[C@@H](CSC1CC(=O)N(CCCCCC(=O)Nc2ccc(C(c3c(O)c4ccccc4oc3=O)c3c(O)c4ccccc4oc3=O)cc2)C1=O)C(=O)NCC(=O)N[C@@H](CCCNC(=N)N)C(N)=O)C(C)C,CHEMBL3110316,PB,80.2,%,CHEMBL3110981,Binding affinity to human serum albumin at 100 ug/mL after 3 hrs relative to control
CC[C@H](C)[C@H](NC(=O)[C@H](Cc1ccccc1)NC(=O)[C@H](CCC(=O)O)NC(=O)[C@H](CCCCN)NC(=O)[C@H](C)NC(=O)[C@H](C)NC(=O)[C@H](CCC(N)=O)NC(=O)CNC(=O)[C@H](CCC(=O)O)NC(=O)[C@H](CC(C)C)NC(=O)[C@H](Cc1ccc(O)cc1)NC(=O)[C@H](CO)NC(=O)[C@H](CO)NC(=O)[C@@H](NC(=O)[C@H](CC(=O)O)NC(=O)[C@H](CO)NC(=O)[C@@H](NC(=O)[C@H](Cc1ccccc1)NC(=O)[C@@H](NC(=O)CNC(=O)[C@H](CCC(=O)O)NC(=O)CNC(=O)[C@@H](N)Cc1cnc[nH]1)[C@@H](C)O)[C@@H](C)O)C(C)C)C(=O)N[C@@H](C)C(=O)N[C@@H](Cc1c[nH]c2ccccc12)C(=O)N[C@@H](CC(C)C)C(=O)N[C@H](C(=O)N[C@@H](CSC1CC(=O)N(CCC(=O)Nc2ccc(C(c3c(O)c4ccccc4oc3=O)c3c(O)c4ccccc4oc3=O)cc2)C1=O)C(=O)NCC(=O)N[C@@H](CCCNC(=N)N)C(N)=O)C(C)C,CHEMBL3110315,PB,72.7,%,CHEMBL3110981,Binding affinity to human serum albumin at 100 ug/mL after 3 hrs relative to control
CC[C@H](C)[C@H](NC(=O)[C@H](Cc1ccccc1)NC(=O)[C@H](CCC(=O)O)NC(=O)[C@H](CSC1CC(=O)N(CCCCCCCCCCCC(=O)Nc2ccc(C(c3c(O)c4ccccc4oc3=O)c3c(O)c4ccccc4oc3=O)cc2)C1=O)NC(=O)[C@H](C)NC(=O)[C@H](C)NC(=O)[C@H](CCC(N)=O)NC(=O)CNC(=O)[C@H](CCC(=O)O)NC(=O)[C@H](CC(C)C)NC(=O)[C@H](Cc1ccc(O)cc1)NC(=O)[C@H](CO)NC(=O)[C@H](CO)NC(=O)[C@@H](NC(=O)[C@H](CC(=O)O)NC(=O)[C@H](CO)NC(=O)[C@@H](NC(=O)[C@H](Cc1ccccc1)NC(=O)[C@@H](NC(=O)CNC(=O)[C@H](CCC(=O)O)NC(=O)CNC(=O)[C@@H](N)Cc1cnc[nH]1)[C@@H](C)O)[C@@H](C)O)C(C)C)C(=O)N[C@@H](C)C(=O)N[C@@H](Cc1c[nH]c2ccccc12)C(=O)N[C@@H](CC(C)C)C(=O)N[C@H](C(=O)N[C@@H](CCCCN)C(=O)NCC(=O)N[C@@H](CCCNC(=N)N)C(N)=O)C(C)C,CHEMBL3110314,PB,81.3,%,CHEMBL3110981,Binding affinity to human serum albumin at 100 ug/mL after 3 hrs relative to control
CC[C@H](C)[C@H](NC(=O)[C@H](Cc1ccccc1)NC(=O)[C@H](CCC(=O)O)NC(=O)[C@H](CSC1CC(=O)N(CCCCCC(=O)Nc2ccc(C(c3c(O)c4ccccc4oc3=O)c3c(O)c4ccccc4oc3=O)cc2)C1=O)NC(=O)[C@H](C)NC(=O)[C@H](C)NC(=O)[C@H](CCC(N)=O)NC(=O)CNC(=O)[C@H](CCC(=O)O)NC(=O)[C@H](CC(C)C)NC(=O)[C@H](Cc1ccc(O)cc1)NC(=O)[C@H](CO)NC(=O)[C@H](CO)NC(=O)[C@@H](NC(=O)[C@H](CC(=O)O)NC(=O)[C@H](CO)NC(=O)[C@@H](NC(=O)[C@H](Cc1ccccc1)NC(=O)[C@@H](NC(=O)CNC(=O)[C@H](CCC(=O)O)NC(=O)CNC(=O)[C@@H](N)Cc1cnc[nH]1)[C@@H](C)O)[C@@H](C)O)C(C)C)C(=O)N[C@@H](C)C(=O)N[C@@H](Cc1c[nH]c2ccccc12)C(=O)N[C@@H](CC(C)C)C(=O)N[C@H](C(=O)N[C@@H](CCCCN)C(=O)NCC(=O)N[C@@H](CCCNC(=N)N)C(N)=O)C(C)C,CHEMBL3110313,PB,74.9,%,CHEMBL3110981,Binding affinity to human serum albumin at 100 ug/mL after 3 hrs relative to control
CC[C@H](C)[C@H](NC(=O)[C@H](Cc1ccccc1)NC(=O)[C@H](CCC(=O)O)NC(=O)[C@H](CSC1CC(=O)N(CCC(=O)Nc2ccc(C(c3c(O)c4ccccc4oc3=O)c3c(O)c4ccccc4oc3=O)cc2)C1=O)NC(=O)[C@H](C)NC(=O)[C@H](C)NC(=O)[C@H](CCC(N)=O)NC(=O)CNC(=O)[C@H](CCC(=O)O)NC(=O)[C@H](CC(C)C)NC(=O)[C@H](Cc1ccc(O)cc1)NC(=O)[C@H](CO)NC(=O)[C@H](CO)NC(=O)[C@@H](NC(=O)[C@H](CC(=O)O)NC(=O)[C@H](CO)NC(=O)[C@@H](NC(=O)[C@H](Cc1ccccc1)NC(=O)[C@@H](NC(=O)CNC(=O)[C@H](CCC(=O)O)NC(=O)CNC(=O)[C@@H](N)Cc1cnc[nH]1)[C@@H](C)O)[C@@H](C)O)C(C)C)C(=O)N[C@@H](C)C(=O)N[C@@H](Cc1c[nH]c2ccccc12)C(=O)N[C@@H](CC(C)C)C(=O)N[C@H](C(=O)N[C@@H](CCCCN)C(=O)NCC(=O)N[C@@H](CCCNC(=N)N)C(N)=O)C(C)C,CHEMBL3110312,PB,57.7,%,CHEMBL3110981,Binding affinity to human serum albumin at 100 ug/mL after 3 hrs relative to control
CC[C@H](C)[C@H](NC(=O)[C@H](Cc1ccccc1)NC(=O)[C@H](CCC(=O)O)NC(=O)[C@H](CCCCN)NC(=O)[C@H](C)NC(=O)[C@H](C)NC(=O)[C@H](CCC(N)=O)NC(=O)CNC(=O)[C@H](CCC(=O)O)NC(=O)[C@H](CC(C)C)NC(=O)[C@H](Cc1ccc(O)cc1)NC(=O)[C@H](CO)NC(=O)[C@H](CSC1CC(=O)N(CCCCCCCCCCCC(=O)Nc2ccc(C(c3c(O)c4ccccc4oc3=O)c3c(O)c4ccccc4oc3=O)cc2)C1=O)NC(=O)[C@@H](NC(=O)[C@H](CC(=O)O)NC(=O)[C@H](CO)NC(=O)[C@@H](NC(=O)[C@H](Cc1ccccc1)NC(=O)[C@@H](NC(=O)CNC(=O)[C@H](CCC(=O)O)NC(=O)CNC(=O)[C@@H](N)Cc1cnc[nH]1)[C@@H](C)O)[C@@H](C)O)C(C)C)C(=O)N[C@@H](C)C(=O)N[C@@H](Cc1c[nH]c2ccccc12)C(=O)N[C@@H](CC(C)C)C(=O)N[C@H](C(=O)N[C@@H](CCCCN)C(=O)NCC(=O)N[C@@H](CCCNC(=N)N)C(N)=O)C(C)C,CHEMBL3110311,PB,96.4,%,CHEMBL3110981,Binding affinity to human serum albumin at 100 ug/mL after 3 hrs relative to control
CC[C@H](C)[C@H](NC(=O)[C@H](Cc1ccccc1)NC(=O)[C@H](CCC(=O)O)NC(=O)[C@H](CCCCN)NC(=O)[C@H](C)NC(=O)[C@H](C)NC(=O)[C@H](CCC(N)=O)NC(=O)CNC(=O)[C@H](CCC(=O)O)NC(=O)[C@H](CC(C)C)NC(=O)[C@H](Cc1ccc(O)cc1)NC(=O)[C@H](CO)NC(=O)[C@H](CSC1CC(=O)N(CCCCCC(=O)Nc2ccc(C(c3c(O)c4ccccc4oc3=O)c3c(O)c4ccccc4oc3=O)cc2)C1=O)NC(=O)[C@@H](NC(=O)[C@H](CC(=O)O)NC(=O)[C@H](CO)NC(=O)[C@@H](NC(=O)[C@H](Cc1ccccc1)NC(=O)[C@@H](NC(=O)CNC(=O)[C@H](CCC(=O)O)NC(=O)CNC(=O)[C@@H](N)Cc1cnc[nH]1)[C@@H](C)O)[C@@H](C)O)C(C)C)C(=O)N[C@@H](C)C(=O)N[C@@H](Cc1c[nH]c2ccccc12)C(=O)N[C@@H](CC(C)C)C(=O)N[C@H](C(=O)N[C@@H](CCCCN)C(=O)NCC(=O)N[C@@H](CCCNC(=N)N)C(N)=O)C(C)C,CHEMBL3110310,PB,83.8,%,CHEMBL3110981,Binding affinity to human serum albumin at 100 ug/mL after 3 hrs relative to control
CC[C@H](C)[C@H](NC(=O)[C@H](Cc1ccccc1)NC(=O)[C@H](CCC(=O)O)NC(=O)[C@H](CCCCN)NC(=O)[C@H](C)NC(=O)[C@H](C)NC(=O)[C@H](CCC(N)=O)NC(=O)CNC(=O)[C@H](CCC(=O)O)NC(=O)[C@H](CC(C)C)NC(=O)[C@H](Cc1ccc(O)cc1)NC(=O)[C@H](CO)NC(=O)[C@H](CSC1CC(=O)N(CCC(=O)Nc2ccc(C(c3c(O)c4ccccc4oc3=O)c3c(O)c4ccccc4oc3=O)cc2)C1=O)NC(=O)[C@@H](NC(=O)[C@H](CC(=O)O)NC(=O)[C@H](CO)NC(=O)[C@@H](NC(=O)[C@H](Cc1ccccc1)NC(=O)[C@@H](NC(=O)CNC(=O)[C@H](CCC(=O)O)NC(=O)CNC(=O)[C@@H](N)Cc1cnc[nH]1)[C@@H](C)O)[C@@H](C)O)C(C)C)C(=O)N[C@@H](C)C(=O)N[C@@H](Cc1c[nH]c2ccccc12)C(=O)N[C@@H](CC(C)C)C(=O)N[C@H](C(=O)N[C@@H](CCCCN)C(=O)NCC(=O)N[C@@H](CCCNC(=N)N)C(N)=O)C(C)C,CHEMBL3110309,PB,69.0,%,CHEMBL3110981,Binding affinity to human serum albumin at 100 ug/mL after 3 hrs relative to control
CC[C@H](C)[C@H](NC(=O)[C@H](Cc1ccccc1)NC(=O)[C@H](CCC(=O)O)NC(=O)[C@H](CCCCN)NC(=O)[C@H](C)NC(=O)[C@H](C)NC(=O)[C@H](CCC(N)=O)NC(=O)CNC(=O)[C@H](CCC(=O)O)NC(=O)[C@H](CC(C)C)NC(=O)[C@H](Cc1ccc(O)cc1)NC(=O)[C@H](CO)NC(=O)[C@H](CO)NC(=O)[C@@H](NC(=O)[C@H](CC(=O)O)NC(=O)[C@H](CO)NC(=O)[C@@H](NC(=O)[C@H](Cc1ccccc1)NC(=O)[C@@H](NC(=O)CNC(=O)[C@H](CCC(=O)O)NC(=O)CNC(=O)[C@@H](N)Cc1cnc[nH]1)[C@@H](C)O)[C@@H](C)O)C(C)C)C(=O)N[C@@H](C)C(=O)N[C@@H](Cc1c[nH]c2ccccc12)C(=O)N[C@@H](CC(C)C)C(=O)N[C@H](C(=O)N[C@@H](CCCCN)C(=O)NCC(=O)N[C@@H](CS)C(N)=O)C(C)C,CHEMBL3110308,PB,9.2,%,CHEMBL3110981,Binding affinity to human serum albumin at 100 ug/mL after 3 hrs relative to control
CC[C@H](C)[C@H](NC(=O)[C@H](Cc1ccccc1)NC(=O)[C@H](CCC(=O)O)NC(=O)[C@H](CCCCN)NC(=O)[C@H](C)NC(=O)[C@H](C)NC(=O)[C@H](CCC(N)=O)NC(=O)CNC(=O)[C@H](CCC(=O)O)NC(=O)[C@H](CC(C)C)NC(=O)[C@H](Cc1ccc(O)cc1)NC(=O)[C@H](CO)NC(=O)[C@H](CO)NC(=O)[C@@H](NC(=O)[C@H](CC(=O)O)NC(=O)[C@H](CO)NC(=O)[C@@H](NC(=O)[C@H](Cc1ccccc1)NC(=O)[C@@H](NC(=O)CNC(=O)[C@H](CCC(=O)O)NC(=O)CNC(=O)[C@@H](N)Cc1cnc[nH]1)[C@@H](C)O)[C@@H](C)O)C(C)C)C(=O)N[C@@H](C)C(=O)N[C@@H](Cc1c[nH]c2ccccc12)C(=O)N[C@@H](CC(C)C)C(=O)N[C@H](C(=O)N[C@@H](CS)C(=O)NCC(=O)N[C@@H](CCCNC(=N)N)C(N)=O)C(C)C,CHEMBL3110307,PB,6.1,%,CHEMBL3110981,Binding affinity to human serum albumin at 100 ug/mL after 3 hrs relative to control
CC[C@H](C)[C@H](NC(=O)[C@H](Cc1ccccc1)NC(=O)[C@H](CCC(=O)O)NC(=O)[C@H](CS)NC(=O)[C@H](C)NC(=O)[C@H](C)NC(=O)[C@H](CCC(N)=O)NC(=O)CNC(=O)[C@H](CCC(=O)O)NC(=O)[C@H](CC(C)C)NC(=O)[C@H](Cc1ccc(O)cc1)NC(=O)[C@H](CO)NC(=O)[C@H](CO)NC(=O)[C@@H](NC(=O)[C@H](CC(=O)O)NC(=O)[C@H](CO)NC(=O)[C@@H](NC(=O)[C@H](Cc1ccccc1)NC(=O)[C@@H](NC(=O)CNC(=O)[C@H](CCC(=O)O)NC(=O)CNC(=O)[C@@H](N)Cc1cnc[nH]1)[C@@H](C)O)[C@@H](C)O)C(C)C)C(=O)N[C@@H](C)C(=O)N[C@@H](Cc1c[nH]c2ccccc12)C(=O)N[C@@H](CC(C)C)C(=O)N[C@H](C(=O)N[C@@H](CCCCN)C(=O)NCC(=O)N[C@@H](CCCNC(=N)N)C(N)=O)C(C)C,CHEMBL3110306,PB,5.1,%,CHEMBL3110981,Binding affinity to human serum albumin at 100 ug/mL after 3 hrs relative to control
CC[C@H](C)[C@H](NC(=O)[C@H](Cc1ccccc1)NC(=O)[C@H](CCC(=O)O)NC(=O)[C@H](CCCCN)NC(=O)[C@H](C)NC(=O)[C@H](C)NC(=O)[C@H](CCC(N)=O)NC(=O)CNC(=O)[C@H](CCC(=O)O)NC(=O)[C@H](CC(C)C)NC(=O)[C@H](Cc1ccc(O)cc1)NC(=O)[C@H](CO)NC(=O)[C@H](CS)NC(=O)[C@@H](NC(=O)[C@H](CC(=O)O)NC(=O)[C@H](CO)NC(=O)[C@@H](NC(=O)[C@H](Cc1ccccc1)NC(=O)[C@@H](NC(=O)CNC(=O)[C@H](CCC(=O)O)NC(=O)CNC(=O)[C@@H](N)Cc1cnc[nH]1)[C@@H](C)O)[C@@H](C)O)C(C)C)C(=O)N[C@@H](C)C(=O)N[C@@H](Cc1c[nH]c2ccccc12)C(=O)N[C@@H](CC(C)C)C(=O)N[C@H](C(=O)N[C@@H](CCCCN)C(=O)NCC(=O)N[C@@H](CCCNC(=N)N)C(N)=O)C(C)C,CHEMBL3110305,PB,7.8,%,CHEMBL3110981,Binding affinity to human serum albumin at 100 ug/mL after 3 hrs relative to control
CCOC(=O)C1=C[C@@H](OC(CC)CC)[C@H](NC(C)=O)[C@@H](N/C(N)=N\O)C1,CHEMBL3120194,PPB,37.5,%,CHEMBL3124675,Binding affinity to albumin (unknown origin) at 10 to 50 uM after 10 mins by HPLC analysis
Br.CCOC(=O)C1=C[C@@H](OC(CC)CC)[C@H](NC(C)=O)[C@@H](NC(C)=N)C1,CHEMBL3120196,PPB,34.8,%,CHEMBL3124675,Binding affinity to albumin (unknown origin) at 10 to 50 uM after 10 mins by HPLC analysis
CCOC(=O)C1=C[C@@H](OC(CC)CC)[C@H](NC(C)=O)[C@@H](NC(=N)N)C1,CHEMBL1852739,PPB,30.1,%,CHEMBL3124675,Binding affinity to albumin (unknown origin) at 10 to 50 uM after 10 mins by HPLC analysis
CCOC(=O)C1=C[C@@H](OC(CC)CC)[C@H](NC(C)=O)[C@@H](N/C(C)=N/O)C1,CHEMBL3120195,PPB,26.7,%,CHEMBL3124675,Binding affinity to albumin (unknown origin) at 10 to 50 uM after 10 mins by HPLC analysis
CCC(CC)O[C@@H]1C=C(C(=O)O)C[C@H](NC(C)=N)[C@H]1NC(C)=O,CHEMBL3120197,PPB,2.2,%,CHEMBL3124675,Binding affinity to albumin (unknown origin) at 10 to 50 uM after 10 mins by HPLC analysis
CCC(CC)O[C@@H]1C=C(C(=O)O)C[C@H](NC(=N)N)[C@H]1NC(C)=O,CHEMBL81717,PPB,0.4,%,CHEMBL3124675,Binding affinity to albumin (unknown origin) at 10 to 50 uM after 10 mins by HPLC analysis
COC(=O)N[C@H](C(=O)N1CCC[C@H]1c1ncc(-c2ccc(-c3ccc(-c4cnc([C@@H]5CC6(CN5C(=O)[C@@H](NC(=O)OC)C(C)C)OCCO6)[nH]4)cc3)cc2)[nH]1)C(C)C,CHEMBL3121951,Activity,94.0,%,CHEMBL3123385,Binding affinity to human serum albumin
O=C(O)c1csc(-n2nc(-c3ccccc3)c3ccc(C(F)(F)F)cc32)n1,CHEMBL3127163,Activity,99.95,%,CHEMBL3131134,Binding affinity to albumin in plasma (unknown origin)
COc1cc2c(cc1-c1ccc(I)cc1)NC(=O)CC(c1cccc(-n3ccnc3)c1)=N2,CHEMBL3133887,PPB,98.32,%,CHEMBL3137092,Protein binding in human serum albumin by chromatography
O=C1CC(c2cccc(-n3ccnc3)c2)=Nc2cc(OCCCF)c(C(F)(F)F)cc2N1,CHEMBL3133886,PPB,95.12,%,CHEMBL3137092,Protein binding in human serum albumin by chromatography
COc1cc2c(cc1C(F)(F)F)NC(=O)CC(c1cccc(-n3ccnc3)c1)=N2,CHEMBL3133885,PPB,92.41,%,CHEMBL3137092,Protein binding in human serum albumin by chromatography
O=C1CC(c2cccc(-n3ccnc3)c2)=Nc2ccc(-c3ccc(I)cc3)cc2N1,CHEMBL3133884,PPB,98.67,%,CHEMBL3137092,Protein binding in human serum albumin by chromatography
O=C1CC(c2cccc(-n3ccnc3)c2)=Nc2ccc(-c3cccc(I)c3)cc2N1,CHEMBL3133883,PPB,98.46,%,CHEMBL3137092,Protein binding in human serum albumin by chromatography
O=C1CC(c2cccc(-n3ccnc3)c2)=Nc2ccc(I)cc2N1,CHEMBL3133882,PPB,94.92,%,CHEMBL3137092,Protein binding in human serum albumin by chromatography
COc1ccc2cc3[n+](cc2c1OCCN(CCn1cncn1)Cc1ccc(F)cc1F)CCc1cc2c(cc1-3)OCO2.[Cl-],CHEMBL2312328,KSV,8.73,10'-4L/mol,CHEMBL3226963,Binding affinity to human serum albumin at pH 7.4 at 294 K by Stern-Volmer plot analysis
COc1ccc2cc3[n+](cc2c1OCCN(CCn1cncn1)Cc1ccc(F)cc1F)CCc1cc2c(cc1-3)OCO2.[Cl-],CHEMBL2312328,KSV,7.12,10'-4L/mol,CHEMBL3226962,Binding affinity to human serum albumin at pH 7.4 at 302 K by Stern-Volmer plot analysis
COc1ccc2cc3[n+](cc2c1OCCN(CCn1cncn1)Cc1ccc(F)cc1F)CCc1cc2c(cc1-3)OCO2.[Cl-],CHEMBL2312328,KSV,6.51,10'-4L/mol,CHEMBL3226961,Binding affinity to human serum albumin at pH 7.4 at 310 K by Stern-Volmer plot analysis
COc1ccc2cc3[n+](cc2c1OCCN(CCn1cncn1)Cc1ccc(F)cc1F)CCc1cc2c(cc1-3)OCO2.[Cl-],CHEMBL2312328,Ka,4.03,10'-4L/mol,CHEMBL3226960,Binding affinity to human serum albumin at pH 7.4 at 294 K by modified Stern-Volmer plot analysis
COc1ccc2cc3[n+](cc2c1OCCN(CCn1cncn1)Cc1ccc(F)cc1F)CCc1cc2c(cc1-3)OCO2.[Cl-],CHEMBL2312328,Ka,3.74,10'-4L/mol,CHEMBL3226959,Binding affinity to human serum albumin at pH 7.4 at 302 K by modified Stern-Volmer plot analysis
COc1ccc2cc3[n+](cc2c1OCCN(CCn1cncn1)Cc1ccc(F)cc1F)CCc1cc2c(cc1-3)OCO2.[Cl-],CHEMBL2312328,Ka,3.51,10'-4L/mol,CHEMBL3226958,Binding affinity to human serum albumin at pH 7.4 at 310 K by modified Stern-Volmer plot analysis
COc1ccc2cc3[n+](cc2c1OCCN(CCn1cncn1)Cc1ccc(F)cc1F)CCc1cc2c(cc1-3)OCO2.[Cl-],CHEMBL2312328,Kb,4.15,10'-4L/mol,CHEMBL3226957,Binding affinity to human serum albumin at pH 7.4 at 294 K by Scatchard plot analysis
COc1ccc2cc3[n+](cc2c1OCCN(CCn1cncn1)Cc1ccc(F)cc1F)CCc1cc2c(cc1-3)OCO2.[Cl-],CHEMBL2312328,Kb,3.79,10'-4L/mol,CHEMBL3226956,Binding affinity to human serum albumin at pH 7.4 at 302 K by Scatchard plot analysis
COc1ccc2cc3[n+](cc2c1OCCN(CCn1cncn1)Cc1ccc(F)cc1F)CCc1cc2c(cc1-3)OCO2.[Cl-],CHEMBL2312328,Kb,3.57,10'-4L/mol,CHEMBL3226955,Binding affinity to human serum albumin at pH 7.4 at 310 K by Scatchard plot analysis
CCC(C)N(C)C(=O)c1cc2ccccc2c(-c2ccccc2Cl)n1,CHEMBL481537,PB,92.28,%,CHEMBL3225912,Binding affinity to human serum albumin by HPLC analysis
CN(C)C(=O)c1nc2ccccc2c(-c2ccccc2)c1CI,CHEMBL3220893,PB,95.02,%,CHEMBL3225912,Binding affinity to human serum albumin by HPLC analysis
O=C(c1nc2ccccc2c(-c2ccccc2)c1CI)N1CCOCC1,CHEMBL3220894,PB,95.3,%,CHEMBL3225912,Binding affinity to human serum albumin by HPLC analysis
O=C(c1cc(-c2ccccc2)c2cc(I)ccc2n1)N1CCOCC1,CHEMBL3220895,PB,95.38,%,CHEMBL3225912,Binding affinity to human serum albumin by HPLC analysis
O=C(c1cc(-c2ccccc2)c2cc(F)ccc2n1)N1CCOCC1,CHEMBL3217788,PB,87.75,%,CHEMBL3225912,Binding affinity to human serum albumin by HPLC analysis
O=C(c1cc(-c2ccccc2)c2cccc(I)c2n1)N1CCOCC1,CHEMBL3220896,PB,98.19,%,CHEMBL3225912,Binding affinity to human serum albumin by HPLC analysis
O=C(c1cc(-c2ccccc2I)c2ccccc2n1)N1CCOCC1,CHEMBL3220897,PB,91.24,%,CHEMBL3225912,Binding affinity to human serum albumin by HPLC analysis
CCN(CC)C(=O)c1cc(-c2ccccc2I)c2ccccc2n1,CHEMBL3220898,PB,94.09,%,CHEMBL3225912,Binding affinity to human serum albumin by HPLC analysis
Cc1cccc(C)c1NC(=O)C(C)N,CHEMBL1762,PB,25.4,%,CHEMBL3240171,Binding affinity to human serum albumin at 30 uM by HPLC analysis
O=C1CN=C(c2ccccc2Cl)c2cc([N+](=O)[O-])ccc2N1,CHEMBL452,PB,85.7,%,CHEMBL3240171,Binding affinity to human serum albumin at 30 uM by HPLC analysis
CN1C(=O)CN=C(c2ccccc2)c2cc(Cl)ccc21,CHEMBL12,PB,94.5,%,CHEMBL3240171,Binding affinity to human serum albumin at 30 uM by HPLC analysis
CC(=O)CC(c1ccccc1)c1c(O)c2ccccc2oc1=O,CHEMBL1464,PB,97.8,%,CHEMBL3240171,Binding affinity to human serum albumin at 30 uM by HPLC analysis
Cc1cccc(C)c1NC(=O)C1CCN(Cc2ccccc2)C1,CHEMBL3234326,PB,97.1,%,CHEMBL3240171,Binding affinity to human serum albumin at 30 uM by HPLC analysis
Cc1cccc(C)c1NC(=O)CC(C)NCc1ccccc1,CHEMBL3234330,PB,95.3,%,CHEMBL3240171,Binding affinity to human serum albumin at 30 uM by HPLC analysis
Cc1cccc(C)c1NC(=O)CC(C)NCc1cccc2ccccc12,CHEMBL3234331,PB,96.7,%,CHEMBL3240171,Binding affinity to human serum albumin at 30 uM by HPLC analysis
O=C1CN=C(c2ccccc2Cl)c2cc([N+](=O)[O-])ccc2N1,CHEMBL452,PB,86.0,%,CHEMBL3240173,Binding affinity to human serum albumin
CN1C(=O)CN=C(c2ccccc2)c2cc(Cl)ccc21,CHEMBL12,PB,93.5,%,CHEMBL3240173,Binding affinity to human serum albumin
CC(=O)CC(c1ccccc1)c1c(O)c2ccccc2oc1=O,CHEMBL1464,PB,98.5,%,CHEMBL3240173,Binding affinity to human serum albumin
Cc1cccc(C)c1NC(=O)C(C)N,CHEMBL1762,Fu,74.58,%,CHEMBL3242115,Binding affinity to human serum albumin assessed as fraction unbound at 30 uM by HPLC analysis
Cc1cccc(C)c1NC(=O)C1CCN(Cc2ccccc2)C1,CHEMBL3234326,Fu,2.84,%,CHEMBL3242115,Binding affinity to human serum albumin assessed as fraction unbound at 30 uM by HPLC analysis
Cc1cccc(C)c1NC(=O)CC(C)NCc1ccccc1,CHEMBL3234330,Fu,4.74,%,CHEMBL3242115,Binding affinity to human serum albumin assessed as fraction unbound at 30 uM by HPLC analysis
Cc1cccc(C)c1NC(=O)CC(C)NCc1cccc2ccccc12,CHEMBL3234331,Fu,3.3,%,CHEMBL3242115,Binding affinity to human serum albumin assessed as fraction unbound at 30 uM by HPLC analysis
O=C1Nc2ccc(Cl)cc2C(c2ccccc2)=NC1O,CHEMBL568,Fu,10.5,%,CHEMBL3256580,Binding affinity to human serum albumin at 10 uM after 12 to 20 hrs by scintillation spectrometry
CC(C)C(=O)OC1N=C(c2ccccc2)c2cc(Cl)ccc2NC1=O,CHEMBL3251102,Fu,7.8,%,CHEMBL3256580,Binding affinity to human serum albumin at 10 uM after 12 to 20 hrs by scintillation spectrometry
CCCC(=O)OC1N=C(c2ccccc2)c2cc(Cl)ccc2NC1=O,CHEMBL3251101,Fu,8.9,%,CHEMBL3256580,Binding affinity to human serum albumin at 10 uM after 12 to 20 hrs by scintillation spectrometry
CCC(CC)C(=O)OC1N=C(c2ccccc2)c2cc(Cl)ccc2NC1=O,CHEMBL145985,Fu,6.0,%,CHEMBL3256580,Binding affinity to human serum albumin at 10 uM after 12 to 20 hrs by scintillation spectrometry
CC(C)(Cc1ccccc1)C(=O)OC1N=C(c2ccccc2)c2cc(Cl)ccc2NC1=O,CHEMBL3251483,Fu,2.2,%,CHEMBL3256580,Binding affinity to human serum albumin at 10 uM after 12 to 20 hrs by scintillation spectrometry
COC(=O)CCC(=O)OC1N=C(c2ccccc2)c2cc(Cl)ccc2NC1=O,CHEMBL3251103,Fu,17.2,%,CHEMBL3256580,Binding affinity to human serum albumin at 10 uM after 12 to 20 hrs by scintillation spectrometry
CC(C)CC(=O)OC1N=C(c2ccccc2)c2cc(Cl)ccc2NC1=O,CHEMBL3251479,Fu,9.3,%,CHEMBL3256580,Binding affinity to human serum albumin at 10 uM after 12 to 20 hrs by scintillation spectrometry
O=C(CCc1ccccc1)OC1N=C(c2ccccc2)c2cc(Cl)ccc2NC1=O,CHEMBL3251105,Fu,5.2,%,CHEMBL3256580,Binding affinity to human serum albumin at 10 uM after 12 to 20 hrs by scintillation spectrometry
CC(Cc1ccccc1)C(=O)OC1N=C(c2ccccc2)c2cc(Cl)ccc2NC1=O,CHEMBL3251106,Fu,5.1,%,CHEMBL3256580,Binding affinity to human serum albumin at 10 uM after 12 to 20 hrs by scintillation spectrometry
CC(=O)OC1N=C(c2ccccc2)c2cc(Cl)ccc2NC1=O,CHEMBL146245,Fu,24.6,%,CHEMBL3256580,Binding affinity to human serum albumin at 10 uM after 12 to 20 hrs by scintillation spectrometry
O=C(CCCc1ccccc1)OC1N=C(c2ccccc2)c2cc(Cl)ccc2NC1=O,CHEMBL3251104,Fu,3.4,%,CHEMBL3256580,Binding affinity to human serum albumin at 10 uM after 12 to 20 hrs by scintillation spectrometry
Nc1ccc(C(=O)O)c(F)c1,CHEMBL3278353,log(PB),1.27,,CHEMBL3280537,Binding affinity to human serum albumin at 100 umol/l by equilibrium dialysis technique
Nc1ccc(C(=O)O)c(Cl)c1,CHEMBL3278354,log(PB),1.36,,CHEMBL3280537,Binding affinity to human serum albumin at 100 umol/l by equilibrium dialysis technique
Cl.Nc1ccc(C(=O)O)c(Br)c1,CHEMBL3278355,log(PB),1.67,,CHEMBL3280537,Binding affinity to human serum albumin at 100 umol/l by equilibrium dialysis technique
Cl.Nc1ccc(C(=O)O)c(I)c1,CHEMBL3278352,log(PB),1.79,,CHEMBL3280537,Binding affinity to human serum albumin at 100 umol/l by equilibrium dialysis technique
Nc1ccc(C(=O)O)c(O)c1,CHEMBL1169,log(PB),1.57,,CHEMBL3280537,Binding affinity to human serum albumin at 100 umol/l by equilibrium dialysis technique
Nc1ccc(C(=O)O)c([N+](=O)[O-])c1,CHEMBL3278351,log(PB),1.33,,CHEMBL3280537,Binding affinity to human serum albumin at 100 umol/l by equilibrium dialysis technique
Cl.Nc1ccc(C(=O)O)c(N)c1,CHEMBL3278350,log(PB),1.0,,CHEMBL3280537,Binding affinity to human serum albumin at 100 umol/l by equilibrium dialysis technique
Nc1ccc(C(=O)O)c(C(=O)O)c1,CHEMBL3278349,log(PB),0.45,,CHEMBL3280537,Binding affinity to human serum albumin at 100 umol/l by equilibrium dialysis technique
COc1cc(N)ccc1C(=O)O,CHEMBL1567901,log(PB),1.26,,CHEMBL3280537,Binding affinity to human serum albumin at 100 umol/l by equilibrium dialysis technique
CCOc1cc(N)ccc1C(=O)O,CHEMBL3278348,log(PB),1.56,,CHEMBL3280537,Binding affinity to human serum albumin at 100 umol/l by equilibrium dialysis technique
CCCOc1cc(N)ccc1C(=O)O,CHEMBL3278347,log(PB),1.69,,CHEMBL3280537,Binding affinity to human serum albumin at 100 umol/l by equilibrium dialysis technique
CCCCOc1cc(N)ccc1C(=O)O,CHEMBL3278346,log(PB),1.69,,CHEMBL3280537,Binding affinity to human serum albumin at 100 umol/l by equilibrium dialysis technique
CCCCCOc1cc(N)ccc1C(=O)O,CHEMBL3278345,log(PB),1.76,,CHEMBL3280537,Binding affinity to human serum albumin at 100 umol/l by equilibrium dialysis technique
C=CCOc1cc(N)ccc1C(=O)O,CHEMBL3278340,log(PB),1.63,,CHEMBL3280537,Binding affinity to human serum albumin at 100 umol/l by equilibrium dialysis technique
Cc1cc(N)ccc1C(=O)O,CHEMBL3278339,log(PB),1.16,,CHEMBL3280537,Binding affinity to human serum albumin at 100 umol/l by equilibrium dialysis technique
Nc1ccc(C(=O)O)cc1F,CHEMBL3278369,log(PB),1.52,,CHEMBL3280537,Binding affinity to human serum albumin at 100 umol/l by equilibrium dialysis technique
Nc1ccc(C(=O)O)cc1Cl,CHEMBL3278368,log(PB),1.81,,CHEMBL3280537,Binding affinity to human serum albumin at 100 umol/l by equilibrium dialysis technique
Nc1ccc(C(=O)O)cc1Br,CHEMBL3278367,log(PB),1.89,,CHEMBL3280537,Binding affinity to human serum albumin at 100 umol/l by equilibrium dialysis technique
Nc1ccc(C(=O)O)cc1I,CHEMBL3278366,log(PB),1.92,,CHEMBL3280537,Binding affinity to human serum albumin at 100 umol/l by equilibrium dialysis technique
Nc1ccc(C(=O)O)cc1O,CHEMBL1462,log(PB),1.27,,CHEMBL3280537,Binding affinity to human serum albumin at 100 umol/l by equilibrium dialysis technique
Nc1ccc(C(=O)O)cc1[N+](=O)[O-],CHEMBL1558258,log(PB),1.89,,CHEMBL3280537,Binding affinity to human serum albumin at 100 umol/l by equilibrium dialysis technique
Cl.Nc1ccc(C(=O)O)cc1N,CHEMBL3278365,log(PB),0.95,,CHEMBL3280537,Binding affinity to human serum albumin at 100 umol/l by equilibrium dialysis technique
N#CSc1cc(C(=O)O)ccc1N,CHEMBL3278364,log(PB),1.68,,CHEMBL3280537,Binding affinity to human serum albumin at 100 umol/l by equilibrium dialysis technique
Nc1ccc(C(=O)O)cc1C(=O)O,CHEMBL3278363,log(PB),1.82,,CHEMBL3280537,Binding affinity to human serum albumin at 100 umol/l by equilibrium dialysis technique
CCCCCCOc1cc(C(=O)O)ccc1N,CHEMBL3278362,log(PB),1.97,,CHEMBL3280537,Binding affinity to human serum albumin at 100 umol/l by equilibrium dialysis technique
Cc1cc(C(=O)O)ccc1N,CHEMBL3278361,log(PB),1.37,,CHEMBL3280537,Binding affinity to human serum albumin at 100 umol/l by equilibrium dialysis technique
N=C(N)NCCCCCCCCNCCCCCCCCNC(=N)NCC1CC1.O=C(O)C(F)(F)F.O=C(O)C(F)(F)F.O=C(O)C(F)(F)F,CHEMBL3353611,Kd,26.52,uM,CHEMBL3386384,Binding affinity to human serum albumin after 30 mins by fluorescence spectroscopic analysis
COc1nc2[nH]c(=O)[nH]c2cc1NS(=O)(=O)c1cccc(Cl)c1Cl,CHEMBL3310840,PB,93.0,%,CHEMBL3367646,Binding affinity to human serum albumin
COc1nc2[nH]c(=O)[nH]c2nc1NS(=O)(=O)c1cccc(Cl)c1Cl,CHEMBL3310841,PB,93.0,%,CHEMBL3367646,Binding affinity to human serum albumin
COc1cc2[nH]c(=O)[nH]c2nc1NS(=O)(=O)c1cccc(Cl)c1Cl,CHEMBL3310839,PB,93.0,%,CHEMBL3367646,Binding affinity to human serum albumin
CC(C)Oc1ccc(-c2nc(-c3cccc4c3cnn4CCC(=O)[O-])no2)cc1Cl.[Na+],CHEMBL3360360,Fu,1.2,%,CHEMBL3381248,Fraction unbound as a percentage in human serum albumin
CC(C)Oc1ccc(-c2nc(-c3ccc4c(cnn4CCC(=O)[O-])c3)no2)cc1Cl.[Na+],CHEMBL3360359,Fu,1.3,%,CHEMBL3381248,Fraction unbound as a percentage in human serum albumin
O=C([O-])c1cnn(Cc2ccc(-c3noc(-c4cc(-c5ccccc5)c(C(F)(F)F)s4)n3)cc2)c1.[Na+],CHEMBL3360358,Fu,1.0,%,CHEMBL3381248,Fraction unbound as a percentage in human serum albumin
OC(Cn1cncn1)(Cn1cncn1)c1ccc(F)cc1F,CHEMBL106,KSV,6.73,10'-4L/mol,CHEMBL3375840,Binding affinity to human serum albumin assessed as formation of non-fluorescent compound-protein complex at 298 K at pH 7.4 by fluorescence quenching method
OC(Cn1cncn1)(Cn1cncn1)c1ccc(Cl)cc1Cl,CHEMBL1977368,KSV,6.45,10'-4L/mol,CHEMBL3375840,Binding affinity to human serum albumin assessed as formation of non-fluorescent compound-protein complex at 298 K at pH 7.4 by fluorescence quenching method
OC(Cn1cncn1)(Cn1cncn1)c1ccc(F)cc1F,CHEMBL106,KSV,6.15,10'-4L/mol,CHEMBL3375841,Binding affinity to human serum albumin assessed as formation of non-fluorescent compound-protein complex at 302 K at pH 7.4 by fluorescence quenching method
OC(Cn1cncn1)(Cn1cncn1)c1ccc(Cl)cc1Cl,CHEMBL1977368,KSV,5.92,10'-4L/mol,CHEMBL3375841,Binding affinity to human serum albumin assessed as formation of non-fluorescent compound-protein complex at 302 K at pH 7.4 by fluorescence quenching method
OC(Cn1cncn1)(Cn1cncn1)c1ccc(F)cc1F,CHEMBL106,KSV,5.76,10'-4L/mol,CHEMBL3375842,Binding affinity to human serum albumin assessed as formation of non-fluorescent compound-protein complex at 310 K at pH 7.4 by fluorescence quenching method
OC(Cn1cncn1)(Cn1cncn1)c1ccc(Cl)cc1Cl,CHEMBL1977368,KSV,5.5,10'-4L/mol,CHEMBL3375842,Binding affinity to human serum albumin assessed as formation of non-fluorescent compound-protein complex at 310 K at pH 7.4 by fluorescence quenching method
OC(Cn1cncn1)(Cn1cncn1)c1ccc(F)cc1F,CHEMBL106,Ka,6.47,10'-4L/mol,CHEMBL3375843,Binding affinity to human serum albumin at 298 K by modified Stern-Volmer method
OC(Cn1cncn1)(Cn1cncn1)c1ccc(Cl)cc1Cl,CHEMBL1977368,Ka,6.03,10'-4L/mol,CHEMBL3375843,Binding affinity to human serum albumin at 298 K by modified Stern-Volmer method
OC(Cn1cncn1)(Cn1cncn1)c1ccc(F)cc1F,CHEMBL106,Ka,6.22,10'-4L/mol,CHEMBL3375844,Binding affinity to human serum albumin at 302 K by modified Stern-Volmer method
OC(Cn1cncn1)(Cn1cncn1)c1ccc(Cl)cc1Cl,CHEMBL1977368,Ka,5.76,10'-4L/mol,CHEMBL3375844,Binding affinity to human serum albumin at 302 K by modified Stern-Volmer method
OC(Cn1cncn1)(Cn1cncn1)c1ccc(F)cc1F,CHEMBL106,Ka,5.65,10'-4L/mol,CHEMBL3375845,Binding affinity to human serum albumin at 310 K by modified Stern-Volmer method
OC(Cn1cncn1)(Cn1cncn1)c1ccc(Cl)cc1Cl,CHEMBL1977368,Ka,5.11,10'-4L/mol,CHEMBL3375845,Binding affinity to human serum albumin at 310 K by modified Stern-Volmer method
OC(Cn1cncn1)(Cn1cncn1)c1ccc(F)cc1F,CHEMBL106,Kb,6.77,10'-4L/mol,CHEMBL3375846,Binding affinity to human serum albumin at 298 K by Scatchard method
OC(Cn1cncn1)(Cn1cncn1)c1ccc(Cl)cc1Cl,CHEMBL1977368,Kb,6.33,10'-4L/mol,CHEMBL3375846,Binding affinity to human serum albumin at 298 K by Scatchard method
OC(Cn1cncn1)(Cn1cncn1)c1ccc(F)cc1F,CHEMBL106,Kb,6.23,10'-4L/mol,CHEMBL3375847,Binding affinity to human serum albumin at 302 K by Scatchard method
OC(Cn1cncn1)(Cn1cncn1)c1ccc(Cl)cc1Cl,CHEMBL1977368,Kb,5.78,10'-4L/mol,CHEMBL3375847,Binding affinity to human serum albumin at 302 K by Scatchard method
OC(Cn1cncn1)(Cn1cncn1)c1ccc(F)cc1F,CHEMBL106,Kb,5.82,10'-4L/mol,CHEMBL3375848,Binding affinity to human serum albumin at 310 K by Scatchard method
OC(Cn1cncn1)(Cn1cncn1)c1ccc(Cl)cc1Cl,CHEMBL1977368,Kb,5.42,10'-4L/mol,CHEMBL3375848,Binding affinity to human serum albumin at 310 K by Scatchard method
OC(Cn1cncn1)(Cn1cncn1)c1ccc(F)cc1F,CHEMBL106,Ka,7.0,10'-4L/mol,CHEMBL3375849,Binding affinity to human serum albumin by spectroscopy in presence of Mg2+
OC(Cn1cncn1)(Cn1cncn1)c1ccc(F)cc1F,CHEMBL106,Ka,6.19,10'-4L/mol,CHEMBL3375850,Binding affinity to human serum albumin by spectroscopy in presence of Ba2+
OC(Cn1cncn1)(Cn1cncn1)c1ccc(F)cc1F,CHEMBL106,Ka,7.18,10'-4L/mol,CHEMBL3375851,Binding affinity to human serum albumin by spectroscopy in presence of Zn2+
OC(Cn1cncn1)(Cn1cncn1)c1ccc(F)cc1F,CHEMBL106,Ka,5.62,10'-4L/mol,CHEMBL3375852,Binding affinity to human serum albumin by spectroscopy in presence of Mn2+
OC(Cn1cncn1)(Cn1cncn1)c1ccc(F)cc1F,CHEMBL106,Ka,6.22,10'-4L/mol,CHEMBL3375853,Binding affinity to human serum albumin by spectroscopy in presence of Cu2+
OC(Cn1cncn1)(Cn1cncn1)c1ccc(F)cc1F,CHEMBL106,Ka,6.12,10'-4L/mol,CHEMBL3375854,Binding affinity to human serum albumin by spectroscopy in presence of Co2+
OC(Cn1cncn1)(Cn1cncn1)c1ccc(F)cc1F,CHEMBL106,Ka,5.55,10'-4L/mol,CHEMBL3375855,Binding affinity to human serum albumin by spectroscopy in presence of Ni2+
OC(Cn1cncn1)(Cn1cncn1)c1ccc(F)cc1F,CHEMBL106,Ka,4.8,10'-4L/mol,CHEMBL3375856,Binding affinity to human serum albumin by spectroscopy in presence of Fe3+
OC(Cn1cncn1)(Cn1cncn1)c1ccc(F)cc1F,CHEMBL106,Ka,5.6,10'-4L/mol,CHEMBL3375857,Binding affinity to human serum albumin by spectroscopy in presence of Cr3+
OC(Cn1cncn1)(Cn1cncn1)c1ccc(F)cc1F,CHEMBL106,Ka,5.86,10'-4L/mol,CHEMBL3375858,Binding affinity to human serum albumin by spectroscopy in presence of La3+
OC(Cn1cncn1)(Cn1cncn1)c1ccc(F)cc1F,CHEMBL106,Ratio,1.081,,CHEMBL3375859,Ratio of binding constant for human serum albumin in presence of Mg2+ to binding constant for human serum albumin in absence of metal ions
OC(Cn1cncn1)(Cn1cncn1)c1ccc(F)cc1F,CHEMBL106,Ratio,0.956,,CHEMBL3375860,Ratio of binding constant for human serum albumin in presence of Ba2+ to binding constant for human serum albumin in absence of metal ions
OC(Cn1cncn1)(Cn1cncn1)c1ccc(F)cc1F,CHEMBL106,Ratio,1.11,,CHEMBL3375861,Ratio of binding constant for human serum albumin in presence of Zn2+ to binding constant for human serum albumin in absence of metal ions
OC(Cn1cncn1)(Cn1cncn1)c1ccc(F)cc1F,CHEMBL106,Ratio,0.868,,CHEMBL3375862,Ratio of binding constant for human serum albumin in presence of Mn2+ to binding constant for human serum albumin in absence of metal ions
OC(Cn1cncn1)(Cn1cncn1)c1ccc(F)cc1F,CHEMBL106,Ratio,0.961,,CHEMBL3375863,Ratio of binding constant for human serum albumin in presence of Cu2+ to binding constant for human serum albumin in absence of metal ions
OC(Cn1cncn1)(Cn1cncn1)c1ccc(F)cc1F,CHEMBL106,Ratio,0.945,,CHEMBL3375864,Ratio of binding constant for human serum albumin in presence of Co2+ to binding constant for human serum albumin in absence of metal ions
OC(Cn1cncn1)(Cn1cncn1)c1ccc(F)cc1F,CHEMBL106,Ratio,0.857,,CHEMBL3375865,Ratio of binding constant for human serum albumin in presence of Ni2+ to binding constant for human serum albumin in absence of metal ions
OC(Cn1cncn1)(Cn1cncn1)c1ccc(F)cc1F,CHEMBL106,Ratio,0.741,,CHEMBL3375866,Ratio of binding constant for human serum albumin in presence of Fe3+ to binding constant for human serum albumin in absence of metal ions
OC(Cn1cncn1)(Cn1cncn1)c1ccc(F)cc1F,CHEMBL106,Ratio,0.866,,CHEMBL3375867,Ratio of binding constant for human serum albumin in presence of Cr3+ to binding constant for human serum albumin in absence of metal ions
OC(Cn1cncn1)(Cn1cncn1)c1ccc(F)cc1F,CHEMBL106,Ratio,0.905,,CHEMBL3375868,Ratio of binding constant for human serum albumin in presence of La3+ to binding constant for human serum albumin in absence of metal ions
OC(Cn1cncn1)(Cn1cncn1)c1ccc(F)cc1F,CHEMBL106,Ka,6.47,10'-4L/mol,CHEMBL3375869,Binding affinity to human serum albumin by spectroscopy
Cc1ncc([N+](=O)[O-])n1CC(O)Cn1cc(C(=O)O)c(=O)c2ccc(C(F)(F)F)cc21,CHEMBL3334882,Kb,5.15,10'4L/mol,CHEMBL3387624,Binding affinity to human serum albumin by fluorescence spectrophotometry
Cc1ncc([N+](=O)[O-])n1CC(O)Cn1cc(C(=O)O)c(=O)c2ccc(C(F)(F)F)cc21,CHEMBL3334882,Kb,3.61,10'4L/mol,CHEMBL3387626,Binding affinity to human serum albumin by fluorescence spectrophotometry in presence of Ca2+
Cc1ncc([N+](=O)[O-])n1CC(O)Cn1cc(C(=O)O)c(=O)c2ccc(C(F)(F)F)cc21,CHEMBL3334882,Kb,5.07,10'4L/mol,CHEMBL3387625,Binding affinity to human serum albumin by fluorescence spectrophotometry in presence of Ni2+
Cc1ncc([N+](=O)[O-])n1CC(O)Cn1cc(C(=O)O)c(=O)c2ccc(C(F)(F)F)cc21,CHEMBL3334882,Kb,5.63,10'4L/mol,CHEMBL3387628,Binding affinity to human serum albumin by fluorescence spectrophotometry in presence of Mg2+
Cc1ncc([N+](=O)[O-])n1CC(O)Cn1cc(C(=O)O)c(=O)c2ccc(C(F)(F)F)cc21,CHEMBL3334882,Kb,3.42,10'4L/mol,CHEMBL3387629,Binding affinity to human serum albumin by fluorescence spectrophotometry in presence of K+
Cc1ncc([N+](=O)[O-])n1CC(O)Cn1cc(C(=O)O)c(=O)c2ccc(C(F)(F)F)cc21,CHEMBL3334882,Ratio,1.43,,CHEMBL3387631,"Drug transport index, ratio of Kb to K0 for human serum albumin by fluorescence spectrophotometry in presence of Ca2+"
Cc1ncc([N+](=O)[O-])n1CC(O)Cn1cc(C(=O)O)c(=O)c2ccc(C(F)(F)F)cc21,CHEMBL3334882,Ratio,1.02,,CHEMBL3387632,"Drug transport index, ratio of Kb to K0 for human serum albumin by fluorescence spectrophotometry in presence of Ni2+"
Cc1ncc([N+](=O)[O-])n1CC(O)Cn1cc(C(=O)O)c(=O)c2ccc(C(F)(F)F)cc21,CHEMBL3334882,Ratio,0.91,,CHEMBL3387633,"Drug transport index, ratio of Kb to K0 for human serum albumin by fluorescence spectrophotometry in presence of Mg2+"
Cc1ncc([N+](=O)[O-])n1CC(O)Cn1cc(C(=O)O)c(=O)c2ccc(C(F)(F)F)cc21,CHEMBL3334882,Ratio,1.51,,CHEMBL3387634,"Drug transport index, ratio of Kb to K0 for human serum albumin by fluorescence spectrophotometry in presence of K2+"
COc1ccc(CCC(=O)c2ccc(O)cc2)c(OC)c1,CHEMBL253779,deltaG,-29.23,kJ/mol,CHEMBL3411005,Binding affinity to human serum albumin assessed as entropy change at 305K by thermodynamic analysis
COc1ccc(C(CCc2ccc(O)cc2OC)c2cc(CCC(=O)c3ccc(O)cc3)c(OC)cc2O)cc1,CHEMBL254649,deltaG,-31.09,kJ/mol,CHEMBL3411004,Binding affinity to human serum albumin assessed as entropy change at 300K by thermodynamic analysis
COc1ccc(CCC(=O)c2ccc(O)cc2)c(OC)c1,CHEMBL253779,deltaG,-29.28,kJ/mol,CHEMBL3411004,Binding affinity to human serum albumin assessed as entropy change at 300K by thermodynamic analysis
COc1ccc(C(CCc2ccc(O)cc2OC)c2cc(CCC(=O)c3ccc(O)cc3)c(OC)cc2O)cc1,CHEMBL254649,deltaH,-55.94,kJ/mol,CHEMBL3411737,Binding affinity to human serum albumin assessed as enthalpy change at 300K by thermodynamic analysis
COc1ccc(CCC(=O)c2ccc(O)cc2)c(OC)c1,CHEMBL253779,deltaH,-31.98,kJ/mol,CHEMBL3411737,Binding affinity to human serum albumin assessed as enthalpy change at 300K by thermodynamic analysis
COc1ccc(C(CCc2ccc(O)cc2OC)c2cc(CCC(=O)c3ccc(O)cc3)c(OC)cc2O)cc1,CHEMBL254649,K,12.32,10'4/M,CHEMBL3411736,Binding affinity to human serum albumin assessed as binding constant at 310K by Stem-Volmer plot
COc1ccc(CCC(=O)c2ccc(O)cc2)c(OC)c1,CHEMBL253779,K,8.56,10'4/M,CHEMBL3411736,Binding affinity to human serum albumin assessed as binding constant at 310K by Stem-Volmer plot
COc1ccc(C(CCc2ccc(O)cc2OC)c2cc(CCC(=O)c3ccc(O)cc3)c(OC)cc2O)cc1,CHEMBL254649,K,18.62,10'4/M,CHEMBL3411735,Binding affinity to human serum albumin assessed as binding constant at 305K by Stem-Volmer plot
COc1ccc(CCC(=O)c2ccc(O)cc2)c(OC)c1,CHEMBL253779,K,9.51,10'4/M,CHEMBL3411735,Binding affinity to human serum albumin assessed as binding constant at 305K by Stem-Volmer plot
COc1ccc(C(CCc2ccc(O)cc2OC)c2cc(CCC(=O)c3ccc(O)cc3)c(OC)cc2O)cc1,CHEMBL254649,K,25.32,10'4/M,CHEMBL3411734,Binding affinity to human serum albumin assessed as binding constant at 300K by Stem-Volmer plot
COc1ccc(CCC(=O)c2ccc(O)cc2)c(OC)c1,CHEMBL253779,K,12.91,10'4/M,CHEMBL3411734,Binding affinity to human serum albumin assessed as binding constant at 300K by Stem-Volmer plot
COc1ccc(C(CCc2ccc(O)cc2OC)c2cc(CCC(=O)c3ccc(O)cc3)c(OC)cc2O)cc1,CHEMBL254649,Kq,12.15,10'12/M/s,CHEMBL3411732,Binding affinity to human serum albumin assessed as quenching constant at 310K by fluorescence spectroscopy
COc1ccc(CCC(=O)c2ccc(O)cc2)c(OC)c1,CHEMBL253779,Kq,6.24,10'12/M/s,CHEMBL3411732,Binding affinity to human serum albumin assessed as quenching constant at 310K by fluorescence spectroscopy
COc1ccc(C(CCc2ccc(O)cc2OC)c2cc(CCC(=O)c3ccc(O)cc3)c(OC)cc2O)cc1,CHEMBL254649,Kq,14.95,10'12/M/s,CHEMBL3411731,Binding affinity to human serum albumin assessed as quenching constant at 305K by fluorescence spectroscopy
COc1ccc(CCC(=O)c2ccc(O)cc2)c(OC)c1,CHEMBL253779,Kq,7.98,10'12/M/s,CHEMBL3411731,Binding affinity to human serum albumin assessed as quenching constant at 305K by fluorescence spectroscopy
COc1ccc(C(CCc2ccc(O)cc2OC)c2cc(CCC(=O)c3ccc(O)cc3)c(OC)cc2O)cc1,CHEMBL254649,Kq,17.69,10'12/M/s,CHEMBL3411730,Binding affinity to human serum albumin assessed as quenching constant at 300K by fluorescence spectroscopy
COc1ccc(CCC(=O)c2ccc(O)cc2)c(OC)c1,CHEMBL253779,Kq,9.85,10'12/M/s,CHEMBL3411730,Binding affinity to human serum albumin assessed as quenching constant at 300K by fluorescence spectroscopy
COc1ccc(C(CCc2ccc(O)cc2OC)c2cc(CCC(=O)c3ccc(O)cc3)c(OC)cc2O)cc1,CHEMBL254649,KSV,12.15,10'4/M,CHEMBL3411729,Binding affinity to human serum albumin assessed as Stem-Volmer quenching constant at 310K by fluorescence spectroscopy
COc1ccc(CCC(=O)c2ccc(O)cc2)c(OC)c1,CHEMBL253779,KSV,6.24,10'4/M,CHEMBL3411729,Binding affinity to human serum albumin assessed as Stem-Volmer quenching constant at 310K by fluorescence spectroscopy
COc1ccc(C(CCc2ccc(O)cc2OC)c2cc(CCC(=O)c3ccc(O)cc3)c(OC)cc2O)cc1,CHEMBL254649,KSV,14.95,10'4/M,CHEMBL3411728,Binding affinity to human serum albumin assessed as Stem-Volmer quenching constant at 305K by fluorescence spectroscopy
COc1ccc(CCC(=O)c2ccc(O)cc2)c(OC)c1,CHEMBL253779,KSV,7.98,10'4/M,CHEMBL3411728,Binding affinity to human serum albumin assessed as Stem-Volmer quenching constant at 305K by fluorescence spectroscopy
COc1ccc(C(CCc2ccc(O)cc2OC)c2cc(CCC(=O)c3ccc(O)cc3)c(OC)cc2O)cc1,CHEMBL254649,KSV,17.69,10'4/M,CHEMBL3411727,Binding affinity to human serum albumin assessed as Stem-Volmer quenching constant at 300K by fluorescence spectroscopy
COc1ccc(CCC(=O)c2ccc(O)cc2)c(OC)c1,CHEMBL253779,KSV,9.85,10'4/M,CHEMBL3411727,Binding affinity to human serum albumin assessed as Stem-Volmer quenching constant at 300K by fluorescence spectroscopy
COc1ccc(C(CCc2ccc(O)cc2OC)c2cc(CCC(=O)c3ccc(O)cc3)c(OC)cc2O)cc1,CHEMBL254649,deltaG,-30.67,kJ/mol,CHEMBL3411005,Binding affinity to human serum albumin assessed as entropy change at 305K by thermodynamic analysis
COc1ccc(CCC(=O)c2ccc(O)cc2)c(OC)c1,CHEMBL253779,deltaG,-29.19,kJ/mol,CHEMBL3411006,Binding affinity to human serum albumin assessed as entropy change at 310K by thermodynamic analysis
COc1ccc(C(CCc2ccc(O)cc2OC)c2cc(CCC(=O)c3ccc(O)cc3)c(OC)cc2O)cc1,CHEMBL254649,deltaG,-30.26,kJ/mol,CHEMBL3411006,Binding affinity to human serum albumin assessed as entropy change at 310K by thermodynamic analysis
COc1ccc(CCC(=O)c2ccc(O)cc2)c(OC)c1,CHEMBL253779,Activity,28.0,%,CHEMBL3411008,Binding affinity to human serum albumin assessed as induction of protein conformational changes by measuring reduction in intensity along with red shift in peak 1 by three-dimensional fluorescence spectroscopy
COc1ccc(C(CCc2ccc(O)cc2OC)c2cc(CCC(=O)c3ccc(O)cc3)c(OC)cc2O)cc1,CHEMBL254649,Activity,14.0,%,CHEMBL3411009,Binding affinity to human serum albumin assessed as induction of protein conformational changes by measuring reduction in intensity along with blue shift in peak 1 by three-dimensional fluorescence spectroscopy
O=C(O)c1[nH]c2ccccc2c1CCCOc1cccc2ccccc12,CHEMBL2314198,Ki,0.4,uM,CHEMBL3417959,Displacement of probe S1 from recombinant human serum albumin domain 3 after 5 mins by fluorescence polarization assay
Cc1ccccc1-c1cccc2c(CCCOc3cccc4ccccc34)c(C(=O)O)[nH]c12,CHEMBL3417691,Ki,0.03,uM,CHEMBL3417959,Displacement of probe S1 from recombinant human serum albumin domain 3 after 5 mins by fluorescence polarization assay
Cc1ccccc1-c1cccc2c(CCCOc3cccc4ccccc34)c(C(=O)O)n(CCN3CCOCC3)c12,CHEMBL3417694,Ki,360.0,nM,CHEMBL3417959,Displacement of probe S1 from recombinant human serum albumin domain 3 after 5 mins by fluorescence polarization assay
O=C(O)c1[nH]c2ccccc2c1CCCO,CHEMBL3417696,Ki,100.0,uM,CHEMBL3417959,Displacement of probe S1 from recombinant human serum albumin domain 3 after 5 mins by fluorescence polarization assay
Cc1nn(C)c(C)c1-c1cccc2c(CCCOc3cccc4ccccc34)c(C(=O)O)n(CCN3CCOCC3)c12,CHEMBL3417697,Ki,1.45,uM,CHEMBL3417959,Displacement of probe S1 from recombinant human serum albumin domain 3 after 5 mins by fluorescence polarization assay
COC(=O)c1cc2c3ccccc3[nH]c2c2cn(-c3ccc(F)cc3Cl)c[n+]12.[Cl-],CHEMBL3426201,Kb,9.77,10'4L/mol,CHEMBL3429858,Binding affinity to human serum albumin at 283 K at pH 7.4 by fluorescence spectra analysis
COC(=O)c1cc2c3ccccc3[nH]c2c2cn(-c3ccc(F)cc3Cl)c[n+]12.[Cl-],CHEMBL3426201,Kb,8.91,10'4L/mol,CHEMBL3429859,Binding affinity to human serum albumin at 293 K at pH 7.4 by fluorescence spectra analysis
COC(=O)c1cc2c3ccccc3[nH]c2c2cn(-c3ccc(F)cc3Cl)c[n+]12.[Cl-],CHEMBL3426201,Kb,7.94,10'4L/mol,CHEMBL3429860,Binding affinity to human serum albumin at 303 K at pH 7.4 by fluorescence spectra analysis
COc1cccc2c1C(=O)c1c(O)c3c(c(O)c1C2=O)C[C@@](O)(C(=O)CO)C[C@@H]3O[C@H]1C[C@H](N)[C@@H](O)[C@H](C)O1.Cl,CHEMBL1200981,Plasma protein binding,57.0,%,CHEMBL3508303,Binding of epirubicin to albumin
COc1cccc2c1C(=O)c1c(O)c3c(c(O)c1C2=O)C[C@@](O)(C(=O)CO)C[C@@H]3O[C@H]1C[C@H](N)[C@H](O)[C@H](C)O1,CHEMBL53463,Plasma protein binding,62.0,%,CHEMBL3508304,Binding of doxorubicin to albumin
CCCc1nc(C(C)(C)O)c(C(=O)OCc2oc(=O)oc2C)n1Cc1ccc(-c2ccccc2-c2nnn[nH]2)cc1,CHEMBL1200692,Vmax/Km,0.00737,ml/min,CHEMBL3533232,Ratio of Vmax to Km in human serum albumin assessed as hydrolysis measured per mg of protein by single-enzyme Michaelis-Menten model
CCCc1nc(C(C)(C)O)c(C(=O)OCc2oc(=O)oc2C)n1Cc1ccc(-c2ccccc2-c2nnn[nH]2)cc1,CHEMBL1200692,Vmax,2.61,nmol/min,CHEMBL3533231,Prodrug conversion in human serum albumin assessed as hydrolysis measured per mg of protein by single-enzyme Michaelis-Menten model
CCCc1nc(C(C)(C)O)c(C(=O)OCc2oc(=O)oc2C)n1Cc1ccc(-c2ccccc2-c2nnn[nH]2)cc1,CHEMBL1200692,Km,354.0,uM,CHEMBL3533230,Prodrug conversion in human serum albumin assessed as hydrolysis by single-enzyme Michaelis-Menten model
CCCc1nc(C(C)(C)O)c(C(=O)OCc2oc(=O)oc2C)n1Cc1ccc(-c2ccccc2-c2nnn[nH]2)cc1,CHEMBL1200692,Activity,0.0164,nmol/min,CHEMBL3535726,Prodrug conversion in human serum albumin assessed as hydrolysis measured per mg of protein at 10 uM in presence of Zn2+
CCCc1nc(C(C)(C)O)c(C(=O)OCc2oc(=O)oc2C)n1Cc1ccc(-c2ccccc2-c2nnn[nH]2)cc1,CHEMBL1200692,Activity,0.0106,nmol/min,CHEMBL3535725,Prodrug conversion in human serum albumin assessed as hydrolysis measured per mg of protein at 10 uM in presence of Mg2+
CCCc1nc(C(C)(C)O)c(C(=O)OCc2oc(=O)oc2C)n1Cc1ccc(-c2ccccc2-c2nnn[nH]2)cc1,CHEMBL1200692,Activity,0.0102,nmol/min,CHEMBL3535724,Prodrug conversion in human serum albumin assessed as hydrolysis measured per mg of protein at 10 uM in presence of Ca2+
O=C(c1ccc(F)c(F)c1N[14c]1[14cH][14cH][14c](I)[14cH][14c]1F)N1CC(O)([C@@H]2CCCCN2)C1,CHEMBL3526209,Fu,40.8,%,CHEMBL3539429,Percentage unbound in human serum albumin at 10 uM after 5 hrs by equilibrium dialysis
O=C(c1ccc(F)c(F)c1N[14c]1[14cH][14cH][14c](I)[14cH][14c]1F)N1CC(O)([C@@H]2CCCCN2)C1,CHEMBL3526209,Fu,40.8,%,CHEMBL3539428,Percentage unbound in human serum albumin at 5 uM after 5 hrs by equilibrium dialysis
O=C(c1ccc(F)c(F)c1N[14c]1[14cH][14cH][14c](I)[14cH][14c]1F)N1CC(O)([C@@H]2CCCCN2)C1,CHEMBL3526209,Fu,46.9,%,CHEMBL3539427,Percentage unbound in human serum albumin at 1 uM after 5 hrs by equilibrium dialysis
O=C1C(O)=C([C@H]2CC[C@H](c3ccc(Cl)cc3)CC2)C(=O)c2ccccc21,CHEMBL1450,Ratio,10.0,,CHEMBL3582504,Ratio of Ka for human serum albumin by ITC method to Ka for human serum albumin by CD spectroscopy
O=C1C(O)=C([C@H]2CC[C@H](c3ccc(Cl)cc3)CC2)C(=O)c2ccccc21,CHEMBL1450,K,1.0,10'6/M,CHEMBL3585110,Binding affinity to human serum albumin in Ringer buffer and 2 to 7% v/v ethanol at pH 7.4 and 37 degC by CD spectroscopy
O=C1C(O)=C([C@H]2CC[C@H](c3ccc(Cl)cc3)CC2)C(=O)c2ccccc21,CHEMBL1450,Ka,7.15,10'4/M,CHEMBL3585109,Binding affinity to human serum albumin at 845 uM using 33.8 uM HSA and 14 mM phosphate and 30% DMF at pH 7.4 and 25 degC by fluorescence spectroscopy
O=C1C(O)=C([C@H]2CC[C@H](c3ccc(Cl)cc3)CC2)C(=O)c2ccccc21,CHEMBL1450,K,1.06,10'5/M,CHEMBL3585108,Binding affinity to human serum albumin at 150 uM using 20 uM HSA and 20 mM phosphate and 30% DMF at pH 7.4 and 25 degC by ITC method
O=C1C(O)=C([C@H]2CC[C@H](c3ccc(Cl)cc3)CC2)C(=O)c2ccccc21,CHEMBL1450,Ka,2.0,10'6/M,CHEMBL3585103,Binding affinity to human serum albumin by CD spectroscopy
C=C(C)[C@@H]1CC[C@]2(C(=O)O)CC[C@]3(C)[C@H](CC[C@@H]4[C@@]5(C)CC[C@H](O)C(C)(C)[C@@H]5CC[C@]43C)[C@@H]12,CHEMBL269277,Kd,0.45,10'-5/M,CHEMBL3603342,Binding affinity to human serum albumin with excitation at 285 nm after 30 mins by fluorescence spectrophotometric analysis
C=C(C)[C@@H]1CC[C@]2(C(=O)N[C@H](C)C(=O)[O-])CC[C@]3(C)[C@H](CC[C@@H]4[C@@]5(C)CC[C@H](O)C(C)(C)[C@@H]5CC[C@]43C)[C@@H]12.C[N+](C)(C)CCO,CHEMBL3601025,Kd,4.7,10'-5/M,CHEMBL3603342,Binding affinity to human serum albumin with excitation at 285 nm after 30 mins by fluorescence spectrophotometric analysis
C=C(C)[C@@H]1CC[C@]2(C(=O)N[C@H](C)C(=O)[O-])CC[C@]3(C)[C@H](CC[C@@H]4[C@@]5(C)CC[C@H](O)C(C)(C)[C@@H]5CC[C@]43C)[C@@H]12.CCCCCCCCCCCC[N+](C)(C)Cc1ccccc1,CHEMBL3601026,Kd,1.9,10'-5/M,CHEMBL3603342,Binding affinity to human serum albumin with excitation at 285 nm after 30 mins by fluorescence spectrophotometric analysis
C=C(C)[C@@H]1CC[C@]2(C(=O)[O-])CC[C@]3(C)[C@H](CC[C@@H]4[C@@]5(C)CC[C@H](O)C(C)(C)[C@@H]5CC[C@]43C)[C@@H]12.CCCCCCCCCCCC[N+](C)(C)Cc1ccccc1,CHEMBL3601027,Kd,0.16,10'-5/M,CHEMBL3603342,Binding affinity to human serum albumin with excitation at 285 nm after 30 mins by fluorescence spectrophotometric analysis
C=C(C)[C@@H]1CC[C@]2(C(=O)[O-])CC[C@]3(C)[C@H](CC[C@@H]4[C@@]5(C)CC[C@H](O)C(C)(C)[C@@H]5CC[C@]43C)[C@@H]12.C[N+](C)(C)CCO,CHEMBL3601028,Kd,0.39,10'-5/M,CHEMBL3603342,Binding affinity to human serum albumin with excitation at 285 nm after 30 mins by fluorescence spectrophotometric analysis
C=C(C)[C@@H]1CC[C@]2(C(=O)O)CC[C@]3(C)[C@H](CC[C@@H]4[C@@]5(C)CC[C@H](O)C(C)(C)[C@@H]5CC[C@]43C)[C@@H]12,CHEMBL269277,Kd,0.13,10'-5/M,CHEMBL3603343,Binding affinity to human serum albumin with excitation at 295 nm after 30 mins by fluorescence spectrophotometric analysis
C=C(C)[C@@H]1CC[C@]2(C(=O)N[C@H](C)C(=O)[O-])CC[C@]3(C)[C@H](CC[C@@H]4[C@@]5(C)CC[C@H](O)C(C)(C)[C@@H]5CC[C@]43C)[C@@H]12.C[N+](C)(C)CCO,CHEMBL3601025,Kd,3.7,10'-5/M,CHEMBL3603343,Binding affinity to human serum albumin with excitation at 295 nm after 30 mins by fluorescence spectrophotometric analysis
C=C(C)[C@@H]1CC[C@]2(C(=O)N[C@H](C)C(=O)[O-])CC[C@]3(C)[C@H](CC[C@@H]4[C@@]5(C)CC[C@H](O)C(C)(C)[C@@H]5CC[C@]43C)[C@@H]12.CCCCCCCCCCCC[N+](C)(C)Cc1ccccc1,CHEMBL3601026,Kd,1.9,10'-5/M,CHEMBL3603343,Binding affinity to human serum albumin with excitation at 295 nm after 30 mins by fluorescence spectrophotometric analysis
C=C(C)[C@@H]1CC[C@]2(C(=O)[O-])CC[C@]3(C)[C@H](CC[C@@H]4[C@@]5(C)CC[C@H](O)C(C)(C)[C@@H]5CC[C@]43C)[C@@H]12.CCCCCCCCCCCC[N+](C)(C)Cc1ccccc1,CHEMBL3601027,Kd,0.19,10'-5/M,CHEMBL3603343,Binding affinity to human serum albumin with excitation at 295 nm after 30 mins by fluorescence spectrophotometric analysis
C=C(C)[C@@H]1CC[C@]2(C(=O)[O-])CC[C@]3(C)[C@H](CC[C@@H]4[C@@]5(C)CC[C@H](O)C(C)(C)[C@@H]5CC[C@]43C)[C@@H]12.C[N+](C)(C)CCO,CHEMBL3601028,Kd,0.4,10'-5/M,CHEMBL3603343,Binding affinity to human serum albumin with excitation at 295 nm after 30 mins by fluorescence spectrophotometric analysis
Nc1nc(NC2CC2)c2ncn([C@H]3C=C[C@@H](CO)C3)c2n1,CHEMBL1380,Kd,0.44,10'-4M,CHEMBL3603344,Binding affinity to human serum albumin with excitation at 280 nm after 2 hrs by spectrofluorimetric analysis
O=c1[nH]cnc2c1ncn2[C@H]1CC[C@@H](CO)O1,CHEMBL1460,Kd,0.44,10'-4M,CHEMBL3603344,Binding affinity to human serum albumin with excitation at 280 nm after 2 hrs by spectrofluorimetric analysis
Nc1nc(=O)n([C@@H]2CS[C@H](CO)O2)cc1F,CHEMBL885,Kd,0.44,10'-4M,CHEMBL3603344,Binding affinity to human serum albumin with excitation at 280 nm after 2 hrs by spectrofluorimetric analysis
Nc1ccn([C@@H]2CS[C@H](CO)O2)c(=O)n1,CHEMBL141,Kd,0.44,10'-4M,CHEMBL3603344,Binding affinity to human serum albumin with excitation at 280 nm after 2 hrs by spectrofluorimetric analysis
Cc1cn([C@H]2C=C[C@@H](CO)O2)c(=O)[nH]c1=O,CHEMBL991,Kd,0.44,10'-4M,CHEMBL3603344,Binding affinity to human serum albumin with excitation at 280 nm after 2 hrs by spectrofluorimetric analysis
Nc1ccn([C@H]2CC[C@@H](CO)O2)c(=O)n1,CHEMBL853,Kd,0.44,10'-4M,CHEMBL3603344,Binding affinity to human serum albumin with excitation at 280 nm after 2 hrs by spectrofluorimetric analysis
C=C(C)[C@@H]1CC[C@]2(C(=O)O)CC[C@]3(C)[C@H](CC[C@@H]4[C@@]5(C)CC[C@H](O)C(C)(C)[C@@H]5CC[C@]43C)[C@@H]12,CHEMBL269277,Ka,1.685,10'6/M,CHEMBL3603345,Binding affinity to human serum albumin with excitation at 285 nm assessed as association constant by fluorescence emission spectroscopic analysis
C=C(C)[C@@H]1CC[C@]2(C(=O)O)CC[C@]3(C)[C@H](CC[C@@H]4[C@@]5(C)CC[C@H](O)C(C)(C)[C@@H]5CC[C@]43C)[C@@H]12,CHEMBL269277,Kd,0.593,10'-6M,CHEMBL3603346,Binding affinity to human serum albumin with excitation at 285 nm by fluorescence emission spectroscopic analysis
Cc1cn([C@H]2C[C@H](N=[N+]=[N-])[C@@H](CO)O2)c(=O)[nH]c1=O,CHEMBL129,Kd,0.44,10'-4M,CHEMBL3603344,Binding affinity to human serum albumin with excitation at 280 nm after 2 hrs by spectrofluorimetric analysis
Nc1ccccc1NC(=O)c1ccc(CSC2=N[C@@H](c3ccccc3)CN2)cc1,CHEMBL3605416,PB,91.0,%,CHEMBL3606713,Binding affinity to human serum albumin
Nc1ccccc1NC(=O)c1ccc(CNC2=N[C@@H](c3ccccc3)CN2)cc1,CHEMBL3605415,PB,72.2,%,CHEMBL3606713,Binding affinity to human serum albumin
Nc1ccccc1NC(=O)c1ccc(CNC2=N[C@H](c3ccccc3)CO2)cc1,CHEMBL3605495,PB,84.7,%,CHEMBL3606713,Binding affinity to human serum albumin
Nc1ccccc1NC(=O)c1ccc(CNC2=NC[C@@H](c3ccccc3)O2)cc1,CHEMBL3605502,PB,84.9,%,CHEMBL3606713,Binding affinity to human serum albumin
Nc1ccccc1NC(=O)c1ccc(CNC2=N[C@H](Cc3c[nH]cn3)CO2)cc1,CHEMBL3605508,PB,46.5,%,CHEMBL3606713,Binding affinity to human serum albumin
Nc1ccccc1NC(=O)c1ccc(CNC2=N[C@@H](c3ccccc3)CO2)cc1,CHEMBL3605494,PB,85.3,%,CHEMBL3606713,Binding affinity to human serum albumin
Nc1ccccc1NC(=O)c1ccc(CNC2=NC[C@H](c3ccccc3)O2)cc1,CHEMBL3605503,PB,89.9,%,CHEMBL3606713,Binding affinity to human serum albumin
Nc1ccccc1NC(=O)c1ccc(CNC2=N[C@@H](Cc3c[nH]cn3)CO2)cc1,CHEMBL3605507,PB,46.8,%,CHEMBL3606713,Binding affinity to human serum albumin
Nc1ccccc1NC(=O)c1ccc(CSC2=N[C@@H](Cc3ccccc3)CO2)cc1,CHEMBL3605493,PB,96.5,%,CHEMBL3606713,Binding affinity to human serum albumin
Nc1ccccc1NC(=O)c1ccc(CSC2=N[C@@H](c3cccnc3)CO2)cc1,CHEMBL3605492,PB,87.5,%,CHEMBL3606713,Binding affinity to human serum albumin
Nc1ccccc1NC(=O)c1ccc(CNC2=N[C@@H](Cc3ccccc3)CO2)cc1,CHEMBL3605501,PB,85.9,%,CHEMBL3606713,Binding affinity to human serum albumin
Nc1ccccc1NC(=O)c1ccc(CNC2=N[C@@H](c3cccnc3)CO2)cc1,CHEMBL3605500,PB,68.7,%,CHEMBL3606713,Binding affinity to human serum albumin
Nc1ccccc1NC(=O)c1ccc(CNC2=NC(c3ccc(F)cc3)CO2)cc1,CHEMBL3605496,PB,88.1,%,CHEMBL3606713,Binding affinity to human serum albumin
Nc1ccccc1NC(=O)c1ccc(CNC2=NC(c3cccc(F)c3)CO2)cc1,CHEMBL3605497,PB,88.5,%,CHEMBL3606713,Binding affinity to human serum albumin
Nc1ccccc1NC(=O)c1ccc(CNC2=NC(c3ccc(C(F)(F)F)cc3)CO2)cc1,CHEMBL3605498,PB,94.3,%,CHEMBL3606713,Binding affinity to human serum albumin
Nc1ccccc1NC(=O)c1ccc(CNC2=N[C@@H](c3ccc(O)cc3)CO2)cc1,CHEMBL3605499,PB,74.4,%,CHEMBL3606713,Binding affinity to human serum albumin
Nc1ccccc1NC(=O)c1ccc(CNC2=NC(c3ccccc3)(c3ccccc3)CO2)cc1,CHEMBL3605504,PB,96.6,%,CHEMBL3606713,Binding affinity to human serum albumin
Nc1ccccc1NC(=O)c1ccc(CNC2=N[C@@H](c3ccccc3)[C@H](c3ccccc3)O2)cc1,CHEMBL3605505,PB,96.9,%,CHEMBL3606713,Binding affinity to human serum albumin
Nc1ccccc1NC(=O)c1ccc(CNC2=N[C@H](c3ccccc3)[C@H](c3ccccc3)O2)cc1,CHEMBL3605506,PB,94.9,%,CHEMBL3606713,Binding affinity to human serum albumin
Nc1ncc(-c2ccccc2)nc1C(=O)NC1CCCC1,CHEMBL3604214,PB,95.8,%,CHEMBL3606737,Binding affinity to human serum albumin by chromatographic method
CCC(CC)NC(=O)c1nc(-c2ccccc2)cnc1N,CHEMBL3604215,PB,95.0,%,CHEMBL3606737,Binding affinity to human serum albumin by chromatographic method
CC(C)(C)NC(=O)c1nc(-c2ccccc2)cnc1N,CHEMBL3604225,PB,98.5,%,CHEMBL3606737,Binding affinity to human serum albumin by chromatographic method
CCC(C)NC(=O)c1nc(-c2ccccc2C#N)cnc1N,CHEMBL3604237,PB,95.0,%,CHEMBL3606737,Binding affinity to human serum albumin by chromatographic method
CCC(C)NC(=O)c1nc(-c2cccc(Cl)c2)cnc1N,CHEMBL3604239,PB,97.2,%,CHEMBL3606737,Binding affinity to human serum albumin by chromatographic method
CCC(C)NC(=O)c1nc(-c2ccc(F)cc2)cnc1N,CHEMBL3604247,PB,94.2,%,CHEMBL3606737,Binding affinity to human serum albumin by chromatographic method
CCC(C)NC(=O)c1nc(-c2ccc(Cl)cc2)cnc1N,CHEMBL3604248,PB,97.0,%,CHEMBL3606737,Binding affinity to human serum albumin by chromatographic method
CCC(CC)NC(=O)c1nc(-c2cccc(C)c2)cnc1N,CHEMBL3604257,PB,96.4,%,CHEMBL3606737,Binding affinity to human serum albumin by chromatographic method
CCC(CC)NC(=O)c1nc(-c2ccc(F)cc2)cnc1N,CHEMBL3604259,PB,96.4,%,CHEMBL3606737,Binding affinity to human serum albumin by chromatographic method
CCC(CC)NC(=O)c1nc(-c2ccc(F)c(C)c2)cnc1N,CHEMBL3604260,PB,97.8,%,CHEMBL3606737,Binding affinity to human serum albumin by chromatographic method
CCC(CC)NC(=O)c1nc(-c2ccc(F)cc2C#N)cnc1N,CHEMBL3604261,PB,97.1,%,CHEMBL3606737,Binding affinity to human serum albumin by chromatographic method
N#Cc1ccccc1-c1cnc(N)c(C(=O)NC2CCCC2)n1,CHEMBL3604265,PB,96.2,%,CHEMBL3606737,Binding affinity to human serum albumin by chromatographic method
Cc1cccc(-c2cnc(N)c(C(=O)NC3CCCC3)n2)c1,CHEMBL3604266,PB,97.7,%,CHEMBL3606737,Binding affinity to human serum albumin by chromatographic method
Nc1ccccc1NC(=O)c1ccc(CNc2nccc(-c3cccnc3)n2)cc1,CHEMBL272980,PB,92.5,%,CHEMBL3606713,Binding affinity to human serum albumin
CC(C)N(C)C(=O)n1cnc(S(=O)(=O)C2CC3CCC2C3)n1,CHEMBL537586,PB,58.0,%,CHEMBL3606479,Binding affinity to HSA
CC(C)(C)c1nc2c(s1)CCc1nc(NC(=O)N3CCC[C@H]3C(N)=O)sc1-2,CHEMBL3609514,PB,91.9,%,CHEMBL3610621,Binding affinity to human serum albumin
NC(=O)[C@@H]1CCCN1C(=O)Nc1nc2c(s1)-c1nc(CC3CC3)sc1CC2,CHEMBL3609515,PB,95.3,%,CHEMBL3610621,Binding affinity to human serum albumin
CC(C)(C)c1nc2c(s1)CCc1nc(NC(=O)N3CCC[C@@]3(C)C(N)=O)sc1-2,CHEMBL3609516,PB,91.9,%,CHEMBL3610621,Binding affinity to human serum albumin
Cc1nc(NC(=O)N2CCC[C@H]2C(N)=O)sc1-c1ccnc(C(C)(C)C(F)(F)F)c1,CHEMBL2396661,PB,90.0,%,CHEMBL3610621,Binding affinity to human serum albumin
CC(C)(C)c1ncc2c(n1)-c1sc(NC(=O)N3CCC[C@@]3(C)C(N)=O)nc1CC2,CHEMBL3609523,PB,90.3,%,CHEMBL3610621,Binding affinity to human serum albumin
CC(C)(C)c1ncc2c(n1)-c1sc(NC(=O)N3CC[C@@H]4C[C@@]43C(N)=O)nc1CC2,CHEMBL3609524,PB,87.8,%,CHEMBL3610621,Binding affinity to human serum albumin
C[C@@H]1CCN(C(=O)Nc2nc3c(s2)-c2nc(C(C)(C)C)ncc2CC3)[C@@H]1C(N)=O,CHEMBL3609525,PB,90.4,%,CHEMBL3610621,Binding affinity to human serum albumin
CN(C)C[C@@]1(C(N)=O)CCCN1C(=O)Nc1nc2c(s1)-c1nc(C(C)(C)C)ncc1CC2,CHEMBL3609528,PB,78.7,%,CHEMBL3610621,Binding affinity to human serum albumin
CN(C)[C@@H]1C[C@@H](C(N)=O)N(C(=O)Nc2nc3c(s2)-c2nc(C(C)(C)C)ncc2CC3)C1,CHEMBL3609529,PB,89.7,%,CHEMBL3610621,Binding affinity to human serum albumin
Cc1nc(NC(=O)N2CCC[C@H]2C(N)=O)sc1-c1ccnc(C(C)(C)C(F)(F)F)c1,CHEMBL2396661,PB,90.0,%,CHEMBL3611498,Binding affinity to human serum albumin by rapid equilibrium dialysis method
Cc1nc(NC(=O)N2CCC[C@H]2C(N)=O)sc1-c1csc(C(C)C)n1,CHEMBL3609536,PB,84.4,%,CHEMBL3611498,Binding affinity to human serum albumin by rapid equilibrium dialysis method
Cc1nc(NC(=O)N2CCC[C@H]2C(N)=O)sc1-c1csc(C2CCC2)n1,CHEMBL3609538,PB,90.8,%,CHEMBL3611498,Binding affinity to human serum albumin by rapid equilibrium dialysis method
CCC(CC)c1nc(-c2sc(NC(=O)N3CCC[C@H]3C(N)=O)nc2C)cs1,CHEMBL3609539,PB,92.2,%,CHEMBL3611498,Binding affinity to human serum albumin by rapid equilibrium dialysis method
Cc1nc(NC(=O)N2CCC[C@H]2C(N)=O)sc1-c1csc(C2(C)CC2)n1,CHEMBL3609540,PB,92.2,%,CHEMBL3611498,Binding affinity to human serum albumin by rapid equilibrium dialysis method
Cc1nc(NC(=O)N2CC[C@@H](C)[C@H]2C(N)=O)sc1-c1csc(C2(C(F)(F)F)CC2)n1,CHEMBL3608927,PB,93.9,%,CHEMBL3611498,Binding affinity to human serum albumin by rapid equilibrium dialysis method
Cc1nc(NC(=O)N2C[C@H](F)C[C@H]2C(N)=O)sc1-c1csc(C(C)(C)C)n1,CHEMBL3608930,PB,92.2,%,CHEMBL3611498,Binding affinity to human serum albumin by rapid equilibrium dialysis method
Cc1nc(NC(=O)N2CC[C@@H]3C[C@@]32C(N)=O)sc1-c1csc(C(C)(C)C)n1,CHEMBL3608936,PB,90.2,%,CHEMBL3611498,Binding affinity to human serum albumin by rapid equilibrium dialysis method
Cc1ncc([N+](=O)[O-])n1CCn1cnc2cc(F)ccc2c1=O,CHEMBL3621600,Kq,0.1,10'12L/mol/s,CHEMBL3626325,Binding affinity to human serum albumin assessed as fluorescence quenching at 10'-5 mol/L by fluorescence spectroscopy analysis
O=C(O)Cc1ccccc1Nc1c(Cl)cccc1Cl,CHEMBL139,PPB,99.8,%,CHEMBL3738634,Protein binding to human serum albumin at 0.5 to 1.5 mg/ml by HPLC method
COc1ccc2c(c1)c(CC(=O)O)c(C)n2C(=O)c1ccc(Cl)cc1,CHEMBL6,PPB,99.0,%,CHEMBL3738634,Protein binding to human serum albumin at 0.5 to 1.5 mg/ml by HPLC method
CC(=O)CC(c1ccccc1)c1c(O)c2ccccc2oc1=O,CHEMBL1464,PPB,98.0,%,CHEMBL3738634,Protein binding to human serum albumin at 0.5 to 1.5 mg/ml by HPLC method
COC(=O)C1=C(C)NC(C)=C(C(=O)OCCN(C)Cc2ccccc2)C1c1cccc([N+](=O)[O-])c1,CHEMBL1484,PPB,95.0,%,CHEMBL3738634,Protein binding to human serum albumin at 0.5 to 1.5 mg/ml by HPLC method
CCCC1O[C@@H]2C[C@H]3[C@@H]4CCC5=CC(=O)C=C[C@]5(C)[C@H]4[C@@H](O)C[C@]3(C)[C@]2(C(=O)CO)O1,CHEMBL1370,PPB,88.0,%,CHEMBL3738634,Protein binding to human serum albumin at 0.5 to 1.5 mg/ml by HPLC method
O=C1CN=C(c2ccccn2)c2cc(Br)ccc2N1,CHEMBL277062,PPB,60.0,%,CHEMBL3738634,Protein binding to human serum albumin at 0.5 to 1.5 mg/ml by HPLC method
CNC(=C[N+](=O)[O-])NCCSCc1csc(CN(C)C)n1,CHEMBL3183075,PPB,35.0,%,CHEMBL3738634,Protein binding to human serum albumin at 0.5 to 1.5 mg/ml by HPLC method
O=C(c1ccc([123I])cc1)N1CCN(C(=O)c2cc(Cc3n[nH]c(=O)c4ccccc34)ccc2F)CC1,CHEMBL3735789,PPB,95.0,%,CHEMBL3738634,Protein binding to human serum albumin at 0.5 to 1.5 mg/ml by HPLC method
O=C(c1cc(Cc2n[nH]c(=O)c3ccccc23)ccc1F)N1CCN(S(=O)(=O)c2ccc(I)cc2)CC1,CHEMBL3736506,PPB,98.4,%,CHEMBL3738634,Protein binding to human serum albumin at 0.5 to 1.5 mg/ml by HPLC method
O=C(COc1ccc(I)cc1)N1CCN(C(=O)c2cc(Cc3n[nH]c(=O)c4ccccc34)ccc2F)CC1,CHEMBL3735519,PPB,98.1,%,CHEMBL3738634,Protein binding to human serum albumin at 0.5 to 1.5 mg/ml by HPLC method
O=C(Cc1cccc(I)c1)N1CCN(C(=O)c2cc(Cc3n[nH]c(=O)c4ccccc34)ccc2F)CC1,CHEMBL3735832,PPB,97.5,%,CHEMBL3738634,Protein binding to human serum albumin at 0.5 to 1.5 mg/ml by HPLC method
COc1ccc(C(=O)N2CCN(C(=O)c3cc(Cc4n[nH]c(=O)c5ccccc45)ccc3F)CC2)cc1I,CHEMBL3735363,PPB,96.5,%,CHEMBL3738634,Protein binding to human serum albumin at 0.5 to 1.5 mg/ml by HPLC method
Cc1ccc(C(=O)N2CCN(C(=O)c3cc(Cc4n[nH]c(=O)c5ccccc45)ccc3F)CC2)cc1I,CHEMBL3735916,PPB,97.6,%,CHEMBL3738634,Protein binding to human serum albumin at 0.5 to 1.5 mg/ml by HPLC method
O=C(c1cccc(I)c1)N1CCN(C(=O)c2cc(Cc3n[nH]c(=O)c4ccccc34)ccc2F)CC1,CHEMBL3736047,PPB,96.1,%,CHEMBL3738634,Protein binding to human serum albumin at 0.5 to 1.5 mg/ml by HPLC method
O=C(c1ccc(I)cc1)N1CCN(C(=O)c2cc(Cc3n[nH]c(=O)c4ccccc34)ccc2F)CC1,CHEMBL3735979,PPB,96.2,%,CHEMBL3738634,Protein binding to human serum albumin at 0.5 to 1.5 mg/ml by HPLC method
O=C(c1cc(Cc2n[nH]c(=O)c3ccccc23)ccc1F)N1CCN(C(=O)C2CC2)CC1,CHEMBL521686,PPB,75.9,%,CHEMBL3738634,Protein binding to human serum albumin at 0.5 to 1.5 mg/ml by HPLC method
O=C(O)Cc1ccccc1Nc1c(Cl)cccc1Cl,CHEMBL139,Ka,0.03,10'5/M,CHEMBL3755871,Binding affinity to human serum albumin assessed as association constant to lower affinity site by HPLC method
O=C(O)Cc1ccccc1Nc1c(Cl)cccc1Cl,CHEMBL139,Ka,0.1,10'6/M,CHEMBL3755870,Binding affinity to human serum albumin assessed as association constant to higher affinity site by HPLC method
O=C(O)Cc1ccccc1Nc1c(Cl)cccc1Cl,CHEMBL139,Ka,0.076,10'5/M,CHEMBL3755868,Binding affinity to human serum albumin by equilibrium dialysis
O=C(/C=C/c1ccccc1)n1c(-c2ccc(Cl)cc2)nc2ccccc21,CHEMBL3770893,K,3.5,10'3/M,CHEMBL3773809,Binding affinity to human serum albumin at 0.25 to 2 uM at 303 K by fluorescence microscopic analysis in the presence of phenylbutazone
O=C(/C=C/c1ccccc1)n1c(-c2ccc(Cl)cc2)nc2ccccc21,CHEMBL3770893,K,5.63,10'3/M,CHEMBL3773808,Binding affinity to human serum albumin at 0.25 to 2 uM at 303 K by fluorescence microscopic analysis in the presence of ibuprofen
O=C(/C=C/c1ccccc1)n1c(-c2ccc(Cl)cc2)nc2ccccc21,CHEMBL3770893,K,5.73,10'3/M,CHEMBL3773810,Binding affinity to human serum albumin at 0.25 to 2 uM at 303 K by fluorescence microscopic analysis in the presence of digitoxin
O=C(/C=C/c1ccccc1)n1c(-c2ccc(Cl)cc2)nc2ccccc21,CHEMBL3770893,KSV,2.03,10'5L/mol,CHEMBL3773811,Binding affinity to human serum albumin assessed Stern-Volmer quenching constant at 0.25 to 2 uM at 288 K by fluorescence microscopic analysis
O=C(/C=C/c1ccccc1)n1c(-c2ccc(Cl)cc2)nc2ccccc21,CHEMBL3770893,KSV,1.37,10'5L/mol,CHEMBL3773812,Binding affinity to human serum albumin assessed Stern-Volmer quenching constant at 0.25 to 2 uM at 298 K by fluorescence microscopic analysis
O=C(/C=C/c1ccccc1)n1c(-c2ccc(Cl)cc2)nc2ccccc21,CHEMBL3770893,KSV,1.14,10'5L/mol,CHEMBL3773813,Binding affinity to human serum albumin assessed Stern-Volmer quenching constant at 0.25 to 2 uM at 308 K by fluorescence microscopic analysis
O=C(/C=C/c1ccccc1)n1c(-c2ccc(Cl)cc2)nc2ccccc21,CHEMBL3770893,K,2.24,10'5/mol,CHEMBL3773814,Binding affinity to human serum albumin at 0.25 to 2 uM at 288 K by fluorescence microscopic analysis
O=C(/C=C/c1ccccc1)n1c(-c2ccc(Cl)cc2)nc2ccccc21,CHEMBL3770893,K,3.2,10'4/mol,CHEMBL3773815,Binding affinity to human serum albumin at 0.25 to 2 uM at 298 K by fluorescence microscopic analysis
O=C(/C=C/c1ccccc1)n1c(-c2ccc(Cl)cc2)nc2ccccc21,CHEMBL3770893,K,6.27,10'3/mol,CHEMBL3773816,Binding affinity to human serum albumin at 0.25 to 2 uM at 308 K by fluorescence microscopic analysis
O=C(/C=C/c1ccccc1)n1c(-c2ccc(Cl)cc2)nc2ccccc21,CHEMBL3770893,K,5.68,10'3/mol,CHEMBL3773817,Binding affinity to human serum albumin at 0.25 to 2 uM at 303 K by fluorescence microscopic analysis in the absence of site probes
O=C(/C=C/c1ccccc1)n1c(-c2ccc(Cl)cc2)nc2ccccc21,CHEMBL3770893,K,5.68,10'3/mol,CHEMBL3773818,Binding affinity to human serum albumin assessed as fluorescence quenching in steady state at 0.25 uM at 303 K by fluorescence microscopic analysis
O=C(/C=C/c1ccccc1)n1c(-c2ccc(Cl)cc2)nc2ccccc21,CHEMBL3770893,K,4.09,10'3/mol,CHEMBL3773819,Binding affinity to human serum albumin at 0.25 uM at 303 K by fluorescence microscopic analysis in the presence of Co2+
O=C(/C=C/c1ccccc1)n1c(-c2ccc(Cl)cc2)nc2ccccc21,CHEMBL3770893,K,2.44,10'3/mol,CHEMBL3773820,Binding affinity to human serum albumin at 0.25 uM at 303 K by fluorescence microscopic analysis in the presence of Cu2+
O=C(/C=C/c1ccccc1)n1c(-c2ccc(Cl)cc2)nc2ccccc21,CHEMBL3770893,K,4.21,10'3/mol,CHEMBL3773821,Binding affinity to human serum albumin at 0.25 uM at 303 K by fluorescence microscopic analysis in the presence of K+
O=C(/C=C/c1ccccc1)n1c(-c2ccc(Cl)cc2)nc2ccccc21,CHEMBL3770893,K,3.85,10'3/mol,CHEMBL3773822,Binding affinity to human serum albumin at 0.25 uM at 303 K by fluorescence microscopic analysis in the presence of Mn2+
O=C(/C=C/c1ccccc1)n1c(-c2ccc(Cl)cc2)nc2ccccc21,CHEMBL3770893,K,5.35,10'3/mol,CHEMBL3773824,Binding affinity to human serum albumin at 0.25 uM at 303 K by fluorescence microscopic analysis in the presence of Ni2+
O=C(/C=C/c1ccccc1)n1c(-c2ccc(Cl)cc2)nc2ccccc21,CHEMBL3770893,K,2.26,10'3/mol,CHEMBL3773825,Binding affinity to human serum albumin at 0.25 uM at 303 K by fluorescence microscopic analysis in the presence of Zn2+
CCCCCC1=C/C(=C\c2[nH]c(-c3ccc[nH]3)cc2OC)N=C1C,CHEMBL1996518,Activity,82.0,%,CHEMBL3773311,Binding affinity to human serum albumin assessed as quenching of protein-compound complex at protein/compound molar ratio of 7 at 300 K after 10 mins by fluorescence assay
CCCCCC1=C/C(=C\c2[nH]c(-c3ccc[nH]3)cc2OC)N=C1C,CHEMBL1996518,Activity,78.0,%,CHEMBL3773310,Binding affinity to human serum albumin assessed as quenching of protein-compound complex at protein/compound molar ratio of 7 at 290 K after 10 mins by fluorescence assay
CCCCCC1=C/C(=C\c2[nH]c(-c3ccc[nH]3)cc2OC)N=C1C,CHEMBL1996518,Activity,90.0,%,CHEMBL3773309,Binding affinity to human serum albumin assessed as quenching of protein-compound complex at protein/compound molar ratio of 4 at 310 K after 10 mins by fluorescence assay
CCCCCC1=C/C(=C\c2[nH]c(-c3ccc[nH]3)cc2OC)N=C1C,CHEMBL1996518,Activity,85.0,%,CHEMBL3773308,Binding affinity to human serum albumin assessed as quenching of protein-compound complex at protein/compound molar ratio of 7 at 300 to 310 K after 10 mins by fluorescence assay
CCCCCC1=C/C(=C\c2[nH]c(-c3ccc[nH]3)cc2OC)N=C1C,CHEMBL1996518,Activity,80.0,%,CHEMBL3773303,Binding affinity to human serum albumin assessed as quenching of protein-compound complex at protein/compound molar ratio of 5 at 290 K after 10 mins by fluorescence assay
CCCCCC1=C/C(=C\c2[nH]c(-c3ccc[nH]3)cc2OC)N=C1C,CHEMBL1996518,Kb,3.396,10'4mol/L,CHEMBL3773150,Binding affinity to human serum albumin at 310 K after 10 mins by fluorescence assay
CCCCCC1=C/C(=C\c2[nH]c(-c3ccc[nH]3)cc2OC)N=C1C,CHEMBL1996518,Kb,4.408,10'4mol/L,CHEMBL3773149,Binding affinity to human serum albumin at 300 K after 10 mins by fluorescence assay
CCCCCC1=C/C(=C\c2[nH]c(-c3ccc[nH]3)cc2OC)N=C1C,CHEMBL1996518,Kb,4.845,10'4mol/L,CHEMBL3773148,Binding affinity to human serum albumin at 290 K after 10 mins by fluorescence assay
CCCCCC1=C/C(=C\c2[nH]c(-c3ccc[nH]3)cc2OC)N=C1C,CHEMBL1996518,Kq,4.043,10'12/M/s,CHEMBL3773144,Binding affinity to human serum albumin assessed as bimolecular quenching rate constant at 310 K after 10 mins by fluorescence assay
CCCCCC1=C/C(=C\c2[nH]c(-c3ccc[nH]3)cc2OC)N=C1C,CHEMBL1996518,Kq,6.891,10'12/M/s,CHEMBL3773143,Binding affinity to human serum albumin assessed as bimolecular quenching rate constant at 300 K after 10 mins by fluorescence assay
CCCCCC1=C/C(=C\c2[nH]c(-c3ccc[nH]3)cc2OC)N=C1C,CHEMBL1996518,Kq,8.14,10'12/M/s,CHEMBL3773142,Binding affinity to human serum albumin assessed as bimolecular quenching rate constant at 290 K after 10 mins by fluorescence assay
CCCCCC1=C/C(=C\c2[nH]c(-c3ccc[nH]3)cc2OC)N=C1C,CHEMBL1996518,KSV,4.043,10'4/M,CHEMBL3773138,Binding affinity to human serum albumin assessed as Stern-Volmer quenching constant at 310 K after 10 mins by fluorescence assay
CCCCCC1=C/C(=C\c2[nH]c(-c3ccc[nH]3)cc2OC)N=C1C,CHEMBL1996518,KSV,6.891,10'4/M,CHEMBL3773137,Binding affinity to human serum albumin assessed as Stern-Volmer quenching constant at 300 K after 10 mins by fluorescence assay
CCCCCC1=C/C(=C\c2[nH]c(-c3ccc[nH]3)cc2OC)N=C1C,CHEMBL1996518,KSV,8.14,10'4/M,CHEMBL3773136,Binding affinity to human serum albumin assessed as Stern-Volmer quenching constant at 290 K after 10 mins by fluorescence assay
C=C1C(=O)O[C@@H]2C3O[C@]3(C)CC/C=C(\C)CC[C@@H]12,CHEMBL4298697,t1/2,37.0,min,CHEMBL3824889,Binding affinity to human serum albumin assessed as half life by MS analysis
C=C1CC2(OC1=O)C(=O)Nc1ccccc12,CHEMBL3823943,t1/2,290.0,min,CHEMBL3824890,Binding affinity to human serum albumin assessed as half life by HPLC analysis
C=C1C(=O)O[C@@H]2C3O[C@]3(C)CC/C=C(\C)CC[C@@H]12,CHEMBL4298697,t1/2,66.0,min,CHEMBL3824890,Binding affinity to human serum albumin assessed as half life by HPLC analysis
CCn1cc(-c2csc(N)n2)c(=O)c2cc(N3CCCC3)c(Cl)cc21,CHEMBL3824037,KSV,1.43,10'-4L/mol,CHEMBL3826230,Binding affinity to human serum albumin assessed as Stern-Volmer constant at pH 7.4 at 298 K by fluorescence spectroscopic analysis
CCn1cc(-c2csc(N)n2)c(=O)c2cc(N3CCCC3)c(Cl)cc21,CHEMBL3824037,KSV,1.39,10'-4L/mol,CHEMBL3826231,Binding affinity to human serum albumin assessed as Stern-Volmer constant at pH 7.4 at 303 K by fluorescence spectroscopic analysis
CCn1cc(-c2csc(N)n2)c(=O)c2cc(N3CCCC3)c(Cl)cc21,CHEMBL3824037,KSV,1.26,10'-4L/mol,CHEMBL3826232,Binding affinity to human serum albumin assessed as Stern-Volmer constant at pH 7.4 at 310 K by fluorescence spectroscopic analysis
CCn1cc(-c2csc(N)n2)c(=O)c2cc(N3CCCC3)c(Cl)cc21,CHEMBL3824037,Ka,1.47,10'5L/mol,CHEMBL3826233,Binding affinity to human serum albumin at pH 7.4 at 288 K by Stern-Volmer plot analysis
CCn1cc(-c2csc(N)n2)c(=O)c2cc(N3CCCC3)c(Cl)cc21,CHEMBL3824037,Ka,1.39,10'5L/mol,CHEMBL3826234,Binding affinity to human serum albumin at pH 7.4 at 303 K by Stern-Volmer plot analysis
CCn1cc(-c2csc(N)n2)c(=O)c2cc(N3CCCC3)c(Cl)cc21,CHEMBL3824037,Ka,1.37,10'5L/mol,CHEMBL3826235,Binding affinity to human serum albumin at pH 7.4 at 310 K by Stern-Volmer plot analysis
CCn1cc(-c2csc(N)n2)c(=O)c2cc(N3CCCC3)c(Cl)cc21,CHEMBL3824037,Kb,0.726,10'5L/mol,CHEMBL3826236,Binding affinity to human serum albumin at pH 7.4 at 288 K by Scatchard plot analysis
CCn1cc(-c2csc(N)n2)c(=O)c2cc(N3CCCC3)c(Cl)cc21,CHEMBL3824037,Kb,0.701,10'5L/mol,CHEMBL3826237,Binding affinity to human serum albumin at pH 7.4 at 303 K by Scatchard plot analysis
CCn1cc(-c2csc(N)n2)c(=O)c2cc(N3CCCC3)c(Cl)cc21,CHEMBL3824037,Kb,0.656,10'5L/mol,CHEMBL3826238,Binding affinity to human serum albumin at pH 7.4 at 310 K by Scatchard plot analysis
CC(O)(COc1cc(C(F)(F)F)cc(C(F)(F)F)c1)C(=O)Nc1ccc(C#N)c(C(F)(F)F)c1,CHEMBL3828412,PB,94.7,%,CHEMBL3829952,Binding affinity to human serum albumin at 5 uM by equilibrium dialysis based LC-MS/MS analysis
CC(O)(CS(=O)(=O)c1ccccc1OC(F)(F)F)C(=O)Nc1cc(C(F)(F)F)cc(C(F)(F)F)c1,CHEMBL3828065,PB,78.3,%,CHEMBL3829952,Binding affinity to human serum albumin at 5 uM by equilibrium dialysis based LC-MS/MS analysis
C[C@](O)(CS(=O)(=O)c1cc(C(F)(F)F)cc(C(F)(F)F)c1)C(=O)Nc1ccc(C#N)c(C(F)(F)F)c1,CHEMBL3827266,PB,99.9,%,CHEMBL3829952,Binding affinity to human serum albumin at 5 uM by equilibrium dialysis based LC-MS/MS analysis
CC1(C)C(=O)N(c2ccc([N+](=O)[O-])cc2C(F)(F)F)C(=S)N1c1cc(C(F)(F)F)cc(C(F)(F)F)c1,CHEMBL3827111,PB,99.9,%,CHEMBL3829952,Binding affinity to human serum albumin at 5 uM by equilibrium dialysis based LC-MS/MS analysis
CCCCCCCC/C=C\CCCCCCCc1nnc(C)o1,CHEMBL3976613,Kb,2.95,10'3/M,CHEMBL3866040,Binding affinity to human serum albumin assessed as binding constant in steady state at 298K and pH 7.4 by fluorescence spectroscopy
CCCCCCCC/C=C\CCCCCCCc1nnc(C)o1,CHEMBL3976613,Kq,6.4,10'11/M/s,CHEMBL3866039,Binding affinity to human serum albumin assessed as quenching constant in steady state at 298K and pH 7.4 by fluorescence spectroscopy
CCCCCCCC/C=C\CCCCCCCc1nnc(C)o1,CHEMBL3976613,KSV,3.6,10'3/M,CHEMBL3866038,Binding affinity to human serum albumin assessed as Stern-Volmer quenching constant in steady state at 298K and pH 7.4 by fluorescence spectroscopy
CCCCCCCC/C=C\CCCCCCCc1nnc(C)o1,CHEMBL3976613,Activity,0.03,,CHEMBL3866037,Binding affinity to human serum albumin assessed as absorbance at 280 nanometer at 50 and 100 uM by UV-vis spectroscopy
N[C@@H](Cc1ccccc1)C(=O)N1CCN(c2nc(N3CCOCC3)nc(-n3c(C(F)F)nc4ccccc43)n2)CC1,CHEMBL2322664,PB,97.0,%,CHEMBL3866443,Protein binding to human serum albumin by HPLC analysis
CC(C)(O)c1cn(-c2ccc(-c3cccc(S(C)(=O)=O)c3)cc2)c(C(C)(C)c2ccccc2Cl)n1,CHEMBL3360975,PB,97.0,%,CHEMBL3868536,Binding affinity to human serum albumin at 1 uM measured after 4 hrs by equilibrium dialysis method relative to control
CC(C)(O)c1cn(-c2ccc(-c3cccc(S(C)(=O)=O)c3)cc2)c(C(C)(C)c2c(Cl)cccc2Cl)n1,CHEMBL3890276,PB,97.9,%,CHEMBL3868536,Binding affinity to human serum albumin at 1 uM measured after 4 hrs by equilibrium dialysis method relative to control
CC(C)(O)c1cn(-c2ccc(-c3ccc(CO)c(S(C)(=O)=O)c3)cc2)c(C(C)(C)c2ccccc2Cl)n1,CHEMBL3913162,PB,96.1,%,CHEMBL3868536,Binding affinity to human serum albumin at 1 uM measured after 4 hrs by equilibrium dialysis method relative to control
CC(C)(O)c1cn(-c2ccc(-c3cc(F)c(CO)c(S(C)(=O)=O)c3)cc2)c(C(C)(C)c2ccccc2Cl)n1,CHEMBL3944154,PB,95.5,%,CHEMBL3868536,Binding affinity to human serum albumin at 1 uM measured after 4 hrs by equilibrium dialysis method relative to control
CC(C)(O)c1cn(-c2ccc(-c3cc(F)c(CO)c(S(C)(=O)=O)c3)cc2)c(C(C)(C)c2cccc(F)c2Cl)n1,CHEMBL3953927,PB,94.4,%,CHEMBL3868536,Binding affinity to human serum albumin at 1 uM measured after 4 hrs by equilibrium dialysis method relative to control
CC(C)(O)c1cn(-c2ccc(-c3cc(F)c(CO)c(S(C)(=O)=O)c3)cc2F)c(C(C)(C)c2c(Cl)cccc2Cl)n1,CHEMBL3945199,PB,96.6,%,CHEMBL3868536,Binding affinity to human serum albumin at 1 uM measured after 4 hrs by equilibrium dialysis method relative to control
O=C(O)CCn1ncc2ccc(Cl)cc21,CHEMBL4060545,Activity,93.6,%,CHEMBL4012396,Binding affinity to human serum albumin by HPLC analysis
O=C(O)CCn1c(=O)oc2ccc(Cl)cc21,CHEMBL4061977,Activity,90.8,%,CHEMBL4012396,Binding affinity to human serum albumin by HPLC analysis
NC(CO)(CO)CO.O=C(O)CCc1noc2ccc(Cl)cc12,CHEMBL4082172,Activity,97.3,%,CHEMBL4012396,Binding affinity to human serum albumin by HPLC analysis
Cc1cc(Cl)cc2[nH]c(=O)oc12.NC(CO)(CO)CO,CHEMBL4064480,Activity,94.7,%,CHEMBL4012396,Binding affinity to human serum albumin by HPLC analysis
Cc1cc2oc(=O)[nH]c2cc1Cl.NC(CO)(CO)CO,CHEMBL4064834,Activity,95.0,%,CHEMBL4012396,Binding affinity to human serum albumin by HPLC analysis
Oc1nc2cc(Cl)c(Cl)cc2o1,CHEMBL1881960,Activity,96.3,%,CHEMBL4012396,Binding affinity to human serum albumin by HPLC analysis
N#Cc1cc2oc(=O)n(CCC(=O)O)c2cc1Cl,CHEMBL4069680,Activity,78.2,%,CHEMBL4012396,Binding affinity to human serum albumin by HPLC analysis
NC(CO)(CO)CO.O=C(O)CCn1c(=O)oc2cc(C(F)(F)F)c(Cl)cc21,CHEMBL4075968,Activity,96.9,%,CHEMBL4012396,Binding affinity to human serum albumin by HPLC analysis
CCc1cc2oc(=O)n(CCC(=O)O)c2cc1Cl.NC(CO)(CO)CO,CHEMBL4082723,Activity,97.4,%,CHEMBL4012396,Binding affinity to human serum albumin by HPLC analysis
CC(C)c1cc2oc(=O)n(CCC(=O)O)c2cc1Cl.NC(CO)(CO)CO,CHEMBL4060848,Activity,98.6,%,CHEMBL4012396,Binding affinity to human serum albumin by HPLC analysis
COc1cc2oc(=O)n(CCC(=O)O)c2cc1Cl,CHEMBL4061355,Activity,89.0,%,CHEMBL4012396,Binding affinity to human serum albumin by HPLC analysis
CCOc1cc2oc(=O)n(CCC(=O)O)c2cc1Cl.NC(CO)(CO)CO,CHEMBL4071986,Activity,88.7,%,CHEMBL4012396,Binding affinity to human serum albumin by HPLC analysis
CC(C)Oc1cc2oc(=O)n(CCC(=O)O)c2cc1Cl.NC(CO)(CO)CO,CHEMBL4078673,Activity,92.2,%,CHEMBL4012396,Binding affinity to human serum albumin by HPLC analysis
NC(CO)(CO)CO.O=C(O)CCn1c(=O)oc2cc(OC3CC3)c(Cl)cc21,CHEMBL4096688,Activity,94.3,%,CHEMBL4012396,Binding affinity to human serum albumin by HPLC analysis
C=C(C(=O)OCC)C(O)c1ccccc1Cl,CHEMBL2047937,PB,65.0,%,CHEMBL4015417,Binding affinity to human serum albumin after 5 mins by RP-UHPLC analysis
O=C(O)c1cc(-c2ccc(F)cc2F)ccc1O,CHEMBL898,Kd,3.0,uM,CHEMBL4018845,Binding affinity to human serum albumin
COc1ccc2c(c1)c(CC(=O)O)c(C)n2C(=O)c1ccc(Cl)cc1,CHEMBL6,Kd,0.7,uM,CHEMBL4018845,Binding affinity to human serum albumin
CC(=O)O[C@H]1C[C@H]2[C@@H]([C@H](OC(C)=O)C[C@@H]3C[C@H](N)CC[C@@]32C)[C@@H]2CC[C@H]([C@H](C)CCCNCCCCNc3ccnc4cc(Cl)ccc34)[C@@]12C,CHEMBL4092633,KSV,4.56,10'-4M,CHEMBL4028714,Binding affinity to human serum albumin assessed as stem-volmer quenching constant by spectrofluorimetric method
O=C(C1CCCCC1)N1CC(=O)N2CCc3ccccc3C2C1,CHEMBL976,PB,78.0,%,CHEMBL4035537,Binding affinity to albumin (unknown origin)
COc1ccc(CN2CCCN(Cc3ccccc3)[C@@H](C)C2)cc1,CHEMBL4086541,PB,1.6,%,CHEMBL4044934,Binding affinity to human serum albumin at 60 uM
COc1cccc2c1c(NS(=O)(=O)c1cccc(Cl)c1Cl)nn2C,CHEMBL3310825,PB,97.7,%,CHEMBL4045594,Binding affinity to HSA
COc1nn(C)c2ncnc(NS(=O)(=O)c3cccc(Cl)c3Cl)c12,CHEMBL4060413,PB,98.5,%,CHEMBL4045594,Binding affinity to HSA
COc1nn(C)c2ncnc(NS(=O)(=O)c3ccc(Cl)s3)c12,CHEMBL4071299,PB,97.7,%,CHEMBL4045594,Binding affinity to HSA
O=c1c2ccccc2nc2n1CCc1c-2[nH]c2ccccc12,CHEMBL85139,Ka,1.0,uM,CHEMBL4047723,Binding affinity to human serum albumin by affinity chromatographic method
CN1CC[C@H](c2c(O)cc(O)c3c(=O)cc(/C=C/c4c(Cl)cccc4Cl)oc23)[C@H](O)C1,CHEMBL4079206,PB,96.7,%,CHEMBL4048403,Binding affinity to human serum albumin
Cc1[nH]c(C)c(-c2ccc(OCc3ccc(OC(F)(F)F)cc3)nc2)c(=O)c1Br,CHEMBL549246,PB,97.0,%,CHEMBL4048943,Binding affinity to human serum albumin by HPLC method
Cc1[nH]c(C)c(-c2ccc(OCc3ccc(OC(F)(F)F)cc3)nc2)c(=O)c1Cl,CHEMBL580059,PB,97.0,%,CHEMBL4048943,Binding affinity to human serum albumin by HPLC method
Cc1[nH]c(C)c(-c2ccc(-c3ccc(OC(F)(F)F)cc3)nc2)c(=O)c1Br,CHEMBL528047,PB,96.0,%,CHEMBL4048943,Binding affinity to human serum albumin by HPLC method
Cc1[nH]c(C)c(-c2ccc(-c3ccc(OC(F)(F)F)cc3)nc2)c(=O)c1Cl,CHEMBL528387,PB,96.0,%,CHEMBL4048943,Binding affinity to human serum albumin by HPLC method
Cc1[nH]c(C)c(-c2ccc(-c3ccc(C(F)(F)F)cc3)nc2)c(=O)c1Cl,CHEMBL4095969,PB,95.0,%,CHEMBL4048943,Binding affinity to human serum albumin by HPLC method
Cc1[nH]c(C)c(-c2ccc(-c3cccc(C(F)(F)F)c3)nc2)c(=O)c1Cl,CHEMBL4077925,PB,95.0,%,CHEMBL4048943,Binding affinity to human serum albumin by HPLC method
Cc1[nH]c(C)c(-c2ccc(-c3ccc(C(F)(F)F)cc3Cl)nc2)c(=O)c1Cl,CHEMBL4074557,PB,95.0,%,CHEMBL4048943,Binding affinity to human serum albumin by HPLC method
Cc1[nH]c(C)c(-c2ccc(-c3ccc(C(F)(F)F)cc3F)nc2)c(=O)c1Cl,CHEMBL4101275,PB,95.0,%,CHEMBL4048943,Binding affinity to human serum albumin by HPLC method
Cc1[nH]c(CO)c(-c2ccc(-c3ccc(OC(F)(F)F)cc3)nc2)c(=O)c1Cl,CHEMBL4060998,PB,95.0,%,CHEMBL4048943,Binding affinity to human serum albumin by HPLC method
Cc1[nH]c(CO)c(-c2ccc(-c3ccc(C(F)(F)F)cc3F)nc2)c(=O)c1Cl,CHEMBL4089175,PB,94.0,%,CHEMBL4048943,Binding affinity to human serum albumin by HPLC method
O=C(O)CCn1c(=O)oc2cc(Cl)c(Cl)cc21,CHEMBL4092205,PB,96.3,%,CHEMBL4051434,Binding affinity to human serum albumin by HPLC analysis
Cc1cc2oc(=O)n(CCC(=O)O)c2cc1Cl.NC(CO)(CO)CO,CHEMBL4076415,PB,95.0,%,CHEMBL4051434,Binding affinity to human serum albumin by HPLC analysis
CCc1cc2oc(=O)n(CCC(=O)O)c2cc1Cl.NC(CO)(CO)CO,CHEMBL4082723,PB,97.4,%,CHEMBL4051434,Binding affinity to human serum albumin by HPLC analysis
CC(C)Cc1cc2oc(=O)n(CCC(=O)O)c2cc1Cl.NC(CO)(CO)CO,CHEMBL4063199,PB,99.2,%,CHEMBL4051434,Binding affinity to human serum albumin by HPLC analysis
COc1cc2oc(=O)n(CCC(=O)O)c2cc1Cl,CHEMBL4061355,PB,89.0,%,CHEMBL4051434,Binding affinity to human serum albumin by HPLC analysis
CCOc1cc2oc(=O)n(CCC(=O)O)c2cc1Cl.NC(CO)(CO)CO,CHEMBL4071986,PB,88.7,%,CHEMBL4051434,Binding affinity to human serum albumin by HPLC analysis
NC(CO)(CO)CO.O=C(O)CCn1c(=O)oc2cc(OC3CC3)c(Cl)cc21,CHEMBL4096688,PB,94.3,%,CHEMBL4051434,Binding affinity to human serum albumin by HPLC analysis
NC(CO)(CO)CO.O=C(O)CCn1c(=O)oc2cc(OCC3CC3)c(Cl)cc21,CHEMBL4079327,PB,96.2,%,CHEMBL4051434,Binding affinity to human serum albumin by HPLC analysis
NC(CO)(CO)CO.O=C(O)CCn1c(=O)oc2cc(OCC3CCC3)c(Cl)cc21,CHEMBL4089633,PB,98.1,%,CHEMBL4051434,Binding affinity to human serum albumin by HPLC analysis
COCCOc1cc2oc(=O)n(CCC(=O)O)c2cc1Cl.NC(CO)(CO)CO,CHEMBL4068504,PB,44.2,%,CHEMBL4051434,Binding affinity to human serum albumin by HPLC analysis
NC(CO)(CO)CO.O=C(O)CCn1c(=O)oc2cc(OCCN3CCCC3)c(Cl)cc21,CHEMBL4081757,PB,15.1,%,CHEMBL4051434,Binding affinity to human serum albumin by HPLC analysis
NC(CO)(CO)CO.O=C(O)CCn1c(=O)oc2cc(OCc3ccccc3)c(Cl)cc21,CHEMBL4059840,PB,98.3,%,CHEMBL4051434,Binding affinity to human serum albumin by HPLC analysis
NC(CO)(CO)CO.O=C(O)CCn1c(=O)oc2cc(OCc3ccccn3)c(Cl)cc21,CHEMBL4076924,PB,87.4,%,CHEMBL4051434,Binding affinity to human serum albumin by HPLC analysis
CC(Oc1cc2oc(=O)n(CCC(=O)O)c2cc1Cl)c1ccccn1.NC(CO)(CO)CO,CHEMBL4103315,PB,87.1,%,CHEMBL4051434,Binding affinity to human serum albumin by HPLC analysis
C[C@@H](Oc1cc2oc(=O)n(CCC(=O)O)c2cc1Cl)c1ccccn1.NC(CO)(CO)CO,CHEMBL4070050,PB,93.3,%,CHEMBL4051434,Binding affinity to human serum albumin by HPLC analysis
C[C@H](Oc1cc2oc(=O)n(CCC(=O)O)c2cc1Cl)c1ccccn1.NC(CO)(CO)CO,CHEMBL4075981,PB,91.6,%,CHEMBL4051434,Binding affinity to human serum albumin by HPLC analysis
C[C@@H](Oc1cc2oc(=O)n(CCC(=O)O)c2cc1Cl)c1ncco1.NC(CO)(CO)CO,CHEMBL4075380,PB,77.3,%,CHEMBL4051434,Binding affinity to human serum albumin by HPLC analysis
C[C@@H](Oc1cc2oc(=O)n(CCC(=O)O)c2cc1Cl)c1ncccn1.NC(CO)(CO)CO,CHEMBL4071903,PB,59.1,%,CHEMBL4051434,Binding affinity to human serum albumin by HPLC analysis
C[C@@H](Oc1cc2oc(=O)n(CCC(=O)O)c2cc1Cl)c1cccnn1,CHEMBL3634602,PB,59.1,%,CHEMBL4051434,Binding affinity to human serum albumin by HPLC analysis
Cc1ccnc([C@@H](C)Oc2cc3oc(=O)n(CCC(=O)O)c3cc2Cl)c1.NC(CO)(CO)CO,CHEMBL4075695,PB,94.4,%,CHEMBL4051434,Binding affinity to human serum albumin by HPLC analysis
C[C@@H](Oc1cc2oc(=O)n(CCC(=O)O)c2cc1Cl)c1ccc(Cl)cn1.NC(CO)(CO)CO,CHEMBL4086792,PB,97.9,%,CHEMBL4051434,Binding affinity to human serum albumin by HPLC analysis
C[C@@H](Oc1cc2oc(=O)n(CCC(=O)O)c2cc1Cl)c1ccc(F)cn1.NC(CO)(CO)CO,CHEMBL4077245,PB,94.0,%,CHEMBL4051434,Binding affinity to human serum albumin by HPLC analysis
Cc1cccc([C@@H](C)Oc2cc3oc(=O)n(CCC(=O)O)c3cc2Cl)n1.NC(CO)(CO)CO,CHEMBL4072423,PB,93.2,%,CHEMBL4051434,Binding affinity to human serum albumin by HPLC analysis
Cc1ccc([C@@H](C)Oc2cc3onc(CCC(=O)O)c3cc2Cl)nc1.NC(CO)(CO)CO,CHEMBL4062730,PB,98.4,%,CHEMBL4051434,Binding affinity to human serum albumin by HPLC analysis
C[C@@H](Oc1cc2onc(CCC(=O)O)c2cc1Cl)c1ccc(Cl)cn1.NC(CO)(CO)CO,CHEMBL4071379,PB,99.0,%,CHEMBL4051434,Binding affinity to human serum albumin by HPLC analysis
C[C@@H](Oc1cc2onc(CCC(=O)O)c2cc1Cl)c1ccc(F)cn1,CHEMBL4099913,PB,98.3,%,CHEMBL4051434,Binding affinity to human serum albumin by HPLC analysis
Cc1ccc([C@@H](C)Oc2cc3onc(CCC(=O)O)c3cc2Cl)nn1,CHEMBL4081917,PB,89.2,%,CHEMBL4051434,Binding affinity to human serum albumin by HPLC analysis
CC(=O)Nc1ccc(S(=O)(=O)Cc2nc3ccccc3n2Cc2ccc(F)cc2)cc1,CHEMBL4170702,KSV,3.26,10'4L/mol,CHEMBL4139067,Binding affinity to human serum albumin assessed as Stern-Volmer quenching constant at 273 K by fluorescence spectroscopic analysis
CC(=O)Nc1ccc(S(=O)(=O)Cc2nc3ccccc3n2Cc2ccc(F)cc2)cc1,CHEMBL4170702,Kq,5.09,10'12L/mol/s,CHEMBL4139068,Binding affinity to human serum albumin assessed as quenching constant at 273 K by fluorescence spectroscopic analysis
CC(=O)Nc1ccc(S(=O)(=O)Cc2nc3ccccc3n2Cc2ccc(F)cc2)cc1,CHEMBL4170702,Ka,5.43,10'-4L/mol,CHEMBL4139069,Binding affinity to human serum albumin at 273 K by modified Stern-Volmer method
CC(=O)Nc1ccc(S(=O)(=O)Cc2nc3ccccc3n2Cc2ccc(Cl)cc2Cl)cc1,CHEMBL4159453,Ka,1.11,10'-4L/mol,CHEMBL4139069,Binding affinity to human serum albumin at 273 K by modified Stern-Volmer method
CC(=O)Nc1ccc(S(=O)(=O)Cc2nc3ccccc3n2Cc2ccc(F)cc2)cc1,CHEMBL4170702,Kb,7.86,10'-4L/mol,CHEMBL4139070,Binding affinity to human serum albumin at 273 K by scatchard plot analysis
CC(=O)Nc1ccc(S(=O)(=O)Cc2nc3ccccc3n2Cc2ccc(Cl)cc2Cl)cc1,CHEMBL4159453,Kb,6.56,10'-4L/mol,CHEMBL4139070,Binding affinity to human serum albumin at 273 K by scatchard plot analysis
CC(=O)Nc1ccc(S(=O)(=O)Cc2nc3ccccc3n2Cc2ccc(F)cc2)cc1,CHEMBL4170702,deltaH,-1.757,kJ/mol,CHEMBL4139071,Binding affinity to human serum albumin assessed as change in enthalpy at 273 K by van't Hoff plot analysis
CC(=O)Nc1ccc(S(=O)(=O)Cc2nc3ccccc3n2Cc2ccc(Cl)cc2Cl)cc1,CHEMBL4159453,deltaH,-0.82,kJ/mol,CHEMBL4139071,Binding affinity to human serum albumin assessed as change in enthalpy at 273 K by van't Hoff plot analysis
CC(=O)Nc1ccc(S(=O)(=O)Cc2nc3ccccc3n2Cc2ccc(F)cc2)cc1,CHEMBL4170702,deltaG,-24.31,kJ/mol,CHEMBL4139072,Binding affinity to human serum albumin assessed as Gibbs free energy change at 273 K by van't Hoff plot analysis
CC(=O)Nc1ccc(S(=O)(=O)Cc2nc3ccccc3n2Cc2ccc(Cl)cc2Cl)cc1,CHEMBL4159453,deltaG,-21.139,kJ/mol,CHEMBL4139072,Binding affinity to human serum albumin assessed as Gibbs free energy change at 273 K by van't Hoff plot analysis
CC(=O)Nc1ccc(S(=O)(=O)Cc2nc3ccccc3n2Cc2ccc(F)cc2)cc1,CHEMBL4170702,deltaS,82.61,J/mol/K,CHEMBL4139073,Binding affinity to human serum albumin assessed as change in entropy at 273 K by van't Hoff plot analysis
CC(=O)Nc1ccc(S(=O)(=O)Cc2nc3ccccc3n2Cc2ccc(Cl)cc2Cl)cc1,CHEMBL4159453,deltaS,74.429,J/mol/K,CHEMBL4139073,Binding affinity to human serum albumin assessed as change in entropy at 273 K by van't Hoff plot analysis
CC(=O)Nc1ccc(S(=O)(=O)Cc2nc3ccccc3n2Cc2ccc(Cl)cc2Cl)cc1,CHEMBL4159453,KSV,5.25,10'4L/mol,CHEMBL4139067,Binding affinity to human serum albumin assessed as Stern-Volmer quenching constant at 273 K by fluorescence spectroscopic analysis
CC(=O)Nc1ccc(S(=O)(=O)Cc2nc3ccccc3n2Cc2ccc(Cl)cc2Cl)cc1,CHEMBL4159453,Kq,8.2,10'12L/mol/s,CHEMBL4139068,Binding affinity to human serum albumin assessed as quenching constant at 273 K by fluorescence spectroscopic analysis
CC(=O)Nc1ccc(S(=O)(=O)Cc2nc3ccccc3n2Cc2ccc(F)cc2)cc1,CHEMBL4170702,KSV,2.2,10'4L/mol,CHEMBL4139075,Binding affinity to human serum albumin assessed as Stern-Volmer quenching constant at 293 K by fluorescence spectroscopic analysis
CC(=O)Nc1ccc(S(=O)(=O)Cc2nc3ccccc3n2Cc2ccc(Cl)cc2Cl)cc1,CHEMBL4159453,KSV,4.08,10'4L/mol,CHEMBL4139075,Binding affinity to human serum albumin assessed as Stern-Volmer quenching constant at 293 K by fluorescence spectroscopic analysis
CC(=O)Nc1ccc(S(=O)(=O)Cc2nc3ccccc3n2Cc2ccc(F)cc2)cc1,CHEMBL4170702,KSV,1.83,10'4L/mol,CHEMBL4139076,Binding affinity to human serum albumin assessed as Stern-Volmer quenching constant at 313 K by fluorescence spectroscopic analysis
CC(=O)Nc1ccc(S(=O)(=O)Cc2nc3ccccc3n2Cc2ccc(Cl)cc2Cl)cc1,CHEMBL4159453,KSV,3.02,10'4L/mol,CHEMBL4139076,Binding affinity to human serum albumin assessed as Stern-Volmer quenching constant at 313 K by fluorescence spectroscopic analysis
CC(=O)Nc1ccc(S(=O)(=O)Cc2nc3ccccc3n2Cc2ccc(F)cc2)cc1,CHEMBL4170702,Kq,3.44,10'12L/mol/s,CHEMBL4139077,Binding affinity to human serum albumin assessed as quenching constant at 293 K by fluorescence spectroscopic analysis
CC(=O)Nc1ccc(S(=O)(=O)Cc2nc3ccccc3n2Cc2ccc(Cl)cc2Cl)cc1,CHEMBL4159453,Kq,6.38,10'12L/mol/s,CHEMBL4139077,Binding affinity to human serum albumin assessed as quenching constant at 293 K by fluorescence spectroscopic analysis
CC(=O)Nc1ccc(S(=O)(=O)Cc2nc3ccccc3n2Cc2ccc(F)cc2)cc1,CHEMBL4170702,Kq,2.86,10'12L/mol/s,CHEMBL4139078,Binding affinity to human serum albumin assessed as quenching constant at 313 K by fluorescence spectroscopic analysis
CC(=O)Nc1ccc(S(=O)(=O)Cc2nc3ccccc3n2Cc2ccc(Cl)cc2Cl)cc1,CHEMBL4159453,Kq,4.72,10'12L/mol/s,CHEMBL4139078,Binding affinity to human serum albumin assessed as quenching constant at 313 K by fluorescence spectroscopic analysis
CC(=O)Nc1ccc(S(=O)(=O)Cc2nc3ccccc3n2Cc2ccc(F)cc2)cc1,CHEMBL4170702,Ka,3.69,10'-4L/mol,CHEMBL4139079,Binding affinity to human serum albumin at 293 K by modified Stern-Volmer method
CC(=O)Nc1ccc(S(=O)(=O)Cc2nc3ccccc3n2Cc2ccc(Cl)cc2Cl)cc1,CHEMBL4159453,Ka,1.08,10'-4L/mol,CHEMBL4139079,Binding affinity to human serum albumin at 293 K by modified Stern-Volmer method
CC(=O)Nc1ccc(S(=O)(=O)Cc2nc3ccccc3n2Cc2ccc(F)cc2)cc1,CHEMBL4170702,Ka,3.58,10'-4L/mol,CHEMBL4139080,Binding affinity to human serum albumin at 313 K by modified Stern-Volmer method
CC(=O)Nc1ccc(S(=O)(=O)Cc2nc3ccccc3n2Cc2ccc(Cl)cc2Cl)cc1,CHEMBL4159453,Ka,1.06,10'-4L/mol,CHEMBL4139080,Binding affinity to human serum albumin at 313 K by modified Stern-Volmer method
CC(=O)Nc1ccc(S(=O)(=O)Cc2nc3ccccc3n2Cc2ccc(F)cc2)cc1,CHEMBL4170702,Kb,5.84,10'-4L/mol,CHEMBL4139081,Binding affinity to human serum albumin at 293 K by scatchard plot analysis
CC(=O)Nc1ccc(S(=O)(=O)Cc2nc3ccccc3n2Cc2ccc(Cl)cc2Cl)cc1,CHEMBL4159453,Kb,5.93,10'-4L/mol,CHEMBL4139081,Binding affinity to human serum albumin at 293 K by scatchard plot analysis
CC(=O)Nc1ccc(S(=O)(=O)Cc2nc3ccccc3n2Cc2ccc(F)cc2)cc1,CHEMBL4170702,Kb,4.16,10'-4L/mol,CHEMBL4139082,Binding affinity to human serum albumin at 313 K by scatchard plot analysis
CC(=O)Nc1ccc(S(=O)(=O)Cc2nc3ccccc3n2Cc2ccc(Cl)cc2Cl)cc1,CHEMBL4159453,Kb,4.21,10'-4L/mol,CHEMBL4139082,Binding affinity to human serum albumin at 313 K by scatchard plot analysis
CC(=O)Nc1ccc(S(=O)(=O)Cc2nc3ccccc3n2Cc2ccc(F)cc2)cc1,CHEMBL4170702,deltaG,-25.542,kJ/mol,CHEMBL4139083,Binding affinity to human serum albumin assessed as Gibbs free energy change at 293 K by van't Hoff plot analysis
CC(=O)Nc1ccc(S(=O)(=O)Cc2nc3ccccc3n2Cc2ccc(Cl)cc2Cl)cc1,CHEMBL4159453,deltaG,-22.042,kJ/mol,CHEMBL4139083,Binding affinity to human serum albumin assessed as Gibbs free energy change at 293 K by van't Hoff plot analysis
CC(=O)Nc1ccc(S(=O)(=O)Cc2nc3ccccc3n2Cc2ccc(F)cc2)cc1,CHEMBL4170702,deltaG,-26.774,kJ/mol,CHEMBL4139084,Binding affinity to human serum albumin assessed as Gibbs free energy change at 313 K by van't Hoff plot analysis
CC(=O)Nc1ccc(S(=O)(=O)Cc2nc3ccccc3n2Cc2ccc(Cl)cc2Cl)cc1,CHEMBL4159453,deltaG,-24.116,kJ/mol,CHEMBL4139084,Binding affinity to human serum albumin assessed as Gibbs free energy change at 313 K by van't Hoff plot analysis
O=C(O)/C(O)=C/C(=O)c1cc(C2CCCCC2)ccc1C1CCCCC1,CHEMBL4164587,Ka,1.06,10'6/M,CHEMBL4142044,Binding affinity to human serum albumin at 293K by Stern-Volmer plot method
O=C(O)/C(O)=C/C(=O)c1cc(C2CCCCC2)ccc1C1CCCCC1,CHEMBL4164587,Ka,1.02,10'6/M,CHEMBL4142045,Binding affinity to human serum albumin at 303K by Stern-Volmer plot method
O=C(O)/C(O)=C/C(=O)c1cc(C2CCCCC2)ccc1C1CCCCC1,CHEMBL4164587,Ka,0.95,10'6/M,CHEMBL4142046,Binding affinity to human serum albumin at 310K by Stern-Volmer plot method
O=C(O)/C(O)=C/C(=O)c1cc(C2CCCCC2)ccc1C1CCCCC1,CHEMBL4164587,logKb,7.02,,CHEMBL4142047,Binding affinity to human serum albumin at 293K by fluorescence spectroscopic method
O=C(O)/C(O)=C/C(=O)c1cc(C2CCCCC2)ccc1C1CCCCC1,CHEMBL4164587,logKb,6.84,,CHEMBL4142048,Binding affinity to human serum albumin at 303K by fluorescence spectroscopic method
O=C(O)/C(O)=C/C(=O)c1cc(C2CCCCC2)ccc1C1CCCCC1,CHEMBL4164587,logKb,6.75,,CHEMBL4142049,Binding affinity to human serum albumin at 310K by fluorescence spectroscopic method
O=C(O)/C(O)=C/C(=O)c1cc(C2CCCCC2)ccc1C1CCCCC1,CHEMBL4164587,deltaG,34.97,kJ/mol,CHEMBL4142050,Binding affinity to human serum albumin assessed as Gibbs free energy change at 293K by Van't Hoff plot method
O=C(O)/C(O)=C/C(=O)c1cc(C2CCCCC2)ccc1C1CCCCC1,CHEMBL4164587,deltaG,35.99,kJ/mol,CHEMBL4142051,Binding affinity to human serum albumin assessed as Gibbs free energy change at 303K by Van't Hoff plot method
O=C(O)/C(O)=C/C(=O)c1cc(C2CCCCC2)ccc1C1CCCCC1,CHEMBL4164587,deltaG,36.62,kJ/mol,CHEMBL4142052,Binding affinity to human serum albumin assessed as Gibbs free energy change at 310K by Van't Hoff plot method
O=C(O)/C(O)=C/C(=O)c1cc(C2CCCCC2)ccc1C1CCCCC1,CHEMBL4164587,deltaH,-6.64,kJ/mol,CHEMBL4142053,Binding affinity to human serum albumin assessed as change in enthalpy at 293K by Van't Hoff plot method
O=C(O)/C(O)=C/C(=O)c1cc(C2CCCCC2)ccc1C1CCCCC1,CHEMBL4164587,deltaS,96.76,J/mol/K,CHEMBL4142054,Binding affinity to human serum albumin assessed as change in entropy at 293K by Van't Hoff plot method
O=C(O)/C(O)=C/C(=O)c1cc(C2CCCCC2)ccc1C1CCCCC1,CHEMBL4164587,K,14.36,/M,CHEMBL4142032,Binding affinity to human serum albumin at 293K by Van't Hoff plot method
O=C(O)/C(O)=C/C(=O)c1cc(C2CCCCC2)ccc1C1CCCCC1,CHEMBL4164587,K,14.29,/M,CHEMBL4142030,Binding affinity to human serum albumin at 303K by Van't Hoff plot method
O=C(O)/C(O)=C/C(=O)c1cc(C2CCCCC2)ccc1C1CCCCC1,CHEMBL4164587,K,14.21,/M,CHEMBL4142031,Binding affinity to human serum albumin at 310K by Van't Hoff plot method
O=C(O)/C(O)=C/C(=O)c1cc(C2CCCCC2)ccc1C1CCCCC1,CHEMBL4164587,KSV,1.72,10'6/M,CHEMBL4142044,Binding affinity to human serum albumin at 293K by Stern-Volmer plot method
O=C(O)/C(O)=C/C(=O)c1cc(C2CCCCC2)ccc1C1CCCCC1,CHEMBL4164587,KSV,1.6,10'6/M,CHEMBL4142045,Binding affinity to human serum albumin at 303K by Stern-Volmer plot method
O=C(O)/C(O)=C/C(=O)c1cc(C2CCCCC2)ccc1C1CCCCC1,CHEMBL4164587,KSV,1.48,10'6/M,CHEMBL4142046,Binding affinity to human serum albumin at 310K by Stern-Volmer plot method
O=C(O)/C(O)=C/C(=O)c1cc(C2CCCCC2)ccc1C1CCCCC1,CHEMBL4164587,Kq,2.42,10'6/M,CHEMBL4142044,Binding affinity to human serum albumin at 293K by Stern-Volmer plot method
O=C(O)/C(O)=C/C(=O)c1cc(C2CCCCC2)ccc1C1CCCCC1,CHEMBL4164587,Kq,2.26,10'6/M,CHEMBL4142045,Binding affinity to human serum albumin at 303K by Stern-Volmer plot method
O=C(O)/C(O)=C/C(=O)c1cc(C2CCCCC2)ccc1C1CCCCC1,CHEMBL4164587,Kq,2.09,10'6/M,CHEMBL4142046,Binding affinity to human serum albumin at 310K by Stern-Volmer plot method
O[C@H]1CNCCC[C@@H]1n1c2ccc(C(F)(F)F)cc2c2cc(C(F)(F)F)ccc21,CHEMBL4163616,PB,92.9,%,CHEMBL4144086,Binding affinity to serum albumin (unknown origin) relative to control
CC(COc1ccccc1Cc1ccccc1)N1CCCCC1,CHEMBL2105910,KSV,2.74,10'4L/mol,CHEMBL4147512,Binding affinity to human serum albumin assessed as Stern-Volmer quenching constant after 1 hr at 25 degC by fluorescence spectroscopic analysis
CC(COc1ccccc1Cc1ccccc1)N1CCCCC1,CHEMBL2105910,KSV,1.99,10'4L/mol,CHEMBL4147513,Binding affinity to human serum albumin assessed as Stern-Volmer quenching constant after 1 hr at 37 degC by fluorescence spectroscopic analysis
CC(COc1ccccc1Cc1ccccc1)N1CCCCC1,CHEMBL2105910,Time,3.852,nanoseconds,CHEMBL4147514,Binding affinity to human serum albumin assessed as fluorescence lifetime decay 1 at HSA:compound ratio of 1:2 after 1 hr by fluorescence spectroscopic analysis (Rvb = 3.917 +/- 0.039 nanoseconds)
CC(COc1ccccc1Cc1ccccc1)N1CCCCC1,CHEMBL2105910,Time,3.699,nanoseconds,CHEMBL4147515,Binding affinity to human serum albumin assessed as fluorescence lifetime decay 1 at HSA:compound ratio of 1:10 after 1 hr by fluorescence spectroscopic analysis (Rvb = 3.917 +/- 0.039 nanoseconds)
CC(COc1ccccc1Cc1ccccc1)N1CCCCC1,CHEMBL2105910,Time,0.515,nanoseconds,CHEMBL4147516,Binding affinity to human serum albumin assessed as fluorescence lifetime decay 2 at HSA:compound ratio of 1:2 after 1 hr by fluorescence spectroscopic analysis (Rvb = 0.584 +/- 0.047 nanoseconds)
CC(COc1ccccc1Cc1ccccc1)N1CCCCC1,CHEMBL2105910,Time,0.488,nanoseconds,CHEMBL4147517,Binding affinity to human serum albumin assessed as fluorescence lifetime decay 2 at HSA:compound ratio of 1:10 after 1 hr by fluorescence spectroscopic analysis (Rvb = 0.584 +/- 0.047 nanoseconds)
CC(COc1ccccc1Cc1ccccc1)N1CCCCC1,CHEMBL2105910,Time,6.858,nanoseconds,CHEMBL4147518,Binding affinity to human serum albumin assessed as fluorescence lifetime decay 3 at HSA:compound ratio of 1:2 after 1 hr by fluorescence spectroscopic analysis (Rvb = 6.876 +/- 0.177 nanoseconds)
CC(COc1ccccc1Cc1ccccc1)N1CCCCC1,CHEMBL2105910,Time,6.84,nanoseconds,CHEMBL4147519,Binding affinity to human serum albumin assessed as fluorescence lifetime decay 3 at HSA:compound ratio of 1:10 after 1 hr by fluorescence spectroscopic analysis (Rvb = 6.876 +/- 0.177 nanoseconds)
CC(COc1ccccc1Cc1ccccc1)N1CCCCC1,CHEMBL2105910,K,2.01,10'4L/mol,CHEMBL4147520,Binding affinity to human serum albumin assessed as binding constant after 1 hr at 25 degC by fluorescence spectroscopic analysis
CC(COc1ccccc1Cc1ccccc1)N1CCCCC1,CHEMBL2105910,K,1.1,10'4L/mol,CHEMBL4147521,Binding affinity to human serum albumin assessed as binding constant after 1 hr at 37 degC by fluorescence spectroscopic analysis
CC(COc1ccccc1Cc1ccccc1)N1CCCCC1,CHEMBL2105910,K,1.97,10'4L/mol,CHEMBL4147522,Binding affinity to human serum albumin by isothermal titration microcalorimetry
CC(COc1ccccc1Cc1ccccc1)N1CCCCC1,CHEMBL2105910,Activity,49.06,%,CHEMBL4147523,Induction of conformational changes in human serum albumin assessed as reduction in alpha-helical content at HSA:compound ratio of 1:2 by CD spectral analysis (Rvb = 52.6%)
CC(COc1ccccc1Cc1ccccc1)N1CCCCC1,CHEMBL2105910,Activity,47.88,%,CHEMBL4147524,Induction of conformational changes in human serum albumin assessed as reduction in alpha-helical content at HSA:compound ratio of 1:10 by CD spectral analysis (Rvb = 52.6%)
O=c1[nH]c2c([N+](=O)[O-])cccc2cc1Br,CHEMBL4170207,PB,92.2,%,CHEMBL4155556,Binding affinity to human serum albumin after 4 hrs by LC-MS method
O=C1Nc2ccc(Cl)cc2C(c2ccccc2)=NC1O,CHEMBL568,PB,94.1,%,CHEMBL4155556,Binding affinity to human serum albumin after 4 hrs by LC-MS method
CC(=O)CC(c1ccccc1)c1c(O)c2ccccc2oc1=O,CHEMBL1464,PB,99.16,%,CHEMBL4155556,Binding affinity to human serum albumin after 4 hrs by LC-MS method
O=C(O)Cc1ccccc1Nc1c(Cl)cccc1Cl,CHEMBL139,PB,99.76,%,CHEMBL4155556,Binding affinity to human serum albumin after 4 hrs by LC-MS method
O=c1[nH]c2c([N+](=O)[O-])cccc2cc1Br,CHEMBL4170207,logFu,-1.11,,CHEMBL4155571,Binding affinity to human serum albumin assessed as fraction unbound after 4 hrs by LC-MS method
O=C1Nc2ccc(Cl)cc2C(c2ccccc2)=NC1O,CHEMBL568,logFu,-1.226,,CHEMBL4155571,Binding affinity to human serum albumin assessed as fraction unbound after 4 hrs by LC-MS method
CC(=O)CC(c1ccccc1)c1c(O)c2ccccc2oc1=O,CHEMBL1464,logFu,-2.074,,CHEMBL4155571,Binding affinity to human serum albumin assessed as fraction unbound after 4 hrs by LC-MS method
O=C(O)Cc1ccccc1Nc1c(Cl)cccc1Cl,CHEMBL139,logFu,-2.614,,CHEMBL4155571,Binding affinity to human serum albumin assessed as fraction unbound after 4 hrs by LC-MS method
O=c1[nH]c2c([N+](=O)[O-])cccc2cc1Br,CHEMBL4170207,Fu,0.078,,CHEMBL4155571,Binding affinity to human serum albumin assessed as fraction unbound after 4 hrs by LC-MS method
O=C1Nc2ccc(Cl)cc2C(c2ccccc2)=NC1O,CHEMBL568,Fu,0.059,,CHEMBL4155571,Binding affinity to human serum albumin assessed as fraction unbound after 4 hrs by LC-MS method
CC(=O)CC(c1ccccc1)c1c(O)c2ccccc2oc1=O,CHEMBL1464,Fu,0.008,,CHEMBL4155571,Binding affinity to human serum albumin assessed as fraction unbound after 4 hrs by LC-MS method
O=C(O)Cc1ccccc1Nc1c(Cl)cccc1Cl,CHEMBL139,Fu,0.002,,CHEMBL4155571,Binding affinity to human serum albumin assessed as fraction unbound after 4 hrs by LC-MS method
COc1cc(/C=C(\C(C)O)n2c([N+](=O)[O-])cnc2C)ccc1O,CHEMBL4205620,KSV,7.54,10'4L/mol,CHEMBL4180950,Binding affinity to HSA assessed as Stern-Volmer quenching constant at pH 7.4 at 290 K by fluorescence assay
COc1cc(/C=C(\C(C)O)n2c([N+](=O)[O-])cnc2C)ccc1O,CHEMBL4205620,KSV,6.12,10'4L/mol,CHEMBL4180951,Binding affinity to HSA assessed as Stern-Volmer quenching constant at pH 7.4 at 300 K by fluorescence assay
COc1cc(/C=C(\C(C)O)n2c([N+](=O)[O-])cnc2C)ccc1O,CHEMBL4205620,KSV,4.99,10'4L/mol,CHEMBL4180952,Binding affinity to HSA assessed as Stern-Volmer quenching constant at pH 7.4 at 313 K by fluorescence assay
COc1cc(/C=C(\C(C)O)n2c([N+](=O)[O-])cnc2C)ccc1O,CHEMBL4205620,Kq,1.18,10'13L/mol/s,CHEMBL4180953,Binding affinity to HSA assessed as biomolecular quenching rate constant at pH 7.4 at 290 K by fluorescence assay
COc1cc(/C=C(\C(C)O)n2c([N+](=O)[O-])cnc2C)ccc1O,CHEMBL4205620,Kq,9.56,10'13L/mol/s,CHEMBL4180954,Binding affinity to HSA assessed as biomolecular quenching rate constant at pH 7.4 at 300 K by fluorescence assay
COc1cc(/C=C(\C(C)O)n2c([N+](=O)[O-])cnc2C)ccc1O,CHEMBL4205620,Kq,7.79,10'13L/mol/s,CHEMBL4180955,Binding affinity to HSA assessed as biomolecular quenching rate constant at pH 7.4 at 313 K by fluorescence assay
COc1cc(/C=C(\C(C)O)n2c([N+](=O)[O-])cnc2C)ccc1O,CHEMBL4205620,KSV,8.22,10'-4L/mol,CHEMBL4180956,Binding affinity to HSA assessed as modified Stern-Volmer quenching constant at pH 7.4 at 290 K by fluorescence assay
COc1cc(/C=C(\C(C)O)n2c([N+](=O)[O-])cnc2C)ccc1O,CHEMBL4205620,KSV,6.18,10'-4L/mol,CHEMBL4180957,Binding affinity to HSA assessed as modified Stern-Volmer quenching constant at pH 7.4 at 300 K by fluorescence assay
COc1cc(/C=C(\C(C)O)n2c([N+](=O)[O-])cnc2C)ccc1O,CHEMBL4205620,KSV,4.74,10'-4L/mol,CHEMBL4180958,Binding affinity to HSA assessed as modified Stern-Volmer quenching constant at pH 7.4 at 313 K by fluorescence assay
COc1cc(/C=C(\C(C)O)n2c([N+](=O)[O-])cnc2C)ccc1O,CHEMBL4205620,Kb,4.77,10'4L/mol,CHEMBL4180959,Binding affinity to HSA assessed as equilibrium binding constant at pH 7.4 at 290 K by scatchard assay
COc1cc(/C=C(\C(C)O)n2c([N+](=O)[O-])cnc2C)ccc1O,CHEMBL4205620,Kb,4.77,10'4L/mol,CHEMBL4180960,Binding affinity to HSA assessed as equilibrium binding constant at pH 7.4 at 300 K by scatchard assay
COc1cc(/C=C(\C(C)O)n2c([N+](=O)[O-])cnc2C)ccc1O,CHEMBL4205620,Kb,4.83,10'4L/mol,CHEMBL4180961,Binding affinity to HSA assessed as equilibrium binding constant at pH 7.4 at 313 K by scatchard assay
CCOc1ccc2c(c1)sc1nc(-c3ccccc3)c(COCc3cn(Cc4ccc(Cl)c(Cl)c4)nn3)n12,CHEMBL4218501,deltaH,-6.43,kJ/mol,CHEMBL4198629,Binding affinity to HSA assessed as change in enthalpy at 286 K by Van't hoff plot analysis
CCOc1ccc2c(c1)sc1nc(-c3ccccc3)c(COCc3cn(Cc4ccc(Cl)c(Cl)c4)nn3)n12,CHEMBL4218501,deltaG,-24.733,kJ/mol,CHEMBL4198630,Binding affinity to HSA assessed as change in free energy at 286 K by Van't hoff plot analysis
CCOc1ccc2c(c1)sc1nc(-c3ccccc3)c(COCc3cn(Cc4ccc(Cl)c(Cl)c4)nn3)n12,CHEMBL4218501,deltaG,-24.762,kJ/mol,CHEMBL4198631,Binding affinity to HSA assessed as change in free energy at 303 K by Van't hoff plot analysis
CCOc1ccc2c(c1)sc1nc(-c3ccccc3)c(COCc3cn(Cc4ccc(Cl)c(Cl)c4)nn3)n12,CHEMBL4218501,deltaG,-25.185,kJ/mol,CHEMBL4198632,Binding affinity to HSA assessed as change in free energy at 310 K by Van't hoff plot analysis
CCOc1ccc2c(c1)sc1nc(-c3ccccc3)c(COCc3cn(Cc4ccc(Cl)c(Cl)c4)nn3)n12,CHEMBL4218501,deltaS,60.5,J/mol.K,CHEMBL4198633,Binding affinity to HSA assessed as change in entropy at 286 K by Van't hoff plot analysis
CCOc1ccc2c(c1)sc1nc(-c3ccccc3)c(COCc3cn(Cc4ccc(Cl)c(Cl)c4)nn3)n12,CHEMBL4218501,KSV,4.04,10'4L/mol,CHEMBL4198614,Binding affinity to HSA assessed as Stern-Volmer quenching constant at pH 7.3 at 286 K by fluorescence assay
CCOc1ccc2c(c1)sc1nc(-c3ccccc3)c(COCc3cn(Cc4ccc(Cl)c(Cl)c4)nn3)n12,CHEMBL4218501,KSV,3.54,10'4L/mol,CHEMBL4198615,Binding affinity to HSA assessed as Stern-Volmer quenching constant at pH 7.3 at 303 K by fluorescence assay
CCOc1ccc2c(c1)sc1nc(-c3ccccc3)c(COCc3cn(Cc4ccc(Cl)c(Cl)c4)nn3)n12,CHEMBL4218501,KSV,3.42,10'4L/mol,CHEMBL4198616,Binding affinity to HSA assessed as Stern-Volmer quenching constant at pH 7.3 at 310 K by fluorescence assay
CCOc1ccc2c(c1)sc1nc(-c3ccccc3)c(COCc3cn(Cc4ccc(Cl)c(Cl)c4)nn3)n12,CHEMBL4218501,Kq,6.36,10'12L/mol/s,CHEMBL4198617,Binding affinity to HSA assessed as biomolecular quenching rate constant at pH 7.3 at 286 K by fluorescence assay
CCOc1ccc2c(c1)sc1nc(-c3ccccc3)c(COCc3cn(Cc4ccc(Cl)c(Cl)c4)nn3)n12,CHEMBL4218501,Kq,5.53,10'12L/mol/s,CHEMBL4198618,Binding affinity to HSA assessed as biomolecular quenching rate constant at pH 7.3 at 303 K by fluorescence assay
CCOc1ccc2c(c1)sc1nc(-c3ccccc3)c(COCc3cn(Cc4ccc(Cl)c(Cl)c4)nn3)n12,CHEMBL4218501,Kq,5.34,10'12L/mol/s,CHEMBL4198619,Binding affinity to HSA assessed as biomolecular quenching rate constant at pH 7.3 at 310 K by fluorescence assay
CCOc1ccc2c(c1)sc1nc(-c3ccccc3)c(COCc3cn(Cc4ccc(Cl)c(Cl)c4)nn3)n12,CHEMBL4218501,Ka,2.63,10'-4L/mol,CHEMBL4198622,Binding affinity to HSA assessed as modified Stern-Volmer quenching constant at pH 7.3 at 286 K by fluorescence assay
CCOc1ccc2c(c1)sc1nc(-c3ccccc3)c(COCc3cn(Cc4ccc(Cl)c(Cl)c4)nn3)n12,CHEMBL4218501,Ka,2.57,10'-4L/mol,CHEMBL4198623,Binding affinity to HSA assessed as modified Stern-Volmer quenching constant at pH 7.3 at 303 K by fluorescence assay
CCOc1ccc2c(c1)sc1nc(-c3ccccc3)c(COCc3cn(Cc4ccc(Cl)c(Cl)c4)nn3)n12,CHEMBL4218501,Ka,1.94,10'-4L/mol,CHEMBL4198624,Binding affinity to HSA assessed as modified Stern-Volmer quenching constant at pH 7.3 at 310 K by fluorescence assay
CCOc1ccc2c(c1)sc1nc(-c3ccccc3)c(COCc3cn(Cc4ccc(Cl)c(Cl)c4)nn3)n12,CHEMBL4218501,Kb,2.17,10'-4L/mol,CHEMBL4198625,Binding affinity to HSA assessed as equilibrium binding constant at pH 7.3 at 286 K by scatchard assay
CCOc1ccc2c(c1)sc1nc(-c3ccccc3)c(COCc3cn(Cc4ccc(Cl)c(Cl)c4)nn3)n12,CHEMBL4218501,Kb,2.18,10'-4L/mol,CHEMBL4198626,Binding affinity to HSA assessed as equilibrium binding constant at pH 7.3 at 303 K by scatchard assay
CCOc1ccc2c(c1)sc1nc(-c3ccccc3)c(COCc3cn(Cc4ccc(Cl)c(Cl)c4)nn3)n12,CHEMBL4218501,Kb,1.76,10'-4L/mol,CHEMBL4198627,Binding affinity to HSA assessed as equilibrium binding constant at pH 7.3 at 310 K by scatchard assay
NC(=O)[C@H](CCCCNC(=O)CSC[C@H](N)C(=O)O)NC(=O)COCCOCCNC(=O)CC[C@H](NC(=O)CC[C@H](NC(=O)COCCOCCNC(=O)CCCS(=O)(=O)NC(=O)CCCCCCCCCCCCCCc1nn[nH]n1)C(=O)O)C(=O)O,CHEMBL4216935,Activity,99.0,%,CHEMBL4199502,Binding affinity to human albumin
Cc1n[nH]c(C)c1CCCOc1cc(C(=O)O)ccc1F,CHEMBL3940890,Kd,8.0,uM,CHEMBL4200691,Binding affinity to human serum albumin by ITC method
O=C(O)c1ccc2nc(-c3cc(Cl)cc(Cl)c3)oc2c1,CHEMBL2103837,Kd,2.3,uM,CHEMBL4200691,Binding affinity to human serum albumin by ITC method
O=C(O)c1ccc2nc(-c3cc(Cl)cc(Cl)c3)oc2c1,CHEMBL2103837,Kd,2.5,uM,CHEMBL4200692,Binding affinity to human serum albumin
Cc1n[nH]c(C)c1CCCOc1cc(C(=O)O)ccc1F,CHEMBL3940890,PB,18.3,uM,CHEMBL4200714,Binding affinity to human serum albumin assessed as compound level bound to protein at 30 uM measured immediately after gel filtration
O=C(O)c1ccc2nc(-c3cc(Cl)cc(Cl)c3)oc2c1,CHEMBL2103837,PB,24.1,uM,CHEMBL4200714,Binding affinity to human serum albumin assessed as compound level bound to protein at 30 uM measured immediately after gel filtration
Cc1n[nH]c(C)c1CCCOc1cc(C(=O)O)ccc1F,CHEMBL3940890,PB,7.8,uM,CHEMBL4200715,Binding affinity to human serum albumin assessed as compound level bound to protein at 30 uM measured 124 hrs after dialysis
O=C(O)c1ccc2nc(-c3cc(Cl)cc(Cl)c3)oc2c1,CHEMBL2103837,PB,18.8,uM,CHEMBL4200715,Binding affinity to human serum albumin assessed as compound level bound to protein at 30 uM measured 124 hrs after dialysis
CCc1c(C)nn(CCNC(=O)C2C(c3ccc(F)cc3)C2(C)C)c1C,CHEMBL4224897,PB,5.0,%,CHEMBL4223596,Binding affinity to serum albumin (unknown origin) at 1 to 100 uM
CCCCCCCCCCCCCCCC(=O)N[C@@H](CCC(O)NCCCC[C@H](NC(=O)[C@H](C)NC(=O)[C@H](C)NC(=O)[C@H](CCC(N)=O)NC(=O)CNC(=O)[C@H](CCC(=O)O)NC(=O)[C@H](CC(C)C)NC(=O)[C@H](Cc1ccc(O)cc1)NC(=O)[C@H](CO)NC(=O)[C@H](CO)NC(=O)[C@@H](NC(=O)[C@H](CC(=O)O)NC(=O)[C@H](CO)NC(=O)[C@@H](NC(=O)[C@H](Cc1ccccc1)NC(=O)[C@@H](NC(=O)CNC(=O)[C@H](CCC(=O)O)NC(=O)[C@H](C)NC(=O)[C@@H](N)Cc1c[nH]cn1)[C@@H](C)O)[C@@H](C)O)C(C)C)C(=O)N[C@@H](CCC(=O)O)C(=O)N[C@@H](Cc1ccccc1)C(=O)N[C@H](C(=O)N[C@@H](C)C(=O)N[C@@H](Cc1c[nH]c2ccccc12)C(=O)N[C@@H](CC(C)C)C(=O)N[C@H](C(=O)N[C@@H](CCCN=C(N)N)C(=O)NCC(=O)N[C@@H](CCCN=C(N)N)C(=O)NCC(=O)O)C(C)C)[C@@H](C)CC)C(=O)O,CHEMBL4524066,Activity,86.7,%,CHEMBL4223837,Binding affinity to human serum albumin after 3 hrs by LC-MS/MS analysis
CC[C@H](C)[C@H](NC(=O)[C@H](Cc1ccccc1)NC(=O)[C@H](CCC(=O)O)NC(=O)[C@H](CCCCN)NC(=O)[C@H](C)NC(=O)[C@H](C)NC(=O)[C@H](CCC(N)=O)NC(=O)CNC(=O)[C@H](CCC(=O)O)NC(=O)[C@H](CC(C)C)NC(=O)[C@H](Cc1ccc(O)cc1)NC(=O)[C@H](CO)NC(=O)[C@H](CO)NC(=O)[C@@H](NC(=O)[C@H](CC(=O)O)NC(=O)[C@H](CO)NC(=O)[C@@H](NC(=O)[C@H](Cc1ccccc1)NC(=O)[C@@H](NC(=O)CNC(=O)[C@H](CCC(=O)O)NC(=O)CNC(=O)[C@@H](N)Cc1cnc[nH]1)[C@@H](C)O)[C@@H](C)O)C(C)C)C(=O)N[C@@H](C)C(=O)N[C@@H](Cc1c[nH]c2ccccc12)C(=O)N[C@@H](CC(C)C)C(=O)N[C@H](C(=O)N[C@@H](CCCCN)C(=O)NCC(=O)N[C@@H](CCCNC(=N)N)C(=O)N[C@@H](CSC1CC(=O)N(CCCCCCCCCCCC(=O)O)C1=O)C(N)=O)C(C)C,CHEMBL4227488,Activity,62.4,%,CHEMBL4223837,Binding affinity to human serum albumin after 3 hrs by LC-MS/MS analysis
CC[C@H](C)[C@H](NC(=O)[C@H](Cc1ccccc1)NC(=O)[C@H](CCC(=O)O)NC(=O)[C@H](CCCCN)NC(=O)[C@H](C)NC(=O)[C@H](C)NC(=O)[C@H](CCC(N)=O)NC(=O)CNC(=O)[C@H](CCC(=O)O)NC(=O)[C@H](CC(C)C)NC(=O)[C@H](Cc1ccc(O)cc1)NC(=O)[C@H](CO)NC(=O)[C@H](CO)NC(=O)[C@@H](NC(=O)[C@H](CC(=O)O)NC(=O)[C@H](CO)NC(=O)[C@@H](NC(=O)[C@H](Cc1ccccc1)NC(=O)[C@@H](NC(=O)CNC(=O)[C@H](CCC(=O)O)NC(=O)CNC(=O)[C@@H](N)Cc1cnc[nH]1)[C@@H](C)O)[C@@H](C)O)C(C)C)C(=O)N[C@@H](C)C(=O)N[C@@H](Cc1c[nH]c2ccccc12)C(=O)N[C@@H](CC(C)C)C(=O)N[C@H](C(=O)N[C@@H](CCCCN)C(=O)NCC(=O)N[C@@H](CCCNC(=N)N)C(=O)N[C@@H](CSC1CC(=O)N(CCCCCC(=O)O)C1=O)C(N)=O)C(C)C,CHEMBL4227957,Activity,34.1,%,CHEMBL4223837,Binding affinity to human serum albumin after 3 hrs by LC-MS/MS analysis
CC[C@H](C)[C@H](NC(=O)[C@H](Cc1ccccc1)NC(=O)[C@H](CCC(=O)O)NC(=O)[C@H](CCCCN)NC(=O)[C@H](C)NC(=O)[C@H](C)NC(=O)[C@H](CCC(N)=O)NC(=O)CNC(=O)[C@H](CCC(=O)O)NC(=O)[C@H](CC(C)C)NC(=O)[C@H](Cc1ccc(O)cc1)NC(=O)[C@H](CO)NC(=O)[C@H](CO)NC(=O)[C@@H](NC(=O)[C@H](CC(=O)O)NC(=O)[C@H](CO)NC(=O)[C@@H](NC(=O)[C@H](Cc1ccccc1)NC(=O)[C@@H](NC(=O)CNC(=O)[C@H](CCC(=O)O)NC(=O)CNC(=O)[C@@H](N)Cc1cnc[nH]1)[C@@H](C)O)[C@@H](C)O)C(C)C)C(=O)N[C@@H](C)C(=O)N[C@@H](Cc1c[nH]c2ccccc12)C(=O)N[C@@H](CC(C)C)C(=O)N[C@H](C(=O)N[C@@H](CCCCN)C(=O)NCC(=O)N[C@@H](CCCNC(=N)N)C(=O)N[C@@H](CSCC1CC(=O)N(CCC(=O)O)C1=O)C(N)=O)C(C)C,CHEMBL4229047,Activity,25.2,%,CHEMBL4223837,Binding affinity to human serum albumin after 3 hrs by LC-MS/MS analysis
CC[C@H](C)[C@H](NC(=O)[C@H](Cc1ccccc1)NC(=O)[C@H](CCC(=O)O)NC(=O)[C@H](CCCCN)NC(=O)[C@H](C)NC(=O)[C@H](C)NC(=O)[C@H](CCC(N)=O)NC(=O)CNC(=O)[C@H](CCC(=O)O)NC(=O)[C@H](CC(C)C)NC(=O)[C@H](Cc1ccc(O)cc1)NC(=O)[C@H](CO)NC(=O)[C@H](CSC1CC(=O)N(CCCCCCCCCCCC(=O)O)C1=O)NC(=O)[C@@H](NC(=O)[C@H](CC(=O)O)NC(=O)[C@H](CO)NC(=O)[C@@H](NC(=O)[C@H](Cc1ccccc1)NC(=O)[C@@H](NC(=O)CNC(=O)[C@H](CCC(=O)O)NC(=O)CNC(=O)[C@@H](N)Cc1cnc[nH]1)[C@@H](C)O)[C@@H](C)O)C(C)C)C(=O)N[C@@H](C)C(=O)N[C@@H](Cc1c[nH]c2ccccc12)C(=O)N[C@@H](CC(C)C)C(=O)N[C@H](C(=O)N[C@@H](CCCCN)C(=O)NCC(=O)N[C@@H](CCCNC(=N)N)C(N)=O)C(C)C,CHEMBL4225369,Activity,65.1,%,CHEMBL4223837,Binding affinity to human serum albumin after 3 hrs by LC-MS/MS analysis
CC[C@H](C)[C@H](NC(=O)[C@H](Cc1ccccc1)NC(=O)[C@H](CCC(=O)O)NC(=O)[C@H](CCCCN)NC(=O)[C@H](C)NC(=O)[C@H](C)NC(=O)[C@H](CCC(N)=O)NC(=O)CNC(=O)[C@H](CCC(=O)O)NC(=O)[C@H](CC(C)C)NC(=O)[C@H](Cc1ccc(O)cc1)NC(=O)[C@H](CO)NC(=O)[C@H](CSC1CC(=O)N(CCCCCC(=O)O)C1=O)NC(=O)[C@@H](NC(=O)[C@H](CC(=O)O)NC(=O)[C@H](CO)NC(=O)[C@@H](NC(=O)[C@H](Cc1ccccc1)NC(=O)[C@@H](NC(=O)CNC(=O)[C@H](CCC(=O)O)NC(=O)CNC(=O)[C@@H](N)Cc1cnc[nH]1)[C@@H](C)O)[C@@H](C)O)C(C)C)C(=O)N[C@@H](C)C(=O)N[C@@H](Cc1c[nH]c2ccccc12)C(=O)N[C@@H](CC(C)C)C(=O)N[C@H](C(=O)N[C@@H](CCCCN)C(=O)NCC(=O)N[C@@H](CCCNC(=N)N)C(N)=O)C(C)C,CHEMBL4228978,Activity,37.4,%,CHEMBL4223837,Binding affinity to human serum albumin after 3 hrs by LC-MS/MS analysis
CC[C@H](C)[C@H](NC(=O)[C@H](Cc1ccccc1)NC(=O)[C@H](CCC(=O)O)NC(=O)[C@H](CCCCN)NC(=O)[C@H](C)NC(=O)[C@H](C)NC(=O)[C@H](CCC(N)=O)NC(=O)CNC(=O)[C@H](CCC(=O)O)NC(=O)[C@H](CC(C)C)NC(=O)[C@H](Cc1ccc(O)cc1)NC(=O)[C@H](CO)NC(=O)[C@H](CSC1CC(=O)N(CCC(=O)O)C1=O)NC(=O)[C@@H](NC(=O)[C@H](CC(=O)O)NC(=O)[C@H](CO)NC(=O)[C@@H](NC(=O)[C@H](Cc1ccccc1)NC(=O)[C@@H](NC(=O)CNC(=O)[C@H](CCC(=O)O)NC(=O)CNC(=O)[C@@H](N)Cc1cnc[nH]1)[C@@H](C)O)[C@@H](C)O)C(C)C)C(=O)N[C@@H](C)C(=O)N[C@@H](Cc1c[nH]c2ccccc12)C(=O)N[C@@H](CC(C)C)C(=O)N[C@H](C(=O)N[C@@H](CCCCN)C(=O)NCC(=O)N[C@@H](CCCNC(=N)N)C(N)=O)C(C)C,CHEMBL4228144,Activity,28.5,%,CHEMBL4223837,Binding affinity to human serum albumin after 3 hrs by LC-MS/MS analysis
CC[C@H](C)[C@H](NC(=O)[C@H](Cc1ccccc1)NC(=O)[C@H](CC(C)C)NC(=O)[C@H](CCCNC(=N)N)NC(=O)[C@@H](NC(=O)[C@H](C)NC(=O)[C@H](CCC(=O)O)NC(=O)[C@H](CCC(=O)O)NC(=O)[C@H](CCC(=O)O)NC(=O)[C@H](CCSC)NC(=O)[C@H](CCC(N)=O)NC(=O)[C@H](CCCCN)NC(=O)[C@H](CO)NC(=O)[C@H](CC(C)C)NC(=O)[C@H](CC(=O)O)NC(=O)[C@H](CO)NC(=O)[C@@H](NC(=O)[C@H](Cc1ccccc1)NC(=O)[C@@H](NC(=O)CNC(=O)[C@H](CCC(=O)O)NC(=O)CNC(=O)[C@@H](N)Cc1cnc[nH]1)[C@@H](C)O)[C@@H](C)O)C(C)C)C(=O)N[C@@H](CCC(=O)O)C(=O)N[C@@H](Cc1c[nH]c2ccccc12)C(=O)N[C@@H](CC(C)C)C(=O)N[C@@H](CCCCN)C(=O)N[C@@H](CC(N)=O)C(=O)NCC(=O)NCC(=O)N1CCC[C@H]1C(=O)N[C@@H](CO)C(=O)N[C@@H](CO)C(=O)NCC(=O)N[C@@H](C)C(=O)N1CCC[C@H]1C(=O)N1CCC[C@H]1C(=O)N1CCC[C@H]1C(=O)N[C@@H](CO)C(N)=O,CHEMBL414357,Activity,21.0,%,CHEMBL4223837,Binding affinity to human serum albumin after 3 hrs by LC-MS/MS analysis
COc1c(N2C[C@@H]3CCOC[C@@]3(N)C2)c(F)cc2c(=O)c(C(=O)O)cn([C@@H]3C[C@@H]3F)c12,CHEMBL4246667,PB,0.0,%,CHEMBL4235083,Binding affinity to human serum albumin after 60 mins at 37 degC by ultrafiltration-based LC-MS analysis
COc1c(N2C[C@H]3CCOC[C@@]3(N)C2)c(F)cc2c(=O)c(C(=O)O)cn([C@@H]3C[C@@H]3F)c12,CHEMBL4238344,PB,12.0,%,CHEMBL4235083,Binding affinity to human serum albumin after 60 mins at 37 degC by ultrafiltration-based LC-MS analysis
C[C@H]1COc2c(N3CCN(C)CC3)c(F)cc3c(=O)c(C(=O)O)cn1c23.C[C@H]1COc2c(N3CCN(C)CC3)c(F)cc3c(=O)c(C(=O)O)cn1c23.O,CHEMBL5315124,PB,14.0,%,CHEMBL4235083,Binding affinity to human serum albumin after 60 mins at 37 degC by ultrafiltration-based LC-MS analysis
COc1c(N2C[C@@H]3CCCN[C@@H]3C2)c(F)cc2c(=O)c(C(=O)O)cn(C3CC3)c12,CHEMBL32,PB,1.3,%,CHEMBL4235083,Binding affinity to human serum albumin after 60 mins at 37 degC by ultrafiltration-based LC-MS analysis
COc1c(N2CC3(CC3)[C@](C)(N)C2)c(F)cc2c(=O)c(C(=O)O)cn([C@@H]3C[C@@H]3F)c12,CHEMBL1197225,PB,5.4,%,CHEMBL4235083,Binding affinity to human serum albumin after 60 mins at 37 degC by ultrafiltration-based LC-MS analysis
Cc1ccc(-c2cc(-c3nc4ccccc4[nH]3)nc(N)n2)cc1,CHEMBL4279693,KSV,1.96,10'5L/mol,CHEMBL4252717,Binding affinity to HSA assessed as Stern-Volmer quenching constant at pH 7.4 at 284 K by fluorescence spectroscopic analysis
Cc1ccc(-c2cc(-c3nc4ccccc4[nH]3)nc(N)n2)cc1,CHEMBL4279693,KSV,1.9,10'5L/mol,CHEMBL4252718,Binding affinity to HSA assessed as Stern-Volmer quenching constant at pH 7.4 at 298 K by fluorescence spectroscopic analysis
Cc1ccc(-c2cc(-c3nc4ccccc4[nH]3)nc(N)n2)cc1,CHEMBL4279693,KSV,1.73,10'5L/mol,CHEMBL4252719,Binding affinity to HSA assessed as Stern-Volmer quenching constant at pH 7.4 at 303 K by fluorescence spectroscopic analysis
Cc1ccc(-c2cc(-c3nc4ccccc4[nH]3)nc(N)n2)cc1,CHEMBL4279693,Ka,10.63,10'-4L/mol,CHEMBL4252720,Binding affinity to HSA assessed as modified Stern-Volmer quenching constant at pH 7.4 at 284 K by fluorescence spectroscopic analysis
Cc1ccc(-c2cc(-c3nc4ccccc4[nH]3)nc(N)n2)cc1,CHEMBL4279693,Ka,6.96,10'-4L/mol,CHEMBL4252721,Binding affinity to HSA assessed as modified Stern-Volmer quenching constant at pH 7.4 at 298 K by fluorescence spectroscopic analysis
Cc1ccc(-c2cc(-c3nc4ccccc4[nH]3)nc(N)n2)cc1,CHEMBL4279693,Ka,6.04,10'-4L/mol,CHEMBL4252722,Binding affinity to HSA assessed as modified Stern-Volmer quenching constant at pH 7.4 at 303 K by fluorescence spectroscopic analysis
Cc1ccc(-c2cc(-c3nc4ccccc4[nH]3)nc(N)n2)cc1,CHEMBL4279693,Kb,16.11,10'-5L/mol,CHEMBL4252723,Binding affinity to HSA at pH 7.4 at 284 K by scatchard assay
Cc1ccc(-c2cc(-c3nc4ccccc4[nH]3)nc(N)n2)cc1,CHEMBL4279693,Kb,12.49,10'-5L/mol,CHEMBL4252724,Binding affinity to HSA at pH 7.4 at 298 K by scatchard assay
Cc1ccc(-c2cc(-c3nc4ccccc4[nH]3)nc(N)n2)cc1,CHEMBL4279693,Kb,5.04,10'-5L/mol,CHEMBL4252725,Binding affinity to HSA at pH 7.4 at 303 K by scatchard assay
Cc1c(CN2CCOCC2)cc(-c2ccc(C(F)(F)F)cc2)n1-c1ccc(F)cc1,CHEMBL4292234,Activity,98.33,%,CHEMBL4255043,Binding affinity to human serum albumin
Cc1c(CN2CCOCC2)cc(-c2ccc(C(C)C)cc2)n1-c1ccc(F)cn1,CHEMBL4288827,Activity,94.13,%,CHEMBL4255043,Binding affinity to human serum albumin
Cc1c(CN2CCOCC2)cc(-c2ccc(C(C)C)cc2)n1Cc1ccc(F)cc1,CHEMBL4277084,Activity,98.47,%,CHEMBL4255043,Binding affinity to human serum albumin
Cc1c(CN2CCOCC2)cc(-c2ccc(C(C)C)cc2)n1C(C)C,CHEMBL4294266,Activity,94.11,%,CHEMBL4255043,Binding affinity to human serum albumin
Cc1c(CN2CCOCC2)cc(-c2ccc(C(C)C)cc2)n1CC(C)C,CHEMBL4280239,Activity,97.12,%,CHEMBL4255043,Binding affinity to human serum albumin
Cc1c(CN2CCOCC2)cc(-c2ccc(C(C)C)cc2)n1C1CC1,CHEMBL4290873,Activity,96.49,%,CHEMBL4255043,Binding affinity to human serum albumin
Cc1c(CN2CCOCC2)cc(-c2ccc(C(C)C)cc2)n1C1CCC1,CHEMBL4290458,Activity,98.12,%,CHEMBL4255043,Binding affinity to human serum albumin
Cc1c(CN2CCOCC2)cc(-c2ccc(C(C)C)cc2)n1C1CCCCC1,CHEMBL4282585,Activity,98.1,%,CHEMBL4255043,Binding affinity to human serum albumin
Cc1c(CN2CCOCC2)cc(-c2ccc(C(C)C)cc2)n1C1CCCOC1,CHEMBL4291770,Activity,92.85,%,CHEMBL4255043,Binding affinity to human serum albumin
Cc1c(CN2CCOCC2)cc(-c2ccc(C(C)C)cc2)n1-c1ccc(F)cc1,CHEMBL4069395,Activity,98.37,%,CHEMBL4255043,Binding affinity to human serum albumin
CCCCCCCCCCCCCCCC(=O)N[C@@H](CCC(O)NCCCC[C@H](NC(=O)[C@H](C)NC(=O)[C@H](C)NC(=O)[C@H](CCC(N)=O)NC(=O)CNC(=O)[C@H](CCC(=O)O)NC(=O)[C@H](CC(C)C)NC(=O)[C@H](Cc1ccc(O)cc1)NC(=O)[C@H](CO)NC(=O)[C@H](CO)NC(=O)[C@@H](NC(=O)[C@H](CC(=O)O)NC(=O)[C@H](CO)NC(=O)[C@@H](NC(=O)[C@H](Cc1ccccc1)NC(=O)[C@@H](NC(=O)CNC(=O)[C@H](CCC(=O)O)NC(=O)[C@H](C)NC(=O)[C@@H](N)Cc1c[nH]cn1)[C@@H](C)O)[C@@H](C)O)C(C)C)C(=O)N[C@@H](CCC(=O)O)C(=O)N[C@@H](Cc1ccccc1)C(=O)N[C@H](C(=O)N[C@@H](C)C(=O)N[C@@H](Cc1c[nH]c2ccccc12)C(=O)N[C@@H](CC(C)C)C(=O)N[C@H](C(=O)N[C@@H](CCCN=C(N)N)C(=O)NCC(=O)N[C@@H](CCCN=C(N)N)C(=O)NCC(=O)O)C(C)C)[C@@H](C)CC)C(=O)O,CHEMBL4524066,PB,81.8,%,CHEMBL4258228,Binding affinity to human serum albumin after 60 mins by ultrafiltration-based HPLC analysis
CC[C@H](C)[C@H](NC(=O)[C@H](CC(C)C)NC(=O)[C@H](Cc1c[nH]c2ccccc12)NC(=O)[C@H](CCC(=O)O)NC(=O)[C@@H](NC(=O)[C@H](Cc1ccccc1)NC(=O)[C@H](CCC(=O)O)NC(=O)[C@H](CCCCNC(=O)CC[C@H](NC(=O)CCCCCNC(=O)CC/C(C)=C/Cc1c(O)c2c(c(C)c1OC)COC2=O)C(=O)O)NC(=O)[C@H](C)NC(=O)[C@H](C)NC(=O)[C@H](CCC(=O)O)NC(=O)[C@H](CCC(=O)O)NC(=O)[C@H](CCC(=O)O)NC(=O)[C@H](CC(C)C)NC(=O)[C@H](Cc1ccc(O)cc1)NC(=O)[C@H](CCC(=O)O)NC(=O)[C@@H](NC(=O)[C@@H](NC(=O)[C@H](CC(=O)O)NC(=O)[C@H](CC(N)=O)NC(=O)[C@@H](NC(=O)[C@H](Cc1ccc(O)cc1)NC(=O)[C@@H](NC(=O)CNC(=O)[C@H](CCC(=O)O)NC(=O)CNC(=O)[C@@H](N)Cc1cnc[nH]1)[C@@H](C)O)[C@@H](C)O)C(C)C)[C@@H](C)O)[C@@H](C)CC)C(=O)N[C@@H](CCCCN)C(=O)NCC(=O)N[C@@H](CCCCN)C(=O)N1CCC[C@H]1C(=O)N[C@@H](CO)C(=O)N[C@@H](CO)C(=O)NCC(=O)N[C@@H](C)C(=O)N1CCC[C@H]1C(=O)N1CCC[C@H]1C(=O)N1CCC[C@H]1C(=O)N[C@@H](CO)C(=O)O,CHEMBL4277400,PB,64.9,%,CHEMBL4258228,Binding affinity to human serum albumin after 60 mins by ultrafiltration-based HPLC analysis
CC[C@H](C)[C@H](NC(=O)[C@H](CC(C)C)NC(=O)[C@H](Cc1c[nH]c2ccccc12)NC(=O)[C@H](CCC(=O)O)NC(=O)[C@@H](NC(=O)[C@H](Cc1ccccc1)NC(=O)[C@H](CCC(=O)O)NC(=O)[C@H](CCCCNC(=O)CC[C@H](NC(=O)CCCCCNC(=O)CC/C(C)=C/Cc1c(O)c2c(c(C)c1OC)COC2=O)C(=O)O)NC(=O)[C@H](C)NC(=O)[C@H](C)NC(=O)[C@H](CCC(=O)O)NC(=O)[C@H](CCC(=O)O)NC(=O)[C@H](CCC(=O)O)NC(=O)[C@H](CC(C)C)NC(=O)[C@H](Cc1ccc(O)cc1)NC(=O)[C@H](CCC(=O)O)NC(=O)[C@@H](NC(=O)[C@@H](NC(=O)[C@H](CC(=O)O)NC(=O)[C@H](CC(N)=O)NC(=O)[C@@H](NC(=O)[C@H](Cc1ccc(O)cc1)NC(=O)[C@@H](NC(=O)CNC(=O)[C@H](CCC(=O)O)NC(=O)CNC(=O)[C@@H](N)Cc1cnc[nH]1)[C@@H](C)O)[C@@H](C)O)C(C)C)[C@@H](C)O)[C@@H](C)CC)C(=O)N[C@@H](CCCCN)C(=O)NCC(=O)N[C@@H](CCCCN)C(=O)N1CCC[C@H]1C(=O)N[C@@H](CO)C(=O)N[C@@H](CO)C(=O)NCC(=O)N[C@@H](C)C(=O)N1CCC[C@H]1C(=O)N1CCC[C@H]1C(=O)N[C@@H](CO)C(=O)N[C@@H](CCCCN)C(=O)N[C@@H](CCCCN)C(=O)N[C@@H](CCCCN)C(=O)N[C@@H](CCCCN)C(=O)N[C@@H](CCCCN)C(=O)N[C@@H](CCCCN)C(=O)O,CHEMBL4281927,PB,63.9,%,CHEMBL4258228,Binding affinity to human serum albumin after 60 mins by ultrafiltration-based HPLC analysis
CC[C@H](C)[C@H](NC(=O)[C@H](CC(C)C)NC(=O)[C@H](Cc1c[nH]c2ccccc12)NC(=O)[C@H](CCC(=O)O)NC(=O)[C@@H](NC(=O)[C@H](Cc1ccccc1)NC(=O)[C@H](CCC(=O)O)NC(=O)[C@H](CCCCNC(=O)CC[C@H](NC(=O)CCCCCCCCCCCNC(=O)CC/C(C)=C/Cc1c(O)c2c(c(C)c1OC)COC2=O)C(=O)O)NC(=O)[C@H](C)NC(=O)[C@H](C)NC(=O)[C@H](CCC(=O)O)NC(=O)[C@H](CCC(=O)O)NC(=O)[C@H](CCC(=O)O)NC(=O)[C@H](CC(C)C)NC(=O)[C@H](Cc1ccc(O)cc1)NC(=O)[C@H](CCC(=O)O)NC(=O)[C@@H](NC(=O)[C@@H](NC(=O)[C@H](CC(=O)O)NC(=O)[C@H](CC(N)=O)NC(=O)[C@@H](NC(=O)[C@H](Cc1ccc(O)cc1)NC(=O)[C@@H](NC(=O)CNC(=O)[C@H](CCC(=O)O)NC(=O)CNC(=O)[C@@H](N)Cc1cnc[nH]1)[C@@H](C)O)[C@@H](C)O)C(C)C)[C@@H](C)O)[C@@H](C)CC)C(=O)N[C@@H](CCCCN)C(=O)NCC(=O)N[C@@H](CCCCN)C(=O)N1CCC[C@H]1C(=O)N[C@@H](CO)C(=O)N[C@@H](CO)C(=O)NCC(=O)N[C@@H](C)C(=O)N1CCC[C@H]1C(=O)N1CCC[C@H]1C(=O)N1CCC[C@H]1C(=O)N[C@@H](CO)C(=O)O,CHEMBL4292536,PB,84.8,%,CHEMBL4258228,Binding affinity to human serum albumin after 60 mins by ultrafiltration-based HPLC analysis
CC[C@H](C)[C@H](NC(=O)[C@H](CC(C)C)NC(=O)[C@H](Cc1c[nH]c2ccccc12)NC(=O)[C@H](CCC(=O)O)NC(=O)[C@@H](NC(=O)[C@H](Cc1ccccc1)NC(=O)[C@H](CCC(=O)O)NC(=O)[C@H](CCCCNC(=O)CC[C@H](NC(=O)CCCCCCCCCCCNC(=O)CC/C(C)=C/Cc1c(O)c2c(c(C)c1OC)COC2=O)C(=O)O)NC(=O)[C@H](C)NC(=O)[C@H](C)NC(=O)[C@H](CCC(=O)O)NC(=O)[C@H](CCC(=O)O)NC(=O)[C@H](CCC(=O)O)NC(=O)[C@H](CC(C)C)NC(=O)[C@H](Cc1ccc(O)cc1)NC(=O)[C@H](CCC(=O)O)NC(=O)[C@@H](NC(=O)[C@@H](NC(=O)[C@H](CC(=O)O)NC(=O)[C@H](CC(N)=O)NC(=O)[C@@H](NC(=O)[C@H](Cc1ccc(O)cc1)NC(=O)[C@@H](NC(=O)CNC(=O)[C@H](CCC(=O)O)NC(=O)CNC(=O)[C@@H](N)Cc1cnc[nH]1)[C@@H](C)O)[C@@H](C)O)C(C)C)[C@@H](C)O)[C@@H](C)CC)C(=O)N[C@@H](CCCCN)C(=O)NCC(=O)N[C@@H](CCCCN)C(=O)N1CCC[C@H]1C(=O)N[C@@H](CO)C(=O)N[C@@H](CO)C(=O)NCC(=O)N[C@@H](C)C(=O)N1CCC[C@H]1C(=O)N1CCC[C@H]1C(=O)N[C@@H](CO)C(=O)N[C@@H](CCCCN)C(=O)N[C@@H](CCCCN)C(=O)N[C@@H](CCCCN)C(=O)N[C@@H](CCCCN)C(=O)N[C@@H](CCCCN)C(=O)N[C@@H](CCCCN)C(=O)O,CHEMBL4292115,PB,85.4,%,CHEMBL4258228,Binding affinity to human serum albumin after 60 mins by ultrafiltration-based HPLC analysis
COc1cc(/C=N/n2cnnc2)c2c(c1OCc1ccccc1)CN1CCc3cc4c(cc3C1C2)OCO4,CHEMBL4284456,Kq,2.55,10'13L/mol/s,CHEMBL4262125,Binding affinity to HSA assessed as quenching constant at 288 K by UV-vis absorption spectral analysis
COc1cc(/C=N/n2cnnc2)c2c(c1OCc1ccccc1)CN1CCc3cc4c(cc3C1C2)OCO4,CHEMBL4284456,Kq,2.05,10'13L/mol/s,CHEMBL4262126,Binding affinity to HSA assessed as quenching constant at 298 K by UV-vis absorption spectral analysis
COc1cc(/C=N/n2cnnc2)c2c(c1OCc1ccccc1)CN1CCc3cc4c(cc3C1C2)OCO4,CHEMBL4284456,Kq,1.7,10'13L/mol/s,CHEMBL4262127,Binding affinity to HSA assessed as quenching constant at 310 K by UV-vis absorption spectral analysis
COC1CCN(Cc2cc(-c3ccc(C(C)C)cc3)n(-c3ccc(F)cc3)n2)CC1,CHEMBL4522177,Activity,96.42,%,CHEMBL4308573,Binding affinity to HSA by HPLC analysis
Cc1c(CN2CCOCC2)cc(-c2ccc(C(C)C)cc2)n1-c1ccc(F)cc1,CHEMBL4069395,Activity,98.37,%,CHEMBL4308573,Binding affinity to HSA by HPLC analysis
CC(C)c1ccc(-c2cc(CN3CCN(c4ccccn4)CC3)nn2-c2ccc(F)cc2)cc1,CHEMBL4591121,Activity,98.45,%,CHEMBL4308573,Binding affinity to HSA by HPLC analysis
CC(C)c1ccc(-c2cc(CN3CC[Si](C)(C)CC3)nn2-c2ccc(F)cc2)cc1,CHEMBL4558187,Activity,97.49,%,CHEMBL4308573,Binding affinity to HSA by HPLC analysis
CC(C)c1ccc(-c2cc(CN3CCOCC3)nn2C2CCCCC2)cc1,CHEMBL4529897,Activity,97.11,%,CHEMBL4308573,Binding affinity to HSA by HPLC analysis
CC(C)c1ccc(-c2cc(CN3CCN(c4ccccn4)CC3)nn2C2CCCCC2)cc1,CHEMBL4554211,Activity,98.41,%,CHEMBL4308573,Binding affinity to HSA by HPLC analysis
CC(C)c1ccc(-c2cc(CN3CCOCC3)nn2C2CCC2)cc1,CHEMBL4476297,Activity,96.72,%,CHEMBL4308573,Binding affinity to HSA by HPLC analysis
COC1CCN(Cc2cc(-c3ccc(C(F)(F)F)cc3)n(-c3ccc(F)cc3)n2)CC1,CHEMBL4474294,Activity,96.47,%,CHEMBL4308573,Binding affinity to HSA by HPLC analysis
C[Si]1(C)CCN(Cc2cc(-c3ccc(C(F)(F)F)cc3)n(-c3ccc(F)cc3)n2)CC1,CHEMBL4543679,Activity,96.65,%,CHEMBL4308573,Binding affinity to HSA by HPLC analysis
C[Si]1(C)CCN(Cc2cc(-c3ccc(C(F)(F)F)cc3)n(C3CCCCC3)n2)CC1,CHEMBL4515914,Activity,96.32,%,CHEMBL4308573,Binding affinity to HSA by HPLC analysis
CC(C)c1ccc(-c2cc(CN3CC[Si](C)(C)CC3)nn2C2CCCCC2)cc1,CHEMBL4443434,Activity,97.35,%,CHEMBL4308573,Binding affinity to HSA by HPLC analysis
N=C(N)NCCCCCCCCN(CCCCCCCCNC(=N)NCC1CC1)C(=O)N(CCCCCCCCNC(=N)N)CCCCCCCCNC(=N)NCC1CC1,CHEMBL4438023,Kd,23.27,uM,CHEMBL4310207,Binding affinity to human serum albumin assessed as dissociation constant after 30 mins by fluorescence-based assay
N=C(N)NCCCCCCCCN(CCCCCCCCNC(=N)NCC1CC1)C(=O)N(CCCCCCCCNC(=N)N)CCCCCCCCNC(=N)NCC1CC1,CHEMBL4438023,Bmax,14.0,%,CHEMBL4310208,Binding affinity to human serum albumin assessed as Bmax after 30 mins by fluorescence-based assay
COc1ccc2oc(-c3csc4ccccc34)c(O)c(=O)c2c1,CHEMBL4464312,Kd,10.0,uM,CHEMBL4313814,Binding affinity to human serum albumin by fluorescence based assay
COc1ccc2oc(-c3csc4ccccc34)c(O)c(=O)c2c1,CHEMBL4464312,Activity,50.0,%,CHEMBL4313908,Binding affinity to human serum albumin in phosphate buffer assessed as decrease in emission intensity at 450 nm at 5 uM measured at pH 8 at albumin concentration of 0.6 +/-0.1 uM by fluorescence emission spectrum analysis
COc1ccc2oc(-c3csc4ccccc34)c(O)c(=O)c2c1,CHEMBL4464312,Activity,50.0,%,CHEMBL4313909,Binding affinity to human serum albumin in phosphate buffer assessed as increase in emission intensity at 530-550 nm at 5 uM measured at pH 8 at albumin concentration of 2 uM by fluorescence emission spectrum analysis
COc1ccc(Cl)cc1Nc1nc(-c2sc(NC(=O)c3ccccc3)nc2C)cs1,CHEMBL260775,Kd,11.68,uM,CHEMBL4324525,Binding affinity to human serum albumin assessed as dissociation constant incubated for 30 mins by spectrofluorimetry
CC(=O)c1cccc(N(CCO)c2nc(-c3sc(NC(=O)C(C)(C)C)nc3C)cs2)c1,CHEMBL4574818,Kd,18.49,uM,CHEMBL4324525,Binding affinity to human serum albumin assessed as dissociation constant incubated for 30 mins by spectrofluorimetry
COc1ccc(Cl)cc1Nc1nc(-c2sc(NC(=O)c3ccccc3)nc2C)cs1,CHEMBL260775,Bmax,88.82,,CHEMBL4324526,Binding affinity to human serum albumin assessed as maximum binding at 0.1 to 500 uM incubated for 30 mins by spectrofluorimetry
CC(=O)c1cccc(N(CCO)c2nc(-c3sc(NC(=O)C(C)(C)C)nc3C)cs2)c1,CHEMBL4574818,Bmax,81.73,,CHEMBL4324526,Binding affinity to human serum albumin assessed as maximum binding at 0.1 to 500 uM incubated for 30 mins by spectrofluorimetry
O=C(O)Cc1ccccc1Nc1c(Cl)cccc1Cl,CHEMBL139,pKa,3.55,,CHEMBL4325783,Binding affinity to human serum albumin assessed as dissociation constant pKa1 at 1:1 ratio by UV-pH titration based spectrophotometric analysis (Rvb = 3.87 No_unit)
CCCCC1C(=O)N(c2ccccc2)N(c2ccccc2)C1=O,CHEMBL101,pKa,3.83,,CHEMBL4325783,Binding affinity to human serum albumin assessed as dissociation constant pKa1 at 1:1 ratio by UV-pH titration based spectrophotometric analysis (Rvb = 3.87 No_unit)
CN1C(C(=O)Nc2ccccn2)=C(O)c2ccccc2S1(=O)=O,CHEMBL527,pKa,1.89,,CHEMBL4325783,Binding affinity to human serum albumin assessed as dissociation constant pKa1 at 1:1 ratio by UV-pH titration based spectrophotometric analysis (Rvb = 3.87 No_unit)
CCN(CC)CCOC(=O)c1ccc(N)cc1,CHEMBL569,pKa,2.17,,CHEMBL4325783,Binding affinity to human serum albumin assessed as dissociation constant pKa1 at 1:1 ratio by UV-pH titration based spectrophotometric analysis (Rvb = 3.87 No_unit)
CN1C(C(=O)Nc2ccccn2)=C(O)c2ccccc2S1(=O)=O,CHEMBL527,pKa,4.74,,CHEMBL4325784,Binding affinity to human serum albumin assessed as dissociation constant pKa2 at 1:1 ratio by UV-pH titration based spectrophotometric analysis (Rvb = 11.56 No_unit)
CCN(CC)CCOC(=O)c1ccc(N)cc1,CHEMBL569,pKa,9.05,,CHEMBL4325784,Binding affinity to human serum albumin assessed as dissociation constant pKa2 at 1:1 ratio by UV-pH titration based spectrophotometric analysis (Rvb = 11.56 No_unit)
NNC(=O)c1ccncc1,CHEMBL64,PB,6.8,%,CHEMBL4325786,Protein binding in immobilized human serum albumin after 15 mins by HPLC analysis
CCN(CC)CCOC(=O)c1ccc(N)cc1,CHEMBL569,PB,36.0,%,CHEMBL4325786,Protein binding in immobilized human serum albumin after 15 mins by HPLC analysis
CC1=C(CC(=O)O)c2cc(F)ccc2/C1=C\c1ccc([S+](C)[O-])cc1,CHEMBL15770,PB,92.0,%,CHEMBL4325786,Protein binding in immobilized human serum albumin after 15 mins by HPLC analysis
CCN(CC)Cc1cc(Nc2ccnc3cc(Cl)ccc23)ccc1O,CHEMBL682,PB,78.8,%,CHEMBL4325787,Protein binding in immobilized human serum albumin by HPLC analysis
CO/N=C(\C(=O)N[C@@H]1C(=O)N2C(C(=O)O)=C(COC(N)=O)CS[C@H]12)c1ccco1,CHEMBL1436,PB,40.1,%,CHEMBL4325787,Protein binding in immobilized human serum albumin by HPLC analysis
CN1C(=O)CN=C(c2ccccc2)c2cc(Cl)ccc21,CHEMBL12,PB,89.2,%,CHEMBL4325787,Protein binding in immobilized human serum albumin by HPLC analysis
O=C(O)Cc1ccccc1Nc1c(Cl)cccc1Cl,CHEMBL139,PB,100.0,%,CHEMBL4325787,Protein binding in immobilized human serum albumin by HPLC analysis
CCOC(=O)Cc1ccccc1Nc1c(Cl)cccc1Cl,CHEMBL4515294,PB,98.1,%,CHEMBL4325787,Protein binding in immobilized human serum albumin by HPLC analysis
O=C(O)c1cc(-c2ccc(F)cc2F)ccc1O,CHEMBL898,PB,100.0,%,CHEMBL4325787,Protein binding in immobilized human serum albumin by HPLC analysis
CCOC(=O)c1cc(-c2ccc(F)cc2F)ccc1O,CHEMBL4572832,PB,97.5,%,CHEMBL4325787,Protein binding in immobilized human serum albumin by HPLC analysis
COc1ccc([C@@H]2Sc3ccccc3N(CCN(C)C)C(=O)[C@@H]2OC(C)=O)cc1,CHEMBL23,PB,56.6,%,CHEMBL4325787,Protein binding in immobilized human serum albumin by HPLC analysis
NC(N)=Nc1nc(CSCC/C(N)=N/S(N)(=O)=O)cs1,CHEMBL902,PB,25.1,%,CHEMBL4325787,Protein binding in immobilized human serum albumin by HPLC analysis
NS(=O)(=O)c1cc(C(=O)O)c(NCc2ccco2)cc1Cl,CHEMBL35,PB,99.4,%,CHEMBL4325787,Protein binding in immobilized human serum albumin by HPLC analysis
CN(C)CCCN1c2ccccc2CCc2ccccc21,CHEMBL11,PB,84.9,%,CHEMBL4325787,Protein binding in immobilized human serum albumin by HPLC analysis
COc1ccc2c(c1)c(CC(=O)O)c(C)n2C(=O)c1ccc(Cl)cc1,CHEMBL6,PB,100.0,%,CHEMBL4325787,Protein binding in immobilized human serum albumin by HPLC analysis
NNC(=O)c1ccncc1,CHEMBL64,PB,10.9,%,CHEMBL4325787,Protein binding in immobilized human serum albumin by HPLC analysis
Cc1cc(NC(=O)C2=C(O)c3ccccc3S(=O)(=O)N2C)no1,CHEMBL53292,PB,97.3,%,CHEMBL4325787,Protein binding in immobilized human serum albumin by HPLC analysis
CN1C(C(=O)Nc2ccccn2)=C(O)c2sc(Cl)cc2S1(=O)=O,CHEMBL1569487,PB,100.0,%,CHEMBL4325787,Protein binding in immobilized human serum albumin by HPLC analysis
Cc1cnc(NC(=O)C2=C(O)c3ccccc3S(=O)(=O)N2C)s1,CHEMBL599,PB,99.9,%,CHEMBL4325787,Protein binding in immobilized human serum albumin by HPLC analysis
COC1=C(C(=O)Nc2ncc(C)s2)N(C)S(=O)(=O)c2ccccc21,CHEMBL4577907,PB,84.2,%,CHEMBL4325787,Protein binding in immobilized human serum albumin by HPLC analysis
Cc1ncc([N+](=O)[O-])n1CCO,CHEMBL137,PB,11.9,%,CHEMBL4325787,Protein binding in immobilized human serum albumin by HPLC analysis
O=C1CN=C(c2ccccc2)c2cc([N+](=O)[O-])ccc2N1,CHEMBL13209,PB,76.7,%,CHEMBL4325787,Protein binding in immobilized human serum albumin by HPLC analysis
O=C1Nc2ccc(Cl)cc2C(c2ccccc2)=NC1O,CHEMBL568,PB,79.9,%,CHEMBL4325787,Protein binding in immobilized human serum albumin by HPLC analysis
CCCCC1C(=O)N(c2ccccc2)N(c2ccccc2)C1=O,CHEMBL101,PB,99.9,%,CHEMBL4325787,Protein binding in immobilized human serum albumin by HPLC analysis
CCCCC1(C)C(=O)N(c2ccccc2)N(c2ccccc2)C1=O,CHEMBL4436397,PB,85.0,%,CHEMBL4325787,Protein binding in immobilized human serum albumin by HPLC analysis
CCCCc1c(OC)n(-c2ccccc2)n(-c2ccccc2)c1=O,CHEMBL4465035,PB,92.9,%,CHEMBL4325787,Protein binding in immobilized human serum albumin by HPLC analysis
CNC(=O)Oc1ccc2c(c1)[C@]1(C)CCN(C)[C@@H]1N2C,CHEMBL94,PB,20.0,%,CHEMBL4325787,Protein binding in immobilized human serum albumin by HPLC analysis
CN1C(C(=O)Nc2ccccn2)=C(O)c2ccccc2S1(=O)=O,CHEMBL527,PB,100.0,%,CHEMBL4325787,Protein binding in immobilized human serum albumin by HPLC analysis
CCN(CC)CCOC(=O)c1ccc(N)cc1,CHEMBL569,PB,21.0,%,CHEMBL4325787,Protein binding in immobilized human serum albumin by HPLC analysis
CC(C)NCC(O)COc1cccc2ccccc12,CHEMBL27,PB,62.5,%,CHEMBL4325787,Protein binding in immobilized human serum albumin by HPLC analysis
CC1=C(CC(=O)O)c2cc(F)ccc2/C1=C\c1ccc([S+](C)[O-])cc1,CHEMBL15770,PB,98.2,%,CHEMBL4325787,Protein binding in immobilized human serum albumin by HPLC analysis
CN1C(C(=O)Nc2ccccn2)=C(O)c2sccc2S1(=O)=O,CHEMBL302795,PB,100.0,%,CHEMBL4325787,Protein binding in immobilized human serum albumin by HPLC analysis
COc1cc(Cc2cnc(N)nc2N)cc(OC)c1OC,CHEMBL22,PB,37.3,%,CHEMBL4325787,Protein binding in immobilized human serum albumin by HPLC analysis
CC(=O)CC(c1ccccc1)c1c(O)c2ccccc2oc1=O,CHEMBL1464,PB,99.9,%,CHEMBL4325787,Protein binding in immobilized human serum albumin by HPLC analysis
CCN(CC)CCC[C@H](C)Nc1ccnc2cc(Cl)ccc12,CHEMBL250447,PB,50.5,%,CHEMBL4325787,Protein binding in immobilized human serum albumin by HPLC analysis
O=C(O)Cc1ccccc1Nc1c(Cl)cccc1Cl,CHEMBL139,PB,95.8,%,CHEMBL4325788,Protein binding in human serum albumin after 4.5 hrs by LC-MS based rapid equilibrium dialysis method
O=C(O)c1cc(-c2ccc(F)cc2F)ccc1O,CHEMBL898,PB,100.0,%,CHEMBL4325788,Protein binding in human serum albumin after 4.5 hrs by LC-MS based rapid equilibrium dialysis method
NC(N)=Nc1nc(CSCC/C(N)=N/S(N)(=O)=O)cs1,CHEMBL902,PB,4.4,%,CHEMBL4325788,Protein binding in human serum albumin after 4.5 hrs by LC-MS based rapid equilibrium dialysis method
COc1ccc2c(c1)c(CC(=O)O)c(C)n2C(=O)c1ccc(Cl)cc1,CHEMBL6,PB,95.8,%,CHEMBL4325788,Protein binding in human serum albumin after 4.5 hrs by LC-MS based rapid equilibrium dialysis method
Cc1cc(NC(=O)C2=C(O)c3ccccc3S(=O)(=O)N2C)no1,CHEMBL53292,PB,80.4,%,CHEMBL4325788,Protein binding in human serum albumin after 4.5 hrs by LC-MS based rapid equilibrium dialysis method
CN1C(C(=O)Nc2ccccn2)=C(O)c2sc(Cl)cc2S1(=O)=O,CHEMBL1569487,PB,98.0,%,CHEMBL4325788,Protein binding in human serum albumin after 4.5 hrs by LC-MS based rapid equilibrium dialysis method
Cc1cnc(NC(=O)C2=C(O)c3ccccc3S(=O)(=O)N2C)s1,CHEMBL599,PB,96.7,%,CHEMBL4325788,Protein binding in human serum albumin after 4.5 hrs by LC-MS based rapid equilibrium dialysis method
COC1=C(C(=O)Nc2ncc(C)s2)N(C)S(=O)(=O)c2ccccc21,CHEMBL4577907,PB,65.9,%,CHEMBL4325788,Protein binding in human serum albumin after 4.5 hrs by LC-MS based rapid equilibrium dialysis method
CCCCC1C(=O)N(c2ccccc2)N(c2ccccc2)C1=O,CHEMBL101,PB,96.3,%,CHEMBL4325788,Protein binding in human serum albumin after 4.5 hrs by LC-MS based rapid equilibrium dialysis method
CCCCC1(C)C(=O)N(c2ccccc2)N(c2ccccc2)C1=O,CHEMBL4436397,PB,64.1,%,CHEMBL4325788,Protein binding in human serum albumin after 4.5 hrs by LC-MS based rapid equilibrium dialysis method
CCCCc1c(OC)n(-c2ccccc2)n(-c2ccccc2)c1=O,CHEMBL4465035,PB,92.9,%,CHEMBL4325788,Protein binding in human serum albumin after 4.5 hrs by LC-MS based rapid equilibrium dialysis method
CNC(=O)Oc1ccc2c(c1)[C@]1(C)CCN(C)[C@@H]1N2C,CHEMBL94,PB,9.7,%,CHEMBL4325788,Protein binding in human serum albumin after 4.5 hrs by LC-MS based rapid equilibrium dialysis method
CN1C(C(=O)Nc2ccccn2)=C(O)c2ccccc2S1(=O)=O,CHEMBL527,PB,93.3,%,CHEMBL4325788,Protein binding in human serum albumin after 4.5 hrs by LC-MS based rapid equilibrium dialysis method
CCN(CC)CCOC(=O)c1ccc(N)cc1,CHEMBL569,PB,6.4,%,CHEMBL4325788,Protein binding in human serum albumin after 4.5 hrs by LC-MS based rapid equilibrium dialysis method
CC1=C(CC(=O)O)c2cc(F)ccc2/C1=C\c1ccc([S+](C)[O-])cc1,CHEMBL15770,PB,64.9,%,CHEMBL4325788,Protein binding in human serum albumin after 4.5 hrs by LC-MS based rapid equilibrium dialysis method
CN1C(C(=O)Nc2ccccn2)=C(O)c2sccc2S1(=O)=O,CHEMBL302795,PB,96.8,%,CHEMBL4325788,Protein binding in human serum albumin after 4.5 hrs by LC-MS based rapid equilibrium dialysis method
COc1cc(Cc2cnc(N)nc2N)cc(OC)c1OC,CHEMBL22,PB,3.1,%,CHEMBL4325788,Protein binding in human serum albumin after 4.5 hrs by LC-MS based rapid equilibrium dialysis method
CC(=O)CC(c1ccccc1)c1c(O)c2ccccc2oc1=O,CHEMBL1464,PB,91.5,%,CHEMBL4325788,Protein binding in human serum albumin after 4.5 hrs by LC-MS based rapid equilibrium dialysis method
CCN(CC)Cc1cc(Nc2ccnc3cc(Cl)ccc23)ccc1O,CHEMBL682,pKa,0.12,,CHEMBL4325789,Binding affinity to human serum albumin assessed as change in dissociation constant pKa1 of compound in aqueous medium to presence of human serum albumin by UV-pH titration based spectrophotometric analysis
CN1C(=O)CN=C(c2ccccc2)c2cc(Cl)ccc21,CHEMBL12,pKa,0.09,,CHEMBL4325789,Binding affinity to human serum albumin assessed as change in dissociation constant pKa1 of compound in aqueous medium to presence of human serum albumin by UV-pH titration based spectrophotometric analysis
O=C(O)Cc1ccccc1Nc1c(Cl)cccc1Cl,CHEMBL139,pKa,0.47,,CHEMBL4325789,Binding affinity to human serum albumin assessed as change in dissociation constant pKa1 of compound in aqueous medium to presence of human serum albumin by UV-pH titration based spectrophotometric analysis
O=C(O)c1cc(-c2ccc(F)cc2F)ccc1O,CHEMBL898,pKa,0.38,,CHEMBL4325789,Binding affinity to human serum albumin assessed as change in dissociation constant pKa1 of compound in aqueous medium to presence of human serum albumin by UV-pH titration based spectrophotometric analysis
NC(N)=Nc1nc(CSCC/C(N)=N/S(N)(=O)=O)cs1,CHEMBL902,pKa,0.02,,CHEMBL4325789,Binding affinity to human serum albumin assessed as change in dissociation constant pKa1 of compound in aqueous medium to presence of human serum albumin by UV-pH titration based spectrophotometric analysis
NS(=O)(=O)c1cc(C(=O)O)c(NCc2ccco2)cc1Cl,CHEMBL35,pKa,0.1,,CHEMBL4325789,Binding affinity to human serum albumin assessed as change in dissociation constant pKa1 of compound in aqueous medium to presence of human serum albumin by UV-pH titration based spectrophotometric analysis
NNC(=O)c1ccncc1,CHEMBL64,pKa,0.05,,CHEMBL4325789,Binding affinity to human serum albumin assessed as change in dissociation constant pKa1 of compound in aqueous medium to presence of human serum albumin by UV-pH titration based spectrophotometric analysis
Cc1cc(NC(=O)C2=C(O)c3ccccc3S(=O)(=O)N2C)no1,CHEMBL53292,pKa,0.22,,CHEMBL4325789,Binding affinity to human serum albumin assessed as change in dissociation constant pKa1 of compound in aqueous medium to presence of human serum albumin by UV-pH titration based spectrophotometric analysis
CN1C(C(=O)Nc2ccccn2)=C(O)c2sc(Cl)cc2S1(=O)=O,CHEMBL1569487,pKa,0.87,,CHEMBL4325789,Binding affinity to human serum albumin assessed as change in dissociation constant pKa1 of compound in aqueous medium to presence of human serum albumin by UV-pH titration based spectrophotometric analysis
Cc1cnc(NC(=O)C2=C(O)c3ccccc3S(=O)(=O)N2C)s1,CHEMBL599,pKa,0.16,,CHEMBL4325789,Binding affinity to human serum albumin assessed as change in dissociation constant pKa1 of compound in aqueous medium to presence of human serum albumin by UV-pH titration based spectrophotometric analysis
Cc1ncc([N+](=O)[O-])n1CCO,CHEMBL137,pKa,0.0,,CHEMBL4325789,Binding affinity to human serum albumin assessed as change in dissociation constant pKa1 of compound in aqueous medium to presence of human serum albumin by UV-pH titration based spectrophotometric analysis
O=C1CN=C(c2ccccc2)c2cc([N+](=O)[O-])ccc2N1,CHEMBL13209,pKa,0.05,,CHEMBL4325789,Binding affinity to human serum albumin assessed as change in dissociation constant pKa1 of compound in aqueous medium to presence of human serum albumin by UV-pH titration based spectrophotometric analysis
O=C1Nc2ccc(Cl)cc2C(c2ccccc2)=NC1O,CHEMBL568,pKa,0.06,,CHEMBL4325789,Binding affinity to human serum albumin assessed as change in dissociation constant pKa1 of compound in aqueous medium to presence of human serum albumin by UV-pH titration based spectrophotometric analysis
CCCCC1C(=O)N(c2ccccc2)N(c2ccccc2)C1=O,CHEMBL101,pKa,0.53,,CHEMBL4325789,Binding affinity to human serum albumin assessed as change in dissociation constant pKa1 of compound in aqueous medium to presence of human serum albumin by UV-pH titration based spectrophotometric analysis
CNC(=O)Oc1ccc2c(c1)[C@]1(C)CCN(C)[C@@H]1N2C,CHEMBL94,pKa,0.05,,CHEMBL4325789,Binding affinity to human serum albumin assessed as change in dissociation constant pKa1 of compound in aqueous medium to presence of human serum albumin by UV-pH titration based spectrophotometric analysis
CN1C(C(=O)Nc2ccccn2)=C(O)c2ccccc2S1(=O)=O,CHEMBL527,pKa,0.0,,CHEMBL4325789,Binding affinity to human serum albumin assessed as change in dissociation constant pKa1 of compound in aqueous medium to presence of human serum albumin by UV-pH titration based spectrophotometric analysis
CCN(CC)CCOC(=O)c1ccc(N)cc1,CHEMBL569,pKa,0.02,,CHEMBL4325789,Binding affinity to human serum albumin assessed as change in dissociation constant pKa1 of compound in aqueous medium to presence of human serum albumin by UV-pH titration based spectrophotometric analysis
CC1=C(CC(=O)O)c2cc(F)ccc2/C1=C\c1ccc([S+](C)[O-])cc1,CHEMBL15770,pKa,0.16,,CHEMBL4325789,Binding affinity to human serum albumin assessed as change in dissociation constant pKa1 of compound in aqueous medium to presence of human serum albumin by UV-pH titration based spectrophotometric analysis
CN1C(C(=O)Nc2ccccn2)=C(O)c2sccc2S1(=O)=O,CHEMBL302795,pKa,0.13,,CHEMBL4325789,Binding affinity to human serum albumin assessed as change in dissociation constant pKa1 of compound in aqueous medium to presence of human serum albumin by UV-pH titration based spectrophotometric analysis
COc1cc(Cc2cnc(N)nc2N)cc(OC)c1OC,CHEMBL22,pKa,0.01,,CHEMBL4325789,Binding affinity to human serum albumin assessed as change in dissociation constant pKa1 of compound in aqueous medium to presence of human serum albumin by UV-pH titration based spectrophotometric analysis
CC(=O)CC(c1ccccc1)c1c(O)c2ccccc2oc1=O,CHEMBL1464,pKa,0.41,,CHEMBL4325789,Binding affinity to human serum albumin assessed as change in dissociation constant pKa1 of compound in aqueous medium to presence of human serum albumin by UV-pH titration based spectrophotometric analysis
CCN(CC)CCC[C@H](C)Nc1ccnc2cc(Cl)ccc12,CHEMBL250447,pKa,0.21,,CHEMBL4325789,Binding affinity to human serum albumin assessed as change in dissociation constant pKa1 of compound in aqueous medium to presence of human serum albumin by UV-pH titration based spectrophotometric analysis
CCN(CC)Cc1cc(Nc2ccnc3cc(Cl)ccc23)ccc1O,CHEMBL682,pKa,0.64,,CHEMBL4325790,Binding affinity to human serum albumin assessed as change in dissociation constant pKa2 of compound in aqueous medium to presence of human serum albumin by UV-pH titration based spectrophotometric analysis
CN1C(C(=O)Nc2ccccn2)=C(O)c2sc(Cl)cc2S1(=O)=O,CHEMBL1569487,pKa,1.0,,CHEMBL4325790,Binding affinity to human serum albumin assessed as change in dissociation constant pKa2 of compound in aqueous medium to presence of human serum albumin by UV-pH titration based spectrophotometric analysis
Cc1cnc(NC(=O)C2=C(O)c3ccccc3S(=O)(=O)N2C)s1,CHEMBL599,pKa,0.55,,CHEMBL4325790,Binding affinity to human serum albumin assessed as change in dissociation constant pKa2 of compound in aqueous medium to presence of human serum albumin by UV-pH titration based spectrophotometric analysis
O=C1CN=C(c2ccccc2)c2cc([N+](=O)[O-])ccc2N1,CHEMBL13209,pKa,0.98,,CHEMBL4325790,Binding affinity to human serum albumin assessed as change in dissociation constant pKa2 of compound in aqueous medium to presence of human serum albumin by UV-pH titration based spectrophotometric analysis
O=C1Nc2ccc(Cl)cc2C(c2ccccc2)=NC1O,CHEMBL568,pKa,0.27,,CHEMBL4325790,Binding affinity to human serum albumin assessed as change in dissociation constant pKa2 of compound in aqueous medium to presence of human serum albumin by UV-pH titration based spectrophotometric analysis
CN1C(C(=O)Nc2ccccn2)=C(O)c2ccccc2S1(=O)=O,CHEMBL527,pKa,0.55,,CHEMBL4325790,Binding affinity to human serum albumin assessed as change in dissociation constant pKa2 of compound in aqueous medium to presence of human serum albumin by UV-pH titration based spectrophotometric analysis
CCN(CC)CCOC(=O)c1ccc(N)cc1,CHEMBL569,pKa,0.0,,CHEMBL4325790,Binding affinity to human serum albumin assessed as change in dissociation constant pKa2 of compound in aqueous medium to presence of human serum albumin by UV-pH titration based spectrophotometric analysis
CN1C(C(=O)Nc2ccccn2)=C(O)c2sccc2S1(=O)=O,CHEMBL302795,pKa,0.72,,CHEMBL4325790,Binding affinity to human serum albumin assessed as change in dissociation constant pKa2 of compound in aqueous medium to presence of human serum albumin by UV-pH titration based spectrophotometric analysis
CCN(CC)CCC[C@H](C)Nc1ccnc2cc(Cl)ccc12,CHEMBL250447,pKa,0.75,,CHEMBL4325790,Binding affinity to human serum albumin assessed as change in dissociation constant pKa2 of compound in aqueous medium to presence of human serum albumin by UV-pH titration based spectrophotometric analysis
Cl.Cl.Cl.Cl.c1cc(NCCN2CCOCC2)c2ccc3c(ccc4c(NCCN5CCOCC5)ccnc43)c2n1,CHEMBL4472278,KSV,1.13,10'5/M,CHEMBL4330338,Binding affinity to human serum albumin at compound to protein molar ratio of 1:20 after 10 mins by fluorescence spectral analysis
Cl.Cl.Cl.Cl.c1cc(NCCCCN2CCOCC2)c2ccc3c(ccc4c(NCCN5CCOCC5)ccnc43)c2n1,CHEMBL4445585,KSV,8.85,10'4/M,CHEMBL4330338,Binding affinity to human serum albumin at compound to protein molar ratio of 1:20 after 10 mins by fluorescence spectral analysis
Cc1nn(-c2ccc(CN)cc2)c(C)c1-c1ccc(F)cc1,CHEMBL4518161,PPB,93.0,%,CHEMBL4340218,Binding affinity to human serum albumin by NMR-based analysis
Cc1nn(-c2ccc3c(c2)CNC3)c(C)c1-c1ccc(F)cc1,CHEMBL4587871,PPB,95.0,%,CHEMBL4340218,Binding affinity to human serum albumin by NMR-based analysis
Cc1nn(-c2ncnc3c2CNC3)c(C)c1-c1ccc(F)cc1,CHEMBL4442568,PPB,94.0,%,CHEMBL4340218,Binding affinity to human serum albumin by NMR-based analysis
O=c1[nH]c2c([N+](=O)[O-])cc(C(F)(F)F)cc2cc1Br,CHEMBL4556532,Activity,99.4,%,CHEMBL4345841,Binding affinity to human serum albumin incubated for 4 hrs by LCMS analysis
O=c1[nH]c2c([N+](=O)[O-])cc(Br)cc2cc1Cl,CHEMBL4565434,Activity,99.0,%,CHEMBL4345841,Binding affinity to human serum albumin incubated for 4 hrs by LCMS analysis
O=C(O)c1ccc(-c2cc3cc(Br)cc([N+](=O)[O-])c3[nH]c2=O)cc1,CHEMBL4559873,Activity,99.0,%,CHEMBL4345841,Binding affinity to human serum albumin incubated for 4 hrs by LCMS analysis
CCn1cc(-c2csc(N)n2)c(=O)c2cc(F)c(N3CCN(C/C(C)=N/OC)CC3)cc21,CHEMBL4564663,KSV,1.89,10'5L/mol,CHEMBL4354139,Binding affinity to HSA assessed as Stern-Volmer quenching constant at 286 K by fluorescence spectroscopy
CCn1cc(-c2csc(N)n2)c(=O)c2cc(F)c(N3CCN(C/C(C)=N/OC)CC3)cc21,CHEMBL4564663,KSV,1.79,10'5L/mol,CHEMBL4354140,Binding affinity to HSA assessed as Stern-Volmer quenching constant at 298 K by fluorescence spectroscopy
CCn1cc(-c2csc(N)n2)c(=O)c2cc(F)c(N3CCN(C/C(C)=N/OC)CC3)cc21,CHEMBL4564663,KSV,1.57,10'5L/mol,CHEMBL4354141,Binding affinity to HSA assessed as Stern-Volmer quenching constant at 310 K by fluorescence spectroscopy
CCn1cc(-c2csc(N)n2)c(=O)c2cc(F)c(N3CCN(C/C(C)=N/OC)CC3)cc21,CHEMBL4564663,Kq,2.95,10'13L/mol/s,CHEMBL4354142,Binding affinity to HSA assessed as quenching constant at 286 K by fluorescence spectroscopy
CCn1cc(-c2csc(N)n2)c(=O)c2cc(F)c(N3CCN(C/C(C)=N/OC)CC3)cc21,CHEMBL4564663,Kq,2.8,10'13L/mol/s,CHEMBL4354143,Binding affinity to HSA assessed as quenching constant at 298 K by fluorescence spectroscopy
CCn1cc(-c2csc(N)n2)c(=O)c2cc(F)c(N3CCN(C/C(C)=N/OC)CC3)cc21,CHEMBL4564663,Kq,2.45,10'13L/mol/s,CHEMBL4354144,Binding affinity to HSA assessed as quenching constant at 310 K by fluorescence spectroscopy
CCn1cc(-c2csc(N)n2)c(=O)c2cc(F)c(N3CCN(C/C(C)=N/OC)CC3)cc21,CHEMBL4564663,Kq,0.9808,10'-5L/mol,CHEMBL4354145,Binding affinity to HSA assessed as effective quenching constant at 286 K by fluorescence spectroscopy based Sterne-Volmer method
CCn1cc(-c2csc(N)n2)c(=O)c2cc(F)c(N3CCN(C/C(C)=N/OC)CC3)cc21,CHEMBL4564663,Kq,0.5287,10'-5L/mol,CHEMBL4354146,Binding affinity to HSA assessed as effective quenching constant at 298 K by fluorescence spectroscopy based Sterne-Volmer method
CCn1cc(-c2csc(N)n2)c(=O)c2cc(F)c(N3CCN(C/C(C)=N/OC)CC3)cc21,CHEMBL4564663,Kq,0.3826,10'-5L/mol,CHEMBL4354147,Binding affinity to HSA assessed as effective quenching constant at 310 K by fluorescence spectroscopy based Sterne-Volmer method
CCn1cc(-c2csc(N)n2)c(=O)c2cc(F)c(N3CCN(C/C(C)=N/OC)CC3)cc21,CHEMBL4564663,Kb,1.807,10'-5L/mol,CHEMBL4354148,Binding affinity to HSA assessed as binding constant at 286 K by fluorescence spectroscopy based Scatchard method
CCn1cc(-c2csc(N)n2)c(=O)c2cc(F)c(N3CCN(C/C(C)=N/OC)CC3)cc21,CHEMBL4564663,Kb,1.627,10'-5L/mol,CHEMBL4354149,Binding affinity to HSA assessed as binding constant at 298 K by fluorescence spectroscopy based Scatchard method
CCn1cc(-c2csc(N)n2)c(=O)c2cc(F)c(N3CCN(C/C(C)=N/OC)CC3)cc21,CHEMBL4564663,Kb,1.442,10'-5L/mol,CHEMBL4354150,Binding affinity to HSA assessed as binding constant at 310 K by fluorescence spectroscopy based Scatchard method
CCn1cc(-c2csc(N)n2)c(=O)c2cc(F)c(N3CCN(C/C(C)=N/OC)CC3)cc21,CHEMBL4564663,deltaH,-29.018,kJ/mol,CHEMBL4354151,Binding affinity to HSA assessed as change in enthalpy at 298 K by Van't Hoff plot analysis
CCn1cc(-c2csc(N)n2)c(=O)c2cc(F)c(N3CCN(C/C(C)=N/OC)CC3)cc21,CHEMBL4564663,deltaG,-27.231,kJ/mol,CHEMBL4354152,Binding affinity to HSA assessed as change in gibbs free energy at 286 K by Van't Hoff plot analysis
CCn1cc(-c2csc(N)n2)c(=O)c2cc(F)c(N3CCN(C/C(C)=N/OC)CC3)cc21,CHEMBL4564663,deltaG,-27.156,kJ/mol,CHEMBL4354153,Binding affinity to HSA assessed as change in gibbs free energy at 298 K by Van't Hoff plot analysis
CCn1cc(-c2csc(N)n2)c(=O)c2cc(F)c(N3CCN(C/C(C)=N/OC)CC3)cc21,CHEMBL4564663,deltaG,-27.081,kJ/mol,CHEMBL4354154,Binding affinity to HSA assessed as change in gibbs free energy at 310 K by Van't Hoff plot analysis
CCn1cc(-c2csc(N)n2)c(=O)c2cc(F)c(N3CCN(C/C(C)=N/OC)CC3)cc21,CHEMBL4564663,deltaS,-6.247,J/mol.K,CHEMBL4354155,Binding affinity to HSA assessed as change in entropy at 298 K by Van't Hoff plot analysis
CC(=O)/C(=C/c1cn(CC(=O)N2CCCCC2)c2ccccc12)n1cc([N+](=O)[O-])nc1C,CHEMBL4465526,KSV,8.14,10'4L/mol,CHEMBL4354638,Binding affinity to HSA assessed as Stem-Volmer quenching constant at 290 K by spectrofluorimetric analysis
CC(=O)/C(=C/c1cn(CC(=O)N2CCCCC2)c2ccccc12)n1cc([N+](=O)[O-])nc1C,CHEMBL4465526,KSV,7.63,10'4L/mol,CHEMBL4354639,Binding affinity to HSA assessed as Stem-Volmer quenching constant at 300 K by spectrofluorimetric analysis
CC(=O)/C(=C/c1cn(CC(=O)N2CCCCC2)c2ccccc12)n1cc([N+](=O)[O-])nc1C,CHEMBL4465526,KSV,6.35,10'4L/mol,CHEMBL4354640,Binding affinity to HSA assessed as Stem-Volmer quenching constant at 313 K by spectrofluorimetric analysis
CC(=O)/C(=C/c1cn(CC(=O)N2CCCCC2)c2ccccc12)n1cc([N+](=O)[O-])nc1C,CHEMBL4465526,Kq,1.27,10'13L/mol/s,CHEMBL4354622,Binding affinity to HSA assessed as quenching constant at 290 K by spectrofluorimetric analysis
CC(=O)/C(=C/c1cn(CC(=O)N2CCCCC2)c2ccccc12)n1cc([N+](=O)[O-])nc1C,CHEMBL4465526,Kq,1.19,10'13L/mol/s,CHEMBL4354623,Binding affinity to HSA assessed as quenching constant at 300 K by spectrofluorimetric analysis
CC(=O)/C(=C/c1cn(CC(=O)N2CCCCC2)c2ccccc12)n1cc([N+](=O)[O-])nc1C,CHEMBL4465526,Kq,0.99,10'13L/mol/s,CHEMBL4354641,Binding affinity to HSA assessed as quenching constant at 313 K by spectrofluorimetric analysis
CC(=O)/C(=C/c1cn(CC(=O)N2CCCCC2)c2ccccc12)n1cc([N+](=O)[O-])nc1C,CHEMBL4465526,Kq,13.15,10'-4L/mol,CHEMBL4354642,Binding affinity to HSA assessed as effective quenching constant at 290 K by spectrofluorimetric based Stern-Volmer method
CC(=O)/C(=C/c1cn(CC(=O)N2CCCCC2)c2ccccc12)n1cc([N+](=O)[O-])nc1C,CHEMBL4465526,Kq,7.98,10'-4L/mol,CHEMBL4354643,Binding affinity to HSA assessed as effective quenching constant at 300 K by spectrofluorimetric based Stern-Volmer method
CC(=O)/C(=C/c1cn(CC(=O)N2CCCCC2)c2ccccc12)n1cc([N+](=O)[O-])nc1C,CHEMBL4465526,Kq,5.69,10'-4L/mol,CHEMBL4354644,Binding affinity to HSA assessed as effective quenching constant at 313 K by spectrofluorimetric based Stern-Volmer method
CC(=O)/C(=C/c1cn(CC(=O)N2CCCCC2)c2ccccc12)n1cc([N+](=O)[O-])nc1C,CHEMBL4465526,Kb,5.88,10'4L/mol,CHEMBL4354645,Binding affinity to HSA assessed as binding constant at 290 K by spectrofluorimetric based Scatchard method
CC(=O)/C(=C/c1cn(CC(=O)N2CCCCC2)c2ccccc12)n1cc([N+](=O)[O-])nc1C,CHEMBL4465526,Kb,5.73,10'4L/mol,CHEMBL4354646,Binding affinity to HSA assessed as binding constant at 300 K by spectrofluorimetric based Scatchard method
CC(=O)/C(=C/c1cn(CC(=O)N2CCCCC2)c2ccccc12)n1cc([N+](=O)[O-])nc1C,CHEMBL4465526,Kb,4.95,10'4L/mol,CHEMBL4354647,Binding affinity to HSA assessed as binding constant at 313 K by spectrofluorimetric based Scatchard method
CC(=O)/C(=C/c1cn(CC(=O)N2CCCCC2)c2ccccc12)n1cc([N+](=O)[O-])nc1C,CHEMBL4465526,Kb,4.624,10'4L/mol,CHEMBL4354648,Binding affinity to HSA assessed as binding constant at 298K by spectrofluorimetric based Scatchard method
CC(=O)/C(=C/c1cn(CC(=O)N2CCCCC2)c2ccccc12)n1cc([N+](=O)[O-])nc1C,CHEMBL4465526,Kb,4.766,10'4L/mol,CHEMBL4354649,Binding affinity to HSA assessed as binding constant at 298K in presence of Mg2+ ion by spectrofluorimetric based Scatchard method
CC(=O)/C(=C/c1cn(CC(=O)N2CCCCC2)c2ccccc12)n1cc([N+](=O)[O-])nc1C,CHEMBL4465526,Kb,5.729,10'4L/mol,CHEMBL4354650,Binding affinity to HSA assessed as binding constant at 298K in presence of Ca2+ ion by spectrofluorimetric based Scatchard method
CC(=O)/C(=C/c1cn(CC(=O)N2CCCCC2)c2ccccc12)n1cc([N+](=O)[O-])nc1C,CHEMBL4465526,Ratio,103.0,%,CHEMBL4354651,Ratio of binding affinity for HSA assessed as binding constant at 298K in presence of Mg2+ ion to binding affinity to HSA at 298K by spectrofluorimetric based Scatchard method
CC(=O)/C(=C/c1cn(CC(=O)N2CCCCC2)c2ccccc12)n1cc([N+](=O)[O-])nc1C,CHEMBL4465526,Ratio,124.0,%,CHEMBL4354652,Ratio of binding affinity for HSA assessed as binding constant at 298K in presence of Ca2+ ion to binding affinity to HSA at 298K by spectrofluorimetric based Scatchard method
CCCCCCCCN(CCC(=O)Nc1ccccc1)CCC(=O)Nc1ccccc1,CHEMBL4443226,Kd,28.0,uM,CHEMBL4360144,Binding affinity to human serum albumin
CCCCCCCCN(CCC(=O)Nc1ccccc1)CCC(=O)NC1CCCCC1,CHEMBL4459845,Kd,3.0,uM,CHEMBL4360144,Binding affinity to human serum albumin
CCCCCCCCN(CCC(=O)Nc1ccccc1)CCC(=O)Nc1ccc(F)cc1,CHEMBL4569917,Kd,7.8,uM,CHEMBL4360144,Binding affinity to human serum albumin
CCCCCCCCN(CCC(=O)Nc1ccccc1)CCC(=O)Nc1ccccc1,CHEMBL4443226,PB,95.4,%,CHEMBL4360144,Binding affinity to human serum albumin
CCCCCCCCN(CCC(=O)Nc1ccccc1)CCC(=O)NC1CCCCC1,CHEMBL4459845,PB,99.5,%,CHEMBL4360144,Binding affinity to human serum albumin
CCCCCCCCN(CCC(=O)Nc1ccccc1)CCC(=O)Nc1ccc(F)cc1,CHEMBL4569917,PB,98.7,%,CHEMBL4360144,Binding affinity to human serum albumin
O=C(O)c1cccc(F)c1O,CHEMBL3244575,Kd,41.8,uM,CHEMBL4369787,Binding affinity to human serum albumin by NMR spectroscopy
O=C(O)c1cccc(F)c1O,CHEMBL3244575,Kd,41.0,uM,CHEMBL4369788,Binding affinity to human serum albumin by ITC
CC(=O)CC(c1ccc(I)cc1)c1c(O)c2ccccc2oc1=O,CHEMBL4554026,Ki,3.3,uM,CHEMBL4369789,Binding affinity to human serum albumin assessed as inhibition constant by NMR spectroscopy
CC(=O)CC(c1ccc(I)cc1)c1c(O)c2ccccc2oc1=O,CHEMBL4554026,Ki,3.3,uM,CHEMBL4369790,Binding affinity to human serum albumin by fluorescence-based assay
CCCC[C@H](NC(=O)[C@H](Cc1ccc(CS(=O)(=O)O)cc1)NC(=O)[C@H](CC(=O)O)NC(=O)COCCOCCNC(=O)COCCOCCNC(=O)CC[C@H](NC(=O)CCCCCCCCCCCCCCCCC(=O)O)C(=O)O)C(=O)NCC(=O)N[C@@H](Cc1c[nH]c2ccccc12)C(=O)N[C@@H](CCCC)C(=O)N(C)[C@H](CC(=O)O)C(=O)N(C)[C@@H](Cc1ccccc1)C(N)=O,CHEMBL4440419,PB,99.7,%,CHEMBL4370041,Binding affinity to human serum albumin at 500 nM after 2 hrs by LC-MS analysis
COCCN1CCN(c2ccc(OCc3ccccc3)c(C(=O)Nc3ccnnc3)c2)CC1,CHEMBL4448579,Fu,13.6,%,CHEMBL4372267,Binding affinity to human serum albumin assessed as unbound fraction
O=C(Nc1ccnnc1)c1cc(N2CCOCC2)ccc1OCc1ccccc1,CHEMBL4457647,Fu,12.5,%,CHEMBL4372267,Binding affinity to human serum albumin assessed as unbound fraction
O=C(O)c1ccc([C@H]2CC[C@]3(CC2)OOC2(O3)C3CC4CC(C3)CC2C4)cc1,CHEMBL4451089,PPB,98.8,%,CHEMBL4382062,Protein binding to human albumin by HPLC analysis
O=C(O)c1cccc([C@H]2CC[C@]3(CC2)OOC2(O3)C3CC4CC(C3)CC2C4)c1,CHEMBL4537655,PPB,98.9,%,CHEMBL4382062,Protein binding to human albumin by HPLC analysis
O=C(O)c1cc([C@H]2CC[C@]3(CC2)OOC2(O3)C3CC4CC(C3)CC2C4)ccc1O,CHEMBL4459105,PPB,99.0,%,CHEMBL4382062,Protein binding to human albumin by HPLC analysis
O=C(O)COc1ccc([C@H]2CC[C@]3(CC2)OOC2(O3)C3CC4CC(C3)CC2C4)cc1C(=O)O,CHEMBL4531978,PPB,99.1,%,CHEMBL4382062,Protein binding to human albumin by HPLC analysis
O=C(O)COc1ccc([C@H]2CC[C@]3(CC2)OOC2(O3)C3CC4CC(C3)CC2C4)cc1Cl,CHEMBL4452696,PPB,99.5,%,CHEMBL4382062,Protein binding to human albumin by HPLC analysis
O=C(O)CCCOc1ccc([C@H]2CC[C@]3(CC2)OOC2(O3)C3CC4CC(C3)CC2C4)cc1,CHEMBL4531917,PPB,99.5,%,CHEMBL4382062,Protein binding to human albumin by HPLC analysis
O=C(O)CCCCOc1ccc([C@H]2CC[C@]3(CC2)OOC2(O3)C3CC4CC(C3)CC2C4)cc1,CHEMBL4441566,PPB,99.5,%,CHEMBL4382062,Protein binding to human albumin by HPLC analysis
CC(C)(Oc1ccc([C@H]2CC[C@]3(CC2)OOC2(O3)C3CC4CC(C3)CC2C4)cc1)C(=O)O,CHEMBL4521325,PPB,99.5,%,CHEMBL4382062,Protein binding to human albumin by HPLC analysis
CCOC(=O)COc1ccc([C@H]2CC[C@]3(CC2)OOC2(O3)C3CC4CC(C3)CC2C4)cc1,CHEMBL4450546,PPB,98.9,%,CHEMBL4382062,Protein binding to human albumin by HPLC analysis
CS(=O)(=O)NC(=O)COc1ccc([C@H]2CC[C@]3(CC2)OOC2(O3)C3CC4CC(C3)CC2C4)cc1,CHEMBL4522723,PPB,99.0,%,CHEMBL4382062,Protein binding to human albumin by HPLC analysis
O=C(O)CNC(=O)COc1ccc([C@H]2CC[C@]3(CC2)OOC2(O3)C3CC4CC(C3)CC2C4)cc1,CHEMBL4556923,PPB,98.5,%,CHEMBL4382062,Protein binding to human albumin by HPLC analysis
O=C([O-])C1CCN(CCOc2ccc([C@H]3CC[C@]4(CC3)OOC3(O4)C4CC5CC(C4)CC3C5)cc2)CC1.[Na+],CHEMBL4514211,PPB,98.0,%,CHEMBL4382062,Protein binding to human albumin by HPLC analysis
CS(=O)(=O)O.O=C(O)CNCc1ccc([C@H]2CC[C@]3(CC2)OOC2(O3)C3CC4CC(C3)CC2C4)cc1,CHEMBL4459649,PPB,97.6,%,CHEMBL4382062,Protein binding to human albumin by HPLC analysis
O=C(O)COc1ccc([C@H]2CC[C@]3(CC2)OOC2(O3)C3CC4CC2CC(C3)C4(F)F)cc1,CHEMBL4587291,PPB,99.4,%,CHEMBL4382062,Protein binding to human albumin by HPLC analysis
O=C(O)COc1ccc([C@H]2CC[C@]3(CC2)OOC2(O3)C3CC4CC2CC(C3)C4=O)cc1,CHEMBL4435905,PPB,97.8,%,CHEMBL4382062,Protein binding to human albumin by HPLC analysis
O=C(O)COc1ccc([C@H]2CC[C@]3(CC2)OOC2(O3)C3CC4CC2CC(C3)C4O)cc1,CHEMBL4534336,PPB,98.5,%,CHEMBL4382062,Protein binding to human albumin by HPLC analysis
CC(=O)NC1C2CC3CC1CC(C2)C31OO[C@]2(CC[C@@H](c3ccc(OCC(=O)O)cc3)CC2)O1,CHEMBL4468631,PPB,98.2,%,CHEMBL4382062,Protein binding to human albumin by HPLC analysis
CS(=O)(=O)O.NC1C2CC3CC1CC(C2)C31OO[C@]2(CC[C@@H](c3ccc(OCC(=O)O)cc3)CC2)O1,CHEMBL4447186,PPB,94.2,%,CHEMBL4382062,Protein binding to human albumin by HPLC analysis
COc1ncc(C2=CCOCC2)cc1NS(=O)(=O)c1cn(Cc2ccccc2)c(C)n1,CHEMBL4435246,PB,89.9,%,CHEMBL4385126,Binding affinity to human serum albumin by HPLC analysis
O=[N+]([O-])c1c(CS(=O)(=O)c2ccccc2)nc2c(Sc3ccc(Cl)cc3)cc(Cl)cn12,CHEMBL4534157,PB,99.95,%,CHEMBL4385437,Binding affinity to human serum albumin after 4 hrs by LC-MS analysis
O=[N+]([O-])c1c(CS(=O)(=O)c2ccccc2)nc2c(Sc3ccc(Cl)cc3)cc(Cl)cn12,CHEMBL4534157,logFu,-3.28,,CHEMBL4385438,Binding affinity to human serum albumin assessed as unbound fraction after 4 hrs by LC-MS analysis
CC(C)(C)c1cc(C(=O)/C(C#N)=N/Nc2cccc(Cl)c2)no1,CHEMBL3260990,Kd(app),230.0,nM,CHEMBL4397741,Displacement of dansylated arginine from human serum albumin by fluorescence assay
CC(C)(C)c1cc(C(=O)/C(C#N)=N/Nc2cccc(Cl)c2)no1,CHEMBL3260990,Kd(app),99.0,nM,CHEMBL4397742,Displacement of dansylated phenylalanine from human serum albumin by fluorescence assay
COc1cccc2c1C(=O)c1c(O)c3c(c(O)c1C2=O)C[C@@](O)(C(=O)CO)C[C@@H]3O[C@H]1C[C@H](N)[C@H](O)[C@H](C)O1.Cl,CHEMBL359744,Kb,3.0,10'3/M,CHEMBL4410670,Binding affinity to human serum albumin assessed as binding constant after 24 hrs by absorption spectroscopy
COc1ccc(Cn2cc(C(=O)N/N=C3/C(=O)Nc4c(C)cccc43)nn2)cc1,CHEMBL4529234,Ka,1.27,10'4/M,CHEMBL4412617,Binding affinity to HSA by ITC
COCC(=O)N(C)C1CCN(Cc2cc3nc(-c4cccc5[nH]ccc45)nc(N4CCOCC4)c3s2)C1,CHEMBL4589808,Activity,94.1,%,CHEMBL4416688,Binding affinity to human serum albumin by HPLC analysis
CC(=O)N(C)C1CCN(Cc2cc3nc(-c4cccc5[nH]ccc45)nc(N4CCOCC4)c3s2)CC1,CHEMBL4583106,Activity,94.5,%,CHEMBL4416688,Binding affinity to human serum albumin by HPLC analysis
COCC(=O)N(C)C1CCCN(Cc2cc3nc(-c4cccc5[nH]ccc45)nc(N4CCOCC4)c3s2)C1,CHEMBL4472462,Activity,95.2,%,CHEMBL4416688,Binding affinity to human serum albumin by HPLC analysis
CC(=O)N(C)C1CCN(Cc2cc3nc(-c4cccc5[nH]ccc45)nc(N4CCOCC4)c3s2)C1,CHEMBL4580111,Activity,94.4,%,CHEMBL4416688,Binding affinity to human serum albumin by HPLC analysis
COCC(=O)N(C)C1CCN(Cc2cc3nc(-c4cccc5[nH]ccc45)nc(N4CCOCC4)c3s2)CC1,CHEMBL4456577,Activity,94.3,%,CHEMBL4416688,Binding affinity to human serum albumin by HPLC analysis
CN(C1CCCN(Cc2cc3nc(-c4cccc5[nH]ccc45)nc(N4CCOCC4)c3s2)C1)S(C)(=O)=O,CHEMBL4590897,Activity,95.6,%,CHEMBL4416688,Binding affinity to human serum albumin by HPLC analysis
CS(=O)(=O)NC1CCN(Cc2cc3nc(-c4cnc(N)nc4)nc(N4CCOCC4)c3s2)C1,CHEMBL4467891,Activity,80.9,%,CHEMBL4416688,Binding affinity to human serum albumin by HPLC analysis
CN(C1CCN(Cc2cc3nc(-c4cnc(N)nc4)nc(N4CCOCC4)c3s2)CC1)S(C)(=O)=O,CHEMBL4453879,Activity,87.8,%,CHEMBL4416688,Binding affinity to human serum albumin by HPLC analysis
COCC(=O)N(C)C1CCN(Cc2cc3nc(-c4cnc(N)nc4)nc(N4CCOCC4)c3s2)C1,CHEMBL4538734,Activity,81.2,%,CHEMBL4416688,Binding affinity to human serum albumin by HPLC analysis
CN(C)c1ccc(-c2cc3nccnc3c(NCCCCN)n2)cn1,CHEMBL4437415,PB,89.0,%,CHEMBL4433051,Binding affinity to human serum albumin by HPLC analysis
CN(C)c1ccc(-c2cc3nccnc3c(NCC(F)(F)F)n2)cn1,CHEMBL4444533,PB,96.0,%,CHEMBL4433051,Binding affinity to human serum albumin by HPLC analysis
CN(C)c1ccc(-c2cc3nccnc3c(NCCCCO)n2)cn1,CHEMBL4439653,PB,92.0,%,CHEMBL4433051,Binding affinity to human serum albumin by HPLC analysis
CN(C)c1ccc(-c2cc3nccnc3c(NCCC(N)=O)n2)cn1,CHEMBL4469541,PB,96.0,%,CHEMBL4433051,Binding affinity to human serum albumin by HPLC analysis
CN(C)c1ccc(-c2cc3nccnc3c(NC[C@H]3CCCNC3)n2)cn1,CHEMBL4528289,PB,92.0,%,CHEMBL4433051,Binding affinity to human serum albumin by HPLC analysis
CN(C)c1ccc(-c2cc3nccnc3c(NC[C@@H]3CNCCO3)n2)cn1,CHEMBL4570588,PB,88.0,%,CHEMBL4433051,Binding affinity to human serum albumin by HPLC analysis
CN(C)c1ccc(-c2cc3nccnc3c(NC[C@H]3CNCCO3)n2)cn1,CHEMBL4448695,PB,89.0,%,CHEMBL4433051,Binding affinity to human serum albumin by HPLC analysis
CN(C)c1ccc(-c2cc3nccnc3c(NC[C@@H]3CNCCC3(F)F)n2)cn1,CHEMBL4460676,PB,95.0,%,CHEMBL4433051,Binding affinity to human serum albumin by HPLC analysis
CN(C)c1ccc(-c2cc3nccnc3c(NC[C@H]3CNCCC3(F)F)n2)cn1,CHEMBL4556378,PB,95.0,%,CHEMBL4433051,Binding affinity to human serum albumin by HPLC analysis
CN(C)c1ccc(-c2cc3nccnc3c(NCC3CNCC(F)(F)C3)n2)cn1,CHEMBL4571227,PB,93.0,%,CHEMBL4433051,Binding affinity to human serum albumin by HPLC analysis
CN(C)c1ccc(-c2cc3nccnc3c(NC[C@@H]3CNCCN3C)n2)cn1,CHEMBL4469408,PB,91.0,%,CHEMBL4433051,Binding affinity to human serum albumin by HPLC analysis
CN(C)c1ccc(-c2cc3nccnc3c(NC[C@H]3CNCCN3C)n2)cn1,CHEMBL4468195,PB,93.0,%,CHEMBL4433051,Binding affinity to human serum albumin by HPLC analysis
Cc1ccc(-c2cc3nccnc3c(NC[C@H]3CCCNC3)n2)cc1,CHEMBL4460283,PB,91.0,%,CHEMBL4433051,Binding affinity to human serum albumin by HPLC analysis
Cc1ccc(-c2cc3ncccc3c(NC[C@H]3CCCNC3)n2)cc1,CHEMBL4455268,PB,95.0,%,CHEMBL4433051,Binding affinity to human serum albumin by HPLC analysis
Cc1ccc(-c2cc3ncncc3c(NC[C@H]3CCCNC3)n2)cc1,CHEMBL4570737,PB,91.0,%,CHEMBL4433051,Binding affinity to human serum albumin by HPLC analysis
Cc1ccc(-c2cc3nc[nH]c(=O)c3c(NC[C@H]3CCCNC3)n2)cc1,CHEMBL4449815,PB,91.0,%,CHEMBL4433051,Binding affinity to human serum albumin by HPLC analysis
Cc1ccc(-c2cc3ncn(C)c(=O)c3c(NC[C@H]3CCCNC3)n2)cc1,CHEMBL4526150,PB,90.0,%,CHEMBL4433051,Binding affinity to human serum albumin by HPLC analysis
CN(C)c1ccc(-c2cc3ncccc3c(NC[C@H]3CCCNC3)n2)cn1,CHEMBL4468047,PB,94.0,%,CHEMBL4433051,Binding affinity to human serum albumin by HPLC analysis
CN(C)c1ccc(-c2cc(NC[C@H]3CCCNC3)c3cccnc3c2)cn1,CHEMBL4472827,PB,95.0,%,CHEMBL4433051,Binding affinity to human serum albumin by HPLC analysis
CN(C)c1ccc(-c2cc3nccnc3c(CCC3CCCNC3)n2)cn1,CHEMBL4560963,PB,91.0,%,CHEMBL4433051,Binding affinity to human serum albumin by HPLC analysis
CN(C)c1ccc(-c2cc3nccnc3c(OC[C@H]3CCCNC3)n2)cn1,CHEMBL3546703,PB,90.0,%,CHEMBL4433051,Binding affinity to human serum albumin by HPLC analysis
CN(C)c1ccc(-c2cc3nccnc3c(OC[C@@H]3CCCNC3)n2)cn1,CHEMBL4583779,PB,91.0,%,CHEMBL4433051,Binding affinity to human serum albumin by HPLC analysis
c1cnc2c(NC[C@H]3CCCNC3)nc(N3CCNCC3)cc2n1,CHEMBL4454171,PB,70.0,%,CHEMBL4433051,Binding affinity to human serum albumin by HPLC analysis
O=C1CN(c2cc3nccnc3c(NC[C@H]3CCCNC3)n2)CCN1,CHEMBL4436508,PB,59.0,%,CHEMBL4433051,Binding affinity to human serum albumin by HPLC analysis
Cc1ccc(-c2cc3nccnc3c(NC[C@H]3CCCNC3)n2)s1,CHEMBL4584789,PB,92.0,%,CHEMBL4433051,Binding affinity to human serum albumin by HPLC analysis
c1cnc2c(NC[C@H]3CCCNC3)nc(-c3cc[nH]n3)cc2n1,CHEMBL4445992,PB,79.0,%,CHEMBL4433051,Binding affinity to human serum albumin by HPLC analysis
c1cnc2c(NC[C@H]3CCCNC3)nc(-c3cn[nH]c3)cc2n1,CHEMBL4570285,PB,76.0,%,CHEMBL4433051,Binding affinity to human serum albumin by HPLC analysis
Cn1cc(-c2cc3nccnc3c(NC[C@H]3CCCNC3)n2)cn1,CHEMBL4458845,PB,75.0,%,CHEMBL4433051,Binding affinity to human serum albumin by HPLC analysis
Cn1cc(-c2cc3nccnc3c(OC[C@H]3CCCNC3)n2)cn1,CHEMBL4590420,PB,78.0,%,CHEMBL4433051,Binding affinity to human serum albumin by HPLC analysis
COc1ccc2c(=O)c(O)c(-c3ccc4c(c3)OCO4)oc2c1,CHEMBL4450031,Activity,360.0,nm,CHEMBL4433776,Binding affinity to HSA assessed as absorption maxima for free monomer at 1.25 uM to 11.25 uM by UV-visible spectrophotometry
COc1ccc2c(=O)c(O)c(-c3ccc4c(c3)OCO4)oc2c1,CHEMBL4450031,Activity,360.0,nm,CHEMBL4433772,Binding affinity to HSA assessed as absorption maxima for HSA-complexed monomer at 1.25 uM to 11.25 uM by UV-visible spectrophotometry
COc1ccc2c(=O)c(O)c(-c3ccc4c(c3)OCO4)oc2c1,CHEMBL4450031,Activity,325.0,nm,CHEMBL4433771,Binding affinity to HSA assessed as absorption maxima for aggregate at 1.25 uM to 11.25 uM by UV-visible spectrophotometry
COc1ccc2c(=O)c(O)c(-c3ccc4c(c3)OCO4)oc2c1,CHEMBL4450031,Activity,475.0,nm,CHEMBL4433766,Binding affinity to HSA assessed as emission maxima for free monomer at 1.25 uM to 11.25 uM by spectroflurometry
COc1ccc2c(=O)c(O)c(-c3ccc4c(c3)OCO4)oc2c1,CHEMBL4450031,Activity,540.0,nm,CHEMBL4433756,Binding affinity to HSA assessed as emission maxima for HSA-complexed monomer at 1.25 uM to 11.25 uM by spectroflurometry
COc1ccc2c(=O)c(O)c(-c3ccc4c(c3)OCO4)oc2c1,CHEMBL4450031,Activity,560.0,nm,CHEMBL4433755,Binding affinity to HSA assessed as emission maxima for aggregate at 1.25 uM to 11.25 uM by spectroflurometry
COc1ccc2c(=O)c(O)c(-c3ccc4c(c3)OCO4)oc2c1,CHEMBL4450031,Kb,2.5,10'5/M,CHEMBL4433751,Binding affinity to HSA assessed as monomer/HSA equilibrium binding constant at 11.25 uM by spectroflurometry
COc1ncc(-c2cc(-c3ncc(CN4C[C@@H](C)O[C@@H](C)C4)o3)c3cn[nH]c3c2)cc1NS(C)(=O)=O,CHEMBL4434674,PB,90.0,%,CHEMBL4479345,Binding affinity to human serum albumin by HPLC analysis
COc1ncc(-c2cc3c(c(-c4nnc(C)o4)c2)COC3)cc1NS(C)(=O)=O,CHEMBL4593011,PB,90.0,%,CHEMBL4479345,Binding affinity to human serum albumin by HPLC analysis
COc1ncc(-c2cc3c(c(NC(=O)CN4CCOCC4)c2)COC3)cc1NS(C)(=O)=O,CHEMBL4561692,PB,64.0,%,CHEMBL4479345,Binding affinity to human serum albumin by HPLC analysis
COc1ncc(-c2cc3c(c(NC(=O)c4cccc(C)n4)c2)COC3)cc1NS(C)(=O)=O,CHEMBL4564931,PB,93.0,%,CHEMBL4479345,Binding affinity to human serum albumin by HPLC analysis
Cc1cc(Nc2ccc(S(F)(F)(F)(F)F)cc2)n2nc(C(C)(F)F)nc2n1,CHEMBL1956285,PB,83.1,%,CHEMBL4605433,Binding affinity to albumin (unknown origin) in ALBUMAX medium
Cc1c(Cc2ccc(C(F)(F)F)nc2)c[nH]c1C(=O)NC1CC1,CHEMBL4633246,PB,51.8,%,CHEMBL4605433,Binding affinity to albumin (unknown origin) in ALBUMAX medium
Cc1cc(Nc2ccc(S(F)(F)(F)(F)F)cc2)n2nc(C(C)(F)F)nc2n1,CHEMBL1956285,PB,97.4,%,CHEMBL4605513,Binding affinity to albumin (unknown origin) by chromatographic method
CCOC(=O)c1[nH]c(C)c(Cc2ccc(C(F)(F)F)nc2)c1C,CHEMBL4636879,PB,93.6,%,CHEMBL4605513,Binding affinity to albumin (unknown origin) by chromatographic method
CCNC(=O)c1[nH]c(C)c(Cc2ccc(C(F)(F)F)nc2)c1C,CHEMBL4639489,PB,77.1,%,CHEMBL4605513,Binding affinity to albumin (unknown origin) by chromatographic method
CCCNC(=O)c1[nH]c(C)c(Cc2ccc(C(F)(F)F)nc2)c1C,CHEMBL4644974,PB,84.5,%,CHEMBL4605513,Binding affinity to albumin (unknown origin) by chromatographic method
Cc1[nH]c(C(=O)NC2CC2)c(C)c1Cc1ccc(C(F)(F)F)nc1,CHEMBL4643370,PB,82.8,%,CHEMBL4605513,Binding affinity to albumin (unknown origin) by chromatographic method
Cc1[nH]c(C(=O)N2CCC2)c(C)c1Cc1ccc(C(F)(F)F)nc1,CHEMBL4638098,PB,77.2,%,CHEMBL4605513,Binding affinity to albumin (unknown origin) by chromatographic method
O=C(NC1CC1)c1cc(Cc2ccc(C(F)(F)F)nc2)c[nH]1,CHEMBL4633302,PB,66.7,%,CHEMBL4605513,Binding affinity to albumin (unknown origin) by chromatographic method
Cc1[nH]c(C(=O)NC2CC2)cc1Cc1ccc(C(F)(F)F)nc1,CHEMBL4648611,PB,72.6,%,CHEMBL4605513,Binding affinity to albumin (unknown origin) by chromatographic method
Cc1[nH]c(C(=O)N2CCCC2)cc1Cc1ccc(C(F)(F)F)nc1,CHEMBL4647710,PB,81.5,%,CHEMBL4605513,Binding affinity to albumin (unknown origin) by chromatographic method
Cc1[nH]c(C(=O)N2CCCCC2)cc1Cc1ccc(C(F)(F)F)nc1,CHEMBL4648923,PB,87.5,%,CHEMBL4605513,Binding affinity to albumin (unknown origin) by chromatographic method
Cc1c(Cc2ccc(C(F)(F)F)nc2)c[nH]c1C(=O)NC1CC1,CHEMBL4633246,PB,76.2,%,CHEMBL4605513,Binding affinity to albumin (unknown origin) by chromatographic method
Cc1c(Cc2ccc(C(F)(F)F)nc2)c[nH]c1C(=O)N1CCC1,CHEMBL4634831,PB,65.9,%,CHEMBL4605513,Binding affinity to albumin (unknown origin) by chromatographic method
Cc1c(Cc2ccc(C(F)(F)F)nc2)c[nH]c1C(=O)NCC(F)(F)F,CHEMBL4643327,PB,81.9,%,CHEMBL4605513,Binding affinity to albumin (unknown origin) by chromatographic method
Cc1c(Cc2ccc(C(F)(F)F)nc2)c[nH]c1C(=O)N1CC(F)(F)C1,CHEMBL4636553,PB,74.9,%,CHEMBL4605513,Binding affinity to albumin (unknown origin) by chromatographic method
Cc1c(Cc2ccc(C(F)(F)F)nc2)c[nH]c1C(=O)NC1CCC1,CHEMBL4639663,PB,83.5,%,CHEMBL4605513,Binding affinity to albumin (unknown origin) by chromatographic method
Cc1[nH]c(C(=O)NC2CC2)cc1Cc1cnc(C(F)(F)F)nc1,CHEMBL4648354,PB,44.5,%,CHEMBL4605513,Binding affinity to albumin (unknown origin) by chromatographic method
Cc1c(Cc2ccc(C(F)(F)F)cc2)c[nH]c1C(=O)NC1CC1,CHEMBL4643360,PB,97.1,%,CHEMBL4605513,Binding affinity to albumin (unknown origin) by chromatographic method
Cc1c(Cc2ccc(C(F)(F)F)cc2F)c[nH]c1C(=O)NC1CC1,CHEMBL4635646,PB,97.0,%,CHEMBL4605513,Binding affinity to albumin (unknown origin) by chromatographic method
Cc1c(Cc2ccc(C(F)(F)F)cc2Cl)c[nH]c1C(=O)NC1CC1,CHEMBL4644619,PB,98.1,%,CHEMBL4605513,Binding affinity to albumin (unknown origin) by chromatographic method
Cc1c(Cc2cccnc2)c[nH]c1C(=O)NC1CC1,CHEMBL4633114,PB,73.2,%,CHEMBL4605513,Binding affinity to albumin (unknown origin) by chromatographic method
Cc1[nH]c(C(=O)NC2CC2)c(C)c1C(=O)c1ccc(C(F)(F)F)cn1,CHEMBL4642189,PB,50.4,%,CHEMBL4605513,Binding affinity to albumin (unknown origin) by chromatographic method
Cc1c(C(O)c2ccc(C(F)(F)F)nc2)c[nH]c1C(=O)NC1CC1,CHEMBL4649411,PB,89.5,%,CHEMBL4605513,Binding affinity to albumin (unknown origin) by chromatographic method
Cc1[nH]c(C(=O)NC2CC2)c(C)c1Oc1ccc(C(F)(F)F)nc1,CHEMBL4634334,PB,42.7,%,CHEMBL4605513,Binding affinity to albumin (unknown origin) by chromatographic method
Cc1ccc(-c2nc3ccc(C)cn3c2CC(=O)N(C)C)cc1,CHEMBL911,Kd,63.0,uM,CHEMBL4617605,Binding affinity to albumin (unknown origin)
CCCN(CCC)C(=O)Cc1c(-c2ccc(Cl)cc2)nc2ccc(Cl)cn12,CHEMBL54349,Kd,2.0,uM,CHEMBL4617605,Binding affinity to albumin (unknown origin)
COc1cc(/C=C/C(=O)O)ccc1OCc1cn(-c2cccc([N+](=O)[O-])c2)nn1,CHEMBL4640224,Ka,5.46,10'4/M,CHEMBL4620222,Binding affinity to human serum albumin assessed as decrease in emission intensity by fluorescence emission spectrum based Stern-Volmer method
COc1ncc(N2CCOc3ccc(CN(C)C)cc32)cc1NS(C)(=O)=O,CHEMBL4645570,Activity,37.0,%,CHEMBL4621807,Binding affinity to human serum albumin
COc1ncc2cc1NS(=O)(=O)CCN(C)Cc1ccc3c(c1)N2CCO3,CHEMBL4638471,Activity,88.0,%,CHEMBL4621807,Binding affinity to human serum albumin
Cc1ncsc1-c1ccc(CNC(=O)[C@@H]2C[C@@H](O)CN2C(=O)[C@@H](NC(=O)COCCCOCCCCOc2ccc(N3C(=S)N(c4ccc(C#N)c(C(F)(F)F)c4)C(=O)C3(C)C)cc2)C(C)(C)C)cc1,CHEMBL4648512,Activity,10.0,%,CHEMBL4622398,Binding affinity to HSA assessed as free fraction by HPLC analysis
Cc1ncsc1-c1ccc(CNC(=O)[C@@H]2C[C@@H](O)CN2C(=O)[C@@H](NC(=O)COCCCOCCCCCOc2ccc(N3C(=S)N(c4ccc(C#N)c(C(F)(F)F)c4)C(=O)C3(C)C)cc2)C(C)(C)C)cc1,CHEMBL4641842,Activity,9.0,%,CHEMBL4622398,Binding affinity to HSA assessed as free fraction by HPLC analysis
Cc1ncsc1-c1ccc(CNC(=O)[C@@H]2C[C@@H](O)CN2C(=O)[C@@H](NC(=O)COCC(F)(F)C(F)(F)C(F)(F)COCCCOc2ccc(N3C(=S)N(c4ccc(C#N)c(C(F)(F)F)c4)C(=O)C3(C)C)cc2)C(C)(C)C)cc1,CHEMBL4649084,Activity,7.0,%,CHEMBL4622398,Binding affinity to HSA assessed as free fraction by HPLC analysis
Cc1ncsc1-c1ccc(CNC(=O)[C@@H]2C[C@@H](O)CN2C(=O)[C@@H](NC(=O)COCCCOc2ccc(-c3ccc(N4C(=S)N(c5ccc(C#N)c(C(F)(F)F)c5)C(=O)C4(C)C)cc3)cc2)C(C)(C)C)cc1,CHEMBL4634046,Activity,7.0,%,CHEMBL4622398,Binding affinity to HSA assessed as free fraction by HPLC analysis
Cc1ncsc1-c1ccc(CNC(=O)[C@@H]2C[C@@H](O)CN2C(=O)[C@@H](NC(=O)COCC(F)(F)COc2ccc(-c3ccc(N4C(=S)N(c5ccc(C#N)c(C(F)(F)F)c5)C(=O)C4(C)C)cc3)cc2)C(C)(C)C)cc1,CHEMBL4639940,Activity,6.0,%,CHEMBL4622398,Binding affinity to HSA assessed as free fraction by HPLC analysis
Cc1ncsc1-c1ccc(CNC(=O)[C@@H]2C[C@@H](O)CN2C(=O)[C@@H](NC(=O)COCCCOCC(F)(F)C(F)(F)COc2ccc(N3C(=S)N(c4ccc(C#N)c(C(F)(F)F)c4)C(=O)C3(C)C)cc2)C(C)(C)C)cc1,CHEMBL4643819,Activity,7.0,%,CHEMBL4622398,Binding affinity to HSA assessed as free fraction by HPLC analysis
Cc1ncsc1-c1ccc(CNC(=O)[C@@H]2C[C@@H](O)CN2C(=O)[C@@H](NC(=O)CCOCCOCCOc2ccc(C(=O)N[C@H]3C(C)(C)[C@H](Oc4ccc(C#N)c(C(F)(F)F)c4)C3(C)C)cc2)C(C)(C)C)cc1,CHEMBL4644730,Activity,8.0,%,CHEMBL4622398,Binding affinity to HSA assessed as free fraction by HPLC analysis
Cc1ncsc1-c1ccc(CNC(=O)[C@@H]2C[C@@H](O)CN2C(=O)[C@@H](NC(=O)COCCCCCOc2ccc(C(=O)N[C@H]3C(C)(C)[C@H](Oc4ccc(C#N)c(C(F)(F)F)c4)C3(C)C)cc2)C(C)(C)C)cc1,CHEMBL4643742,Activity,7.0,%,CHEMBL4622398,Binding affinity to HSA assessed as free fraction by HPLC analysis
CC(O)(COc1ccc(O)cc1)C(=O)Nc1ccc(C#N)c(C(F)(F)F)c1,CHEMBL4637065,Activity,5.0,%,CHEMBL4622398,Binding affinity to HSA assessed as free fraction by HPLC analysis
CN1C(=O)N(c2ccc(C#N)c(C(F)(F)F)c2)C(=O)C1(C)c1ccc(O)cc1,CHEMBL2177236,Activity,5.0,%,CHEMBL4622398,Binding affinity to HSA assessed as free fraction by HPLC analysis
CC1(C)C(=O)N(c2ccc(C#N)c(C(F)(F)F)c2)C(=S)N1c1ccc(O)cc1,CHEMBL1086360,Activity,5.0,%,CHEMBL4622398,Binding affinity to HSA assessed as free fraction by HPLC analysis
N#Cc1ccc(N2CCC[C@@H]2C(O)CO)cc1C(F)(F)F,CHEMBL4648630,Activity,5.0,%,CHEMBL4622398,Binding affinity to HSA assessed as free fraction by HPLC analysis
O=C1CCC(N2C(=O)c3cccc(O)c3C2=O)C(=O)N1,CHEMBL2324714,Activity,5.0,%,CHEMBL4622398,Binding affinity to HSA assessed as free fraction by HPLC analysis
O=C1CC[C@H](N2Cc3c(O)cccc3C2=O)C(=O)N1,CHEMBL4635457,Activity,5.0,%,CHEMBL4622398,Binding affinity to HSA assessed as free fraction by HPLC analysis
OC12CC3CC(CC(C3)C1)C2,CHEMBL2041310,Activity,5.0,%,CHEMBL4622398,Binding affinity to HSA assessed as free fraction by HPLC analysis
Cc1ncsc1-c1ccc(CNC(=O)[C@@H]2C[C@@H](O)CN2C(=O)[C@@H](NC(=O)CCOCCOCCOCCOc2ccc(N3C(=S)N(c4ccc(C#N)c(C(F)(F)F)c4)C(=O)C3(C)C)cc2)C(C)(C)C)cc1,CHEMBL4637920,Activity,11.0,%,CHEMBL4622398,Binding affinity to HSA assessed as free fraction by HPLC analysis
CNC(=O)c1cc(C(=O)NC2CC2)cc2c1O[C@H](C)[C@H]2c1ccccc1,CHEMBL4643660,PB,89.0,%,CHEMBL4622504,Binding affinity to human serum albumin
CNC(=O)c1cc(C(=O)NC2CC2)cc2c1O[C@H](CO)[C@H]2c1ccccc1,CHEMBL4642745,PB,79.0,%,CHEMBL4622504,Binding affinity to human serum albumin
O=C1NC(=O)/C(=C/c2ccc(-c3nc4c5ccccc5c5ccccc5c4[nH]3)cc2)S1,CHEMBL4763026,Kb,9.35,10^4/M,CHEMBL4666121,Binding affinity to human serum albumin assessed as binding constant by UV-Vis absorption spectroscopy
O=C1NC(=O)/C(=C/c2ccc(-c3nc4c5ccccc5c5ccccc5c4[nH]3)cc2)S1,CHEMBL4763026,KSV,3.01,10^6/M,CHEMBL4666123,Binding affinity to human serum albumin assessed as Stern-Volmer quenching constant by fluorescence emission spectroscopy
O=C1NC(=O)/C(=C/c2ccc(-c3nc4c5ccccc5c5ccccc5c4[nH]3)cc2)S1,CHEMBL4763026,Kq,3.01,10^14/M/s,CHEMBL4666124,Binding affinity to human serum albumin assessed as quenching constant by fluorescence emission spectroscopy
O=C1NC(=O)/C(=C/c2ccc(-c3nc4c5ccccc5c5ccccc5c4[nH]3)cc2)S1,CHEMBL4763026,Kb,7.29,10^6/M,CHEMBL4666125,Binding affinity to human serum albumin assessed as binding constant by fluorescence emission spectroscopy
CC(=O)Nc1c(F)cc(C(=O)N[C@H]2CC[C@H](O)CC2)cc1O[C@@H](C)c1ccccc1,CHEMBL4636881,Activity,47.0,%,CHEMBL4668946,Binding affinity to HSA relative to control
Cc1ccc(-c2nc3ccccc3c(-c3c[nH]c4ccccc34)[n+]2[O-])cc1,CHEMBL4748951,Activity,49.2,%,CHEMBL4672295,Binding affinity to HSA assessed as decrease in fluorescence intensity at 100 uM at by fluorescence spectrophotometer assay
Cc1ccc(-c2nc3ccccc3c(-c3c[nH]c4ccccc34)[n+]2[O-])cc1,CHEMBL4748951,Activity,9.0,nm,CHEMBL4672296,Binding affinity to HSA assessed as causing the change of the microenvironment of tyrosine residue by measuring red shift at 0 to 100 uM after 5 mins by fluorescence based Synchronous fluorescence spectroscopy
Cc1ccc(-c2nc3ccccc3c(-c3c[nH]c4ccccc34)[n+]2[O-])cc1,CHEMBL4748951,-TdeltaS,435.73,J/mol.K,CHEMBL4672297,Binding affinity to HSA assessed as change in entropy at 298 K by Van't Hoff plot analysis
Cc1ccc(-c2nc3ccccc3c(-c3c[nH]c4ccccc34)[n+]2[O-])cc1,CHEMBL4748951,deltaG,271.04,kJ/mol,CHEMBL4672298,Binding affinity to HSA assessed as change in gibbs free energy at 303 K by Van't Hoff plot analysis
Cc1ccc(-c2nc3ccccc3c(-c3c[nH]c4ccccc34)[n+]2[O-])cc1,CHEMBL4748951,deltaG,269.74,kJ/mol,CHEMBL4672299,Binding affinity to HSA assessed as change in gibbs free energy at 300 K by Van't Hoff plot analysis
Cc1ccc(-c2nc3ccccc3c(-c3c[nH]c4ccccc34)[n+]2[O-])cc1,CHEMBL4748951,deltaH,139.02,kJ/mol,CHEMBL4672300,Binding affinity to HSA assessed as change in enthalpy at 298 K by Van't Hoff plot analysis
Cc1ccc(-c2nc3ccccc3c(-c3c[nH]c4ccccc34)[n+]2[O-])cc1,CHEMBL4748951,deltaG,268.86,kJ/mol,CHEMBL4672301,Binding affinity to HSA assessed as change in gibbs free energy at 298 K by Van't Hoff plot analysis
Cc1ccc(-c2nc3ccccc3c(-c3c[nH]c4ccccc34)[n+]2[O-])cc1,CHEMBL4748951,K,1.03,10^4L/mol,CHEMBL4672302,Binding affinity to HSA assessed as binding constant at 303 K by fluorescence spectrophotometer assay
Cc1ccc(-c2nc3ccccc3c(-c3c[nH]c4ccccc34)[n+]2[O-])cc1,CHEMBL4748951,K,1.7,10^4L/mol,CHEMBL4672303,Binding affinity to HSA assessed as binding constant at 300 K by fluorescence spectrophotometer assay
Cc1ccc(-c2nc3ccccc3c(-c3c[nH]c4ccccc34)[n+]2[O-])cc1,CHEMBL4748951,Kq,1.33,10^12L/mol.s,CHEMBL4672304,Binding affinity to HSA assessed as quenching constant at 303 K by fluorescence spectrophotometer assay
Cc1ccc(-c2nc3ccccc3c(-c3c[nH]c4ccccc34)[n+]2[O-])cc1,CHEMBL4748951,Kq,1.39,10^12L/mol.s,CHEMBL4672305,Binding affinity to HSA assessed as quenching constant at 300 K by fluorescence spectrophotometer assay
Cc1ccc(-c2nc3ccccc3c(-c3c[nH]c4ccccc34)[n+]2[O-])cc1,CHEMBL4748951,KSV,1.33,10^4L/mol,CHEMBL4672306,Binding affinity to HSA assessed as Stern-Volmer quenching constant at 303 K by fluorescence spectrophotometer assay
Cc1ccc(-c2nc3ccccc3c(-c3c[nH]c4ccccc34)[n+]2[O-])cc1,CHEMBL4748951,Kq,1.4,10^12L/mol.s,CHEMBL4672307,Binding affinity to HSA assessed as quenching constant at 298 K by fluorescence spectrophotometer assay
Cc1ccc(-c2nc3ccccc3c(-c3c[nH]c4ccccc34)[n+]2[O-])cc1,CHEMBL4748951,KSV,1.39,10^4L/mol,CHEMBL4672308,Binding affinity to HSA assessed as Stern-Volmer quenching constant at 300 K by fluorescence spectrophotometer assay
Cc1ccc(-c2nc3ccccc3c(-c3c[nH]c4ccccc34)[n+]2[O-])cc1,CHEMBL4748951,KSV,1.4,10^4L/mol,CHEMBL4672309,Binding affinity to HSA assessed as Stern-Volmer quenching constant at 298 K by fluorescence spectrophotometer assay
Cc1ccc(-c2nc3ccccc3c(-c3c[nH]c4ccccc34)[n+]2[O-])cc1,CHEMBL4748951,K,2.47,10^4L/mol,CHEMBL4672310,Binding affinity to HSA assessed as binding constant at 298 K by fluorescence spectrophotometer assay
CN[C@H]1C(=O)N[C@@H]2Cc3ccc(cc3)Oc3cc4cc(c3O[C@H]3O[C@H](C(=O)O)[C@H](O)[C@H](O)[C@@H]3NC(=O)CCCCCCCCC(C)C)Oc3ccc(cc3Cl)[C@@H](O)[C@@H]3NC(=O)[C@H](NC(=O)[C@@H]4NC(=O)[C@@H](NC2=O)c2cc(cc(O)c2Cl)Oc2cccc1c2)c1ccc(O)c(c1)-c1c(O[C@H]2O[C@H](CO)[C@@H](O)[C@H](O)[C@H]2O)cc(O)cc1[C@@H](C(=O)NCCCN(C)C)NC3=O,CHEMBL4778239,-TdeltaS,1.9,kcal/mol,CHEMBL4672744,Binding affinity to Subdomain IA of HSA at 400 uM by ITC analysis
CN[C@H]1C(=O)N[C@@H]2Cc3ccc(cc3)Oc3cc4cc(c3O[C@H]3O[C@H](C(=O)O)[C@H](O)[C@H](O)[C@@H]3NC(=O)CCCCCCCCC(C)C)Oc3ccc(cc3Cl)[C@@H](O)[C@@H]3NC(=O)[C@H](NC(=O)[C@@H]4NC(=O)[C@@H](NC2=O)c2cc(cc(O)c2Cl)Oc2cccc1c2)c1ccc(O)c(c1)-c1c(O[C@H]2O[C@H](CO)[C@@H](O)[C@H](O)[C@H]2O)cc(O)cc1[C@@H](C(=O)NCCCN(C)C)NC3=O,CHEMBL4778239,deltaH,-8.9,kcal/mol,CHEMBL4672744,Binding affinity to Subdomain IA of HSA at 400 uM by ITC analysis
CN(Cc1cnc2nc(N)nc(N)c2n1)c1ccc(C(=O)N[C@@H](CCC(=O)O)C(=O)O)cc1,CHEMBL34259,K,820.0,/M,CHEMBL4673510,Binding affinity to human serum albumin by Scatchard plot
CC[C@H](C)[C@@H]1NC(=O)[C@H](CC(C)C)NC(=O)CNC(=O)[C@H](Cc2ccccc2)NC(=O)[C@@H]2CCCN2C(=O)[C@H]([C@@H](C)O)NC(=O)[C@H](Cc2ccc(O)cc2)NC(=O)[C@H](Cc2c[nH]cn2)NC(=O)[C@@H](NC(=O)CN)CSSC[C@@H](C(=O)N[C@@H](Cc2ccccc2)C(=O)O)NC1=O,CHEMBL4782334,Activity,3.0,%,CHEMBL4677279,Binding affinity to human serum albumin assessed as remaining parent compound at 3 mM measured up to 24 hrs by RP-HPLC analysis
CC[C@H](C)[C@H](NC(=O)[C@@H](NC(=O)[C@@H](N)Cc1ccccc1)[C@H](C)O)C(=O)N[C@@H](Cc1ccc(O)cc1)C(=O)N1CCC[C@H]1C(=O)NCC(=O)N[C@H]1CSSC[C@@H](C(=O)O)NC(=O)[C@H](Cc2ccccc2)NC(=O)[C@H](CC(C)C)NC(=O)CNC(=O)[C@H](Cc2c[nH]cn2)NC1=O,CHEMBL4797844,Activity,85.0,%,CHEMBL4677279,Binding affinity to human serum albumin assessed as remaining parent compound at 3 mM measured up to 24 hrs by RP-HPLC analysis
C[C@H](CCC(=O)O)[C@H]1CC[C@H]2[C@@H]3[C@H](O)C[C@@H]4C[C@H](O)CC[C@]4(C)[C@H]3CC[C@]12C,CHEMBL240597,PB,96.0,%,CHEMBL4681046,Binding affinity to human serum albumin
C[C@H](CCC(=O)O)[C@H]1CC[C@H]2[C@@H]3[C@@H](O)C[C@@H]4C[C@H](O)CC[C@]4(C)[C@H]3CC[C@]12C,CHEMBL1551,PB,94.0,%,CHEMBL4681046,Binding affinity to human serum albumin
CC[C@H]1[C@@H](O)[C@@H]2[C@H](CC[C@]3(C)[C@@H]([C@H](C)CCC(=O)O)CC[C@@H]23)[C@@]2(C)CC[C@@H](O)C[C@@H]12,CHEMBL566315,PB,96.0,%,CHEMBL4681046,Binding affinity to human serum albumin
CC[C@H]1[C@@H](O)[C@@H]2[C@H]([C@@H](O)C[C@]3(C)[C@@H]([C@H](C)CCC(=O)O)CC[C@@H]23)[C@@]2(C)CC[C@@H](O)C[C@@H]12,CHEMBL4758064,PB,72.0,%,CHEMBL4681046,Binding affinity to human serum albumin
C[C@H](CCC(=O)O)[C@H]1CC[C@H]2[C@@H]3[C@H](O)C[C@@H]4C[C@H](O)CC[C@]4(C)[C@H]3C[C@H](O)[C@]12C,CHEMBL205596,PB,88.0,%,CHEMBL4681046,Binding affinity to human serum albumin
CC1(C)NC(=O)N(c2ccc([N+](=O)[O-])c(C(F)(F)F)c2)C1=O,CHEMBL1274,PPB,70.3,%,CHEMBL4681680,Protein binding in immobilized human serum albumin by HPLC analysis
CC(C)(NC(=O)Nc1ccc(F)c(C(F)(F)F)c1)C(=O)O,CHEMBL4572306,PPB,94.3,%,CHEMBL4681680,Protein binding in immobilized human serum albumin by HPLC analysis
CC1(C)CNC(=O)N(c2ccc(F)c(C(F)(F)F)c2)C1=O,CHEMBL4777133,PPB,21.5,%,CHEMBL4681680,Protein binding in immobilized human serum albumin by HPLC analysis
CC1(C)CC(=O)N(c2ccc(F)c(C(F)(F)F)c2)C(=O)N1,CHEMBL4795534,PPB,15.0,%,CHEMBL4681680,Protein binding in immobilized human serum albumin by HPLC analysis
CC1(C)C(=O)NC(=O)N1c1ccc(F)c(C(F)(F)F)c1,CHEMBL4786811,PPB,67.1,%,CHEMBL4681680,Protein binding in immobilized human serum albumin by HPLC analysis
CC1(C)CN(c2ccc(F)c(C(F)(F)F)c2)C(=O)N1,CHEMBL4777511,PPB,78.3,%,CHEMBL4681680,Protein binding in immobilized human serum albumin by HPLC analysis
CC1(C)NC(=O)C(c2ccc(F)c(C(F)(F)F)c2)C1=O,CHEMBL4754845,PPB,93.3,%,CHEMBL4681680,Protein binding in immobilized human serum albumin by HPLC analysis
CC1(C)OC(=O)N(c2ccc(F)c(C(F)(F)F)c2)C1=O,CHEMBL4790269,PPB,58.1,%,CHEMBL4681680,Protein binding in immobilized human serum albumin by HPLC analysis
CC1(C)CC(=O)N(c2ccc(F)c(C(F)(F)F)c2)C1=O,CHEMBL4787997,PPB,42.5,%,CHEMBL4681680,Protein binding in immobilized human serum albumin by HPLC analysis
O=C1C2CCCN2C(=O)N1c1ccc(F)c(C(F)(F)F)c1,CHEMBL4778185,PPB,46.0,%,CHEMBL4681680,Protein binding in immobilized human serum albumin by HPLC analysis
O=C1NC2(CCCCC2)C(=O)N1c1ccc(F)c(C(F)(F)F)c1,CHEMBL4747499,PPB,74.9,%,CHEMBL4681680,Protein binding in immobilized human serum albumin by HPLC analysis
O=C1NC2(CCCC2)C(=O)N1c1ccc(F)c(C(F)(F)F)c1,CHEMBL4755665,PPB,70.4,%,CHEMBL4681680,Protein binding in immobilized human serum albumin by HPLC analysis
CC1(CO)NC(=O)N(c2ccc(F)c(C(F)(F)F)c2)C1=O,CHEMBL4793158,PPB,34.3,%,CHEMBL4681680,Protein binding in immobilized human serum albumin by HPLC analysis
O=C1N[C@H](c2ccccc2)C(=O)N1c1ccc(F)c(C(F)F)c1,CHEMBL4763136,PPB,90.0,%,CHEMBL4681680,Protein binding in immobilized human serum albumin by HPLC analysis
CC1NC(=O)N(c2ccc(F)c(C(F)F)c2)C1=O,CHEMBL4782196,PPB,38.6,%,CHEMBL4681680,Protein binding in immobilized human serum albumin by HPLC analysis
O=C1CNC(=O)N1c1ccc(F)c(C(F)(F)F)c1,CHEMBL4793070,PPB,43.6,%,CHEMBL4681680,Protein binding in immobilized human serum albumin by HPLC analysis
CC1(C)NC(=O)N(Cc2ccc(F)c(C(F)(F)F)c2)C1=O,CHEMBL4743529,PPB,82.1,%,CHEMBL4681680,Protein binding in immobilized human serum albumin by HPLC analysis
CC1(C)NC(=O)N(c2cnccn2)C1=O,CHEMBL4756377,PPB,5.8,%,CHEMBL4681680,Protein binding in immobilized human serum albumin by HPLC analysis
CC1(C)NC(=O)N(c2ccc(C(F)(F)F)nc2)C1=O,CHEMBL4743225,PPB,18.3,%,CHEMBL4681680,Protein binding in immobilized human serum albumin by HPLC analysis
CC1(C)NC(=O)N(c2cccnc2)C1=O,CHEMBL4763876,PPB,6.6,%,CHEMBL4681680,Protein binding in immobilized human serum albumin by HPLC analysis
CC1(C)NC(=O)N(c2ccnc3ccccc23)C1=O,CHEMBL4778298,PPB,16.9,%,CHEMBL4681680,Protein binding in immobilized human serum albumin by HPLC analysis
CC1(C)NC(=O)N(c2ccnc(C(F)(F)F)c2)C1=O,CHEMBL4748422,PPB,22.7,%,CHEMBL4681680,Protein binding in immobilized human serum albumin by HPLC analysis
CC1(C)NC(=O)N(c2ccncc2)C1=O,CHEMBL4782426,PPB,6.7,%,CHEMBL4681680,Protein binding in immobilized human serum albumin by HPLC analysis
CC1(C)NC(=O)N(c2ccc(F)c(C(F)F)c2)C1=O,CHEMBL4744974,PPB,20.4,%,CHEMBL4681680,Protein binding in immobilized human serum albumin by HPLC analysis
CN(C)C(=O)c1cc(N2C(=O)NC(C)(C)C2=O)ccc1F,CHEMBL4746443,PPB,5.9,%,CHEMBL4681680,Protein binding in immobilized human serum albumin by HPLC analysis
CC1(C)NC(=O)N(c2ccc(F)c(C#N)c2)C1=O,CHEMBL4799429,PPB,14.6,%,CHEMBL4681680,Protein binding in immobilized human serum albumin by HPLC analysis
Cc1ccc(N2C(=O)NC(C)(C)C2=O)cc1C(F)(F)F,CHEMBL4747544,PPB,64.8,%,CHEMBL4681680,Protein binding in immobilized human serum albumin by HPLC analysis
CC1(C)NC(=O)N(c2ccc(Cl)c(C(F)(F)F)c2)C1=O,CHEMBL4750103,PPB,79.6,%,CHEMBL4681680,Protein binding in immobilized human serum albumin by HPLC analysis
CC1(C)NC(=O)N(c2cccc(C(F)(F)F)c2)C1=O,CHEMBL4781708,PPB,49.3,%,CHEMBL4681680,Protein binding in immobilized human serum albumin by HPLC analysis
CC1(C)C(=O)N(c2ccc(F)c(C(F)(F)F)c2)C(=O)N1S(=O)(=O)c1ccccc1,CHEMBL4748557,PPB,96.1,%,CHEMBL4681680,Protein binding in immobilized human serum albumin by HPLC analysis
CC1(C)C(=O)N(c2ccc(F)c(C(F)(F)F)c2)C(=O)N1S(C)(=O)=O,CHEMBL4740944,PPB,66.0,%,CHEMBL4681680,Protein binding in immobilized human serum albumin by HPLC analysis
CC1(C)C(=O)N(c2ccc(F)c(C(F)(F)F)c2)C(=O)N1CCc1ccccc1,CHEMBL4786505,PPB,96.2,%,CHEMBL4681680,Protein binding in immobilized human serum albumin by HPLC analysis
CC1(C)C(=O)N(c2ccc(F)c(C(F)(F)F)c2)C(=O)N1CC#N,CHEMBL4758277,PPB,48.2,%,CHEMBL4681680,Protein binding in immobilized human serum albumin by HPLC analysis
CC1(C)C(=O)N(c2ccc(F)c(C(F)(F)F)c2)C(=O)N1CC(N)=O,CHEMBL4779897,PPB,20.3,%,CHEMBL4681680,Protein binding in immobilized human serum albumin by HPLC analysis
CCN1C(=O)N(c2ccc(F)c(C(F)(F)F)c2)C(=O)C1(C)C,CHEMBL4799175,PPB,49.3,%,CHEMBL4681680,Protein binding in immobilized human serum albumin by HPLC analysis
CN1C(=O)N(c2ccc(F)c(C(F)(F)F)c2)C(=O)C1(C)C,CHEMBL4778974,PPB,40.9,%,CHEMBL4681680,Protein binding in immobilized human serum albumin by HPLC analysis
CC1(C)NC(=O)N(c2ccc(F)c(C(F)(F)F)c2)C1=O,CHEMBL4465426,PPB,52.1,%,CHEMBL4681680,Protein binding in immobilized human serum albumin by HPLC analysis
N#CC1=C(N)n2c(=O)c3ccccc3c(=O)n2C1c1ccccc1Cl,CHEMBL4764513,Kapp,5.2,10^3/M,CHEMBL4688829,Binding affinity to human serum albumin assessed as apparent binding constant for protein-compound complex by B-H plot analysis
N#CC1=C(N)n2c(=O)c3ccccc3c(=O)n2C1c1ccccc1OCCOc1ccccc1C1C(C#N)=C(N)n2c(=O)c3ccccc3c(=O)n21,CHEMBL4750384,Kapp,3.8,10^4/M,CHEMBL4688829,Binding affinity to human serum albumin assessed as apparent binding constant for protein-compound complex by B-H plot analysis
N#CC1=C(N)n2c(=O)c3ccccc3c(=O)n2C1c1ccccc1Cl,CHEMBL4764513,Activity,47.71,%,CHEMBL4688831,Binding affinity to human serum albumin assessed as induction of secondary structural changes by measuring decrease in alpha content at 187 uM by circular dichroism spectroscopy relative to control
N#CC1=C(N)n2c(=O)c3ccccc3c(=O)n2C1c1ccccc1OCCOc1ccccc1C1C(C#N)=C(N)n2c(=O)c3ccccc3c(=O)n21,CHEMBL4750384,Activity,48.08,%,CHEMBL4688831,Binding affinity to human serum albumin assessed as induction of secondary structural changes by measuring decrease in alpha content at 187 uM by circular dichroism spectroscopy relative to control
N#CC1=C(N)n2c(=O)c3ccccc3c(=O)n2C1c1ccccc1Cl,CHEMBL4764513,Activity,-13.25,mV,CHEMBL4688832,Binding affinity to human serum albumin assessed as zeta potential by measuring surface charge (Rvb = -16.15 mV)
N#CC1=C(N)n2c(=O)c3ccccc3c(=O)n2C1c1ccccc1OCCOc1ccccc1C1C(C#N)=C(N)n2c(=O)c3ccccc3c(=O)n21,CHEMBL4750384,Activity,-14.41,mV,CHEMBL4688832,Binding affinity to human serum albumin assessed as zeta potential by measuring surface charge (Rvb = -16.15 mV)
N#CC1=C(N)n2c(=O)c3ccccc3c(=O)n2C1c1ccccc1Cl,CHEMBL4764513,Activity,5.13,nm,CHEMBL4688833,Binding affinity to human serum albumin assessed as change in hydrodynamic radius by dynamic light scattering analysis (Rvb = 3.56 nanometer)
N#CC1=C(N)n2c(=O)c3ccccc3c(=O)n2C1c1ccccc1OCCOc1ccccc1C1C(C#N)=C(N)n2c(=O)c3ccccc3c(=O)n21,CHEMBL4750384,Activity,5.28,nm,CHEMBL4688833,Binding affinity to human serum albumin assessed as change in hydrodynamic radius by dynamic light scattering analysis (Rvb = 3.56 nanometer)
C/C=C(\C)C(=O)O[C@H](C)C[C@@H]1CCCN1C(=O)CCCCCCCCC,CHEMBL4785252,KSV,3.0,10^4/M,CHEMBL4703571,Binding affinity to human serum albumin assessed as quenching constant by Stern-Volmer plot analysis
C/C=C(\C)C(=O)O[C@@H](C)C[C@H]1CCCN1C(=O)CCCCCCCCC,CHEMBL4752977,KSV,1.3,10^5/M,CHEMBL4703571,Binding affinity to human serum albumin assessed as quenching constant by Stern-Volmer plot analysis
C/C=C(\C)C(=O)O[C@@H](C)C[C@@H]1CCCN1C(=O)CCCCCCCCC,CHEMBL4742087,KSV,3.0,10^4/M,CHEMBL4703571,Binding affinity to human serum albumin assessed as quenching constant by Stern-Volmer plot analysis
C/C=C(\C)C(=O)O[C@H](C)C[C@H]1CCCN1C(=O)CCCCCCCCC,CHEMBL4760203,KSV,7.2,10^5/M,CHEMBL4703571,Binding affinity to human serum albumin assessed as quenching constant by Stern-Volmer plot analysis
C/C=C(\C)C(=O)O[C@H](C)C[C@@H]1CCCN1C(=O)CCCCCCCCC,CHEMBL4785252,Kb,5.9,10^4/M,CHEMBL4703572,Binding affinity to human serum albumin by Stern-Volmer plot analysis by ITC assay
C/C=C(\C)C(=O)O[C@@H](C)C[C@H]1CCCN1C(=O)CCCCCCCCC,CHEMBL4752977,Kb,16.0,10^4/M,CHEMBL4703572,Binding affinity to human serum albumin by Stern-Volmer plot analysis by ITC assay
C/C=C(\C)C(=O)O[C@@H](C)C[C@@H]1CCCN1C(=O)CCCCCCCCC,CHEMBL4742087,Kb,7.2,10^4/M,CHEMBL4703572,Binding affinity to human serum albumin by Stern-Volmer plot analysis by ITC assay
C/C=C(\C)C(=O)O[C@H](C)C[C@H]1CCCN1C(=O)CCCCCCCCC,CHEMBL4760203,Kb,6.4,10^4/M,CHEMBL4703572,Binding affinity to human serum albumin by Stern-Volmer plot analysis by ITC assay
CC(=O)CC(c1ccccc1)c1c(O)c2ccccc2oc1=O,CHEMBL1464,Kb,2.8,10^5/M,CHEMBL4703572,Binding affinity to human serum albumin by Stern-Volmer plot analysis by ITC assay
CC(C)Cc1ccc(C(C)C(=O)O)cc1,CHEMBL521,Kb,2.9,10^6/M,CHEMBL4703572,Binding affinity to human serum albumin by Stern-Volmer plot analysis by ITC assay
CCCCCCCCCCCCCCCC(=O)NCCCCCCNC(=O)C1CCCCNC(=O)CCN2C(=O)CC(SC[C@H](NC(=O)[C@H](Cc3ccc(O)cc3)NC(=O)[C@H](CCC(=O)O)NC(=O)[C@@H](NC(=O)[C@@H](NC(=O)[C@H](CC(=O)O)NC(=O)[C@H](CC(N)=O)NC(=O)[C@@H](NC(=O)[C@H](Cc3ccc(O)cc3)NC(=O)[C@@H](NC(=O)CNC(=O)[C@H](CCC(=O)O)NC(=O)C(C)(C)NC(=O)[C@@H](N)Cc3c[nH]cn3)[C@@H](C)O)[C@@H](C)O)C(C)C)[C@@H](C)O)C(=O)N[C@@H](CCC(=O)O)C(=O)N[C@@H](CCC(=O)O)C(=O)N[C@@H](CCC(=O)O)C(=O)N[C@@H](C)C(=O)N[C@@H](C)C(=O)N[C@@H](CCCCN)C(=O)N[C@H](C(=O)N[C@@H](Cc3ccccc3)C(=O)N[C@H](C(=O)N[C@@H](CCC(=O)O)C(=O)N[C@@H](Cc3c[nH]c4ccccc34)C(=O)N[C@@H](CC(C)C)C(=O)N[C@H](C(=O)N[C@@H](CCCCN)C(=O)NCC(=O)N[C@@H](CCCCN)C(=O)N3CCC[C@H]3C(=O)N[C@@H](CO)C(=O)N[C@@H](CO)C(=O)NCC(=O)N[C@@H](C)C(=O)N3CCC[C@H]3C(=O)N3CCC[C@H]3C(=O)N3CCC[C@H]3C(=O)N[C@@H](CO)C(N)=O)[C@@H](C)CC)[C@@H](C)CC)CSC3CC(=O)N(CCC(=O)N1)C3=O)C2=O,CHEMBL4788056,PB,83.8,%,CHEMBL4704630,Binding affinity to human serum albumin in PBS pH 7.4 at 100 ug/mL incubated for 2 hrs by LC-MS/MS analysis relative to control
CCCCCCCCCCCCCCCC(=O)NCCCCCCNC(=O)C1CCCCNC(=O)CCN2C(=O)CC(SC[C@H](NC(=O)[C@H](CCCCN)NC(=O)[C@H](C)NC(=O)[C@H](C)NC(=O)[C@H](CCC(=O)O)NC(=O)[C@H](CCC(=O)O)NC(=O)[C@H](CCC(=O)O)NC(=O)[C@H](CC(C)C)NC(=O)[C@H](Cc3ccc(O)cc3)NC(=O)[C@H](CCC(=O)O)NC(=O)[C@@H](NC(=O)[C@@H](NC(=O)[C@H](CC(=O)O)NC(=O)[C@H](CC(N)=O)NC(=O)[C@@H](NC(=O)[C@H](Cc3ccc(O)cc3)NC(=O)[C@@H](NC(=O)CNC(=O)[C@H](CCC(=O)O)NC(=O)C(C)(C)NC(=O)[C@@H](N)Cc3c[nH]cn3)[C@@H](C)O)[C@@H](C)O)C(C)C)[C@@H](C)O)C(=O)N[C@@H](Cc3ccccc3)C(=O)N[C@@H]([C@@H](C)CC)C(=O)N[C@@H](CCC(=O)O)C(=O)N[C@@H](Cc3c[nH]c4ccccc34)C(=O)N[C@@H](CC(C)C)C(=O)N[C@@H]([C@@H](C)CC)C(=O)N[C@H](C(=O)NCC(=O)N[C@@H](CCCCN)C(=O)N3CCC[C@H]3C(=O)N[C@@H](CO)C(=O)N[C@@H](CO)C(=O)NCC(=O)N[C@@H](C)C(=O)N3CCC[C@H]3C(=O)N3CCC[C@H]3C(=O)N3CCC[C@H]3C(=O)N[C@@H](CO)C(N)=O)CSC3CC(=O)N(CCC(=O)N1)C3=O)C2=O,CHEMBL4757461,PB,85.0,%,CHEMBL4704630,Binding affinity to human serum albumin in PBS pH 7.4 at 100 ug/mL incubated for 2 hrs by LC-MS/MS analysis relative to control
CC[C@H](C)[C@H](NC(=O)[C@H](CC(C)C)NC(=O)[C@H](Cc1c[nH]c2ccccc12)NC(=O)[C@H](CCC(=O)O)NC(=O)[C@@H](NC(=O)[C@H](Cc1ccccc1)NC(=O)[C@@H]1CSC2CC(=O)N(CCC(=O)NC(C(=O)NCCCCCCNC(=O)COCCOCCNC(=O)CCC(NC(=O)CCCCCCCCCCCCCCCCC(=O)O)C(=O)O)CCCCNC(=O)CCN3C(=O)CC(SC[C@H](NC(=O)[C@H](Cc4ccc(O)cc4)NC(=O)[C@H](CCC(=O)O)NC(=O)[C@@H](NC(=O)[C@@H](NC(=O)[C@H](CC(=O)O)NC(=O)[C@H](CC(N)=O)NC(=O)[C@@H](NC(=O)[C@H](Cc4ccc(O)cc4)NC(=O)[C@@H](NC(=O)CNC(=O)[C@H](CCC(=O)O)NC(=O)C(C)(C)NC(=O)[C@@H](N)Cc4c[nH]cn4)[C@@H](C)O)[C@@H](C)O)C(C)C)[C@@H](C)O)C(=O)N[C@@H](CCC(=O)O)C(=O)N[C@@H](CCC(=O)O)C(=O)N[C@@H](CCC(=O)O)C(=O)N[C@@H](C)C(=O)N[C@@H](C)C(=O)N[C@@H](CCCCN)C(=O)N1)C3=O)C2=O)[C@@H](C)CC)C(=O)N[C@@H](CCCCN)C(=O)NCC(=O)N[C@@H](CCCCN)C(N)=O,CHEMBL4782675,PB,92.6,%,CHEMBL4704630,Binding affinity to human serum albumin in PBS pH 7.4 at 100 ug/mL incubated for 2 hrs by LC-MS/MS analysis relative to control
CC[C@H](C)[C@@H]1NC(=O)[C@H](CC(C)C)NC(=O)[C@H](Cc2c[nH]c3ccccc23)NC(=O)[C@H](CCC(=O)O)NC(=O)[C@H]([C@@H](C)CC)NC(=O)[C@H](Cc2ccccc2)NC(=O)[C@@H](NC(=O)[C@H](CCCCN)NC(=O)[C@H](C)NC(=O)[C@H](C)NC(=O)[C@H](CCC(=O)O)NC(=O)[C@H](CCC(=O)O)NC(=O)[C@H](CCC(=O)O)NC(=O)[C@H](CC(C)C)NC(=O)[C@H](Cc2ccc(O)cc2)NC(=O)[C@H](CCC(=O)O)NC(=O)[C@@H](NC(=O)[C@@H](NC(=O)[C@H](CC(=O)O)NC(=O)[C@H](CC(N)=O)NC(=O)[C@@H](NC(=O)[C@H](Cc2ccc(O)cc2)NC(=O)[C@@H](NC(=O)CNC(=O)[C@H](CCC(=O)O)NC(=O)C(C)(C)NC(=O)[C@@H](N)Cc2c[nH]cn2)[C@@H](C)O)[C@@H](C)O)C(C)C)[C@@H](C)O)CSC2CC(=O)N(CCC(=O)NC(C(=O)NCCCCCCNC(=O)COCCOCCNC(=O)CCC(NC(=O)CCCCCCCCCCCCCCCCC(=O)O)C(=O)O)CCCCNC(=O)CCN3C(=O)CC(SC[C@@H](C(=O)NCC(=O)N[C@@H](CCCCN)C(N)=O)NC1=O)C3=O)C2=O,CHEMBL4776467,PB,91.6,%,CHEMBL4704630,Binding affinity to human serum albumin in PBS pH 7.4 at 100 ug/mL incubated for 2 hrs by LC-MS/MS analysis relative to control
CC[C@H](C)[C@H](NC(=O)[C@H](CC(C)C)NC(=O)[C@H](Cc1c[nH]c2ccccc12)NC(=O)[C@H](CCC(=O)O)NC(=O)[C@@H](NC(=O)[C@H](Cc1ccccc1)NC(=O)[C@@H]1CSC2CC(=O)N(CCC(=O)NC(C(=O)NCCCCCCNC(=O)COCCOCCNC(=O)COCCOCCNC(=O)CCC(NC(=O)CCCCCCCCCCCCCCCCC(=O)O)C(=O)O)CCCCNC(=O)CCN3C(=O)CC(SC[C@H](NC(=O)[C@H](Cc4ccc(O)cc4)NC(=O)[C@H](CCC(=O)O)NC(=O)[C@@H](NC(=O)[C@@H](NC(=O)[C@H](CC(=O)O)NC(=O)[C@H](CC(N)=O)NC(=O)[C@@H](NC(=O)[C@H](Cc4ccc(O)cc4)NC(=O)[C@@H](NC(=O)CNC(=O)[C@H](CCC(=O)O)NC(=O)C(C)(C)NC(=O)[C@@H](N)Cc4c[nH]cn4)[C@@H](C)O)[C@@H](C)O)C(C)C)[C@@H](C)O)C(=O)N[C@@H](CCC(=O)O)C(=O)N[C@@H](CCC(=O)O)C(=O)N[C@@H](CCC(=O)O)C(=O)N[C@@H](C)C(=O)N[C@@H](C)C(=O)N[C@@H](CCCCN)C(=O)N1)C3=O)C2=O)[C@@H](C)CC)C(=O)N[C@@H](CCCCN)C(=O)NCC(=O)N[C@@H](CCCCN)C(=O)N1CCC[C@H]1C(=O)N[C@@H](CO)C(=O)N[C@@H](CO)C(=O)NCC(=O)N[C@@H](C)C(=O)N1CCC[C@H]1C(=O)N1CCC[C@H]1C(=O)N1CCC[C@H]1C(=O)N[C@@H](CO)C(N)=O,CHEMBL4796243,PB,95.3,%,CHEMBL4704630,Binding affinity to human serum albumin in PBS pH 7.4 at 100 ug/mL incubated for 2 hrs by LC-MS/MS analysis relative to control
CC[C@H](C)[C@@H]1NC(=O)[C@H](CC(C)C)NC(=O)[C@H](Cc2c[nH]c3ccccc23)NC(=O)[C@H](CCC(=O)O)NC(=O)[C@H]([C@@H](C)CC)NC(=O)[C@H](Cc2ccccc2)NC(=O)[C@@H](NC(=O)[C@H](CCCCN)NC(=O)[C@H](C)NC(=O)[C@H](C)NC(=O)[C@H](CCC(=O)O)NC(=O)[C@H](CCC(=O)O)NC(=O)[C@H](CCC(=O)O)NC(=O)[C@H](CC(C)C)NC(=O)[C@H](Cc2ccc(O)cc2)NC(=O)[C@H](CCC(=O)O)NC(=O)[C@@H](NC(=O)[C@@H](NC(=O)[C@H](CC(=O)O)NC(=O)[C@H](CC(N)=O)NC(=O)[C@@H](NC(=O)[C@H](Cc2ccc(O)cc2)NC(=O)[C@@H](NC(=O)CNC(=O)[C@H](CCC(=O)O)NC(=O)C(C)(C)NC(=O)[C@@H](N)Cc2c[nH]cn2)[C@@H](C)O)[C@@H](C)O)C(C)C)[C@@H](C)O)CSC2CC(=O)N(CCC(=O)NC(C(=O)NCCCCCCNC(=O)COCCOCCNC(=O)COCCOCCNC(=O)CCC(NC(=O)CCCCCCCCCCCCCCCCC(=O)O)C(=O)O)CCCCNC(=O)CCN3C(=O)CC(SC[C@@H](C(=O)NCC(=O)N[C@@H](CCCCN)C(=O)N4CCC[C@H]4C(=O)N[C@@H](CO)C(=O)N[C@@H](CO)C(=O)NCC(=O)N[C@@H](C)C(=O)N4CCC[C@H]4C(=O)N4CCC[C@H]4C(=O)N[C@@H](CO)C(=O)N[C@@H](CCCCN)C(=O)N[C@@H](CCCCN)C(=O)N[C@@H](CCCCN)C(=O)N[C@@H](CCCCN)C(=O)N[C@@H](CCCCN)C(=O)N[C@@H](CCCCN)C(N)=O)NC1=O)C3=O)C2=O,CHEMBL4764287,PB,96.7,%,CHEMBL4704630,Binding affinity to human serum albumin in PBS pH 7.4 at 100 ug/mL incubated for 2 hrs by LC-MS/MS analysis relative to control
CCCCCCCCCCCCCCCC(=O)NC(CCC(=O)NCCCC[C@H](NC(=O)[C@H](C)NC(=O)[C@H](C)NC(=O)[C@H](CCC(N)=O)NC(=O)CNC(=O)[C@H](CCC(=O)O)NC(=O)[C@H](CC(C)C)NC(=O)[C@H](Cc1ccc(O)cc1)NC(=O)[C@H](CO)NC(=O)[C@H](CO)NC(=O)[C@@H](NC(=O)[C@H](CC(=O)O)NC(=O)[C@H](CO)NC(=O)[C@@H](NC(=O)[C@H](Cc1ccccc1)NC(=O)[C@@H](NC(=O)CNC(=O)[C@H](CCC(=O)O)NC(=O)[C@H](C)NC(=O)[C@@H](N)Cc1c[nH]cn1)[C@@H](C)O)[C@@H](C)O)C(C)C)C(=O)N[C@@H](CCC(=O)O)C(=O)N[C@@H](Cc1ccccc1)C(=O)N[C@H](C(=O)N[C@@H](C)C(=O)N[C@@H](Cc1c[nH]c2ccccc12)C(=O)N[C@@H](CC(C)C)C(=O)N[C@H](C(=O)N[C@@H](CCCN=C(N)N)C(=O)NCC(=O)N[C@@H](CCCN=C(N)N)C(=O)NCC(=O)O)C(C)C)[C@@H](C)CC)C(=O)O,CHEMBL439305,PB,90.6,%,CHEMBL4704630,Binding affinity to human serum albumin in PBS pH 7.4 at 100 ug/mL incubated for 2 hrs by LC-MS/MS analysis relative to control
CC[C@H](C)[C@H](NC(=O)[C@H](Cc1ccccc1)NC(=O)[C@H](CCC(=O)O)NC(=O)[C@H](CCCCNC(=O)COCCOCCNC(=O)COCCOCCNC(=O)CCC(NC(=O)CCCCCCCCCCCCCCCCC(=O)O)C(=O)O)NC(=O)[C@H](C)NC(=O)[C@H](C)NC(=O)[C@H](CCC(N)=O)NC(=O)CNC(=O)[C@H](CCC(=O)O)NC(=O)[C@H](CC(C)C)NC(=O)[C@H](Cc1ccc(O)cc1)NC(=O)[C@H](CO)NC(=O)[C@H](CO)NC(=O)[C@@H](NC(=O)[C@H](CC(=O)O)NC(=O)[C@H](CO)NC(=O)[C@@H](NC(=O)[C@H](Cc1ccccc1)NC(=O)[C@@H](NC(=O)CNC(=O)[C@H](CCC(=O)O)NC(=O)C(C)(C)NC(=O)[C@@H](N)Cc1cnc[nH]1)[C@@H](C)O)[C@@H](C)O)C(C)C)C(=O)N[C@@H](C)C(=O)N[C@@H](Cc1c[nH]c2ccccc12)C(=O)N[C@@H](CC(C)C)C(=O)N[C@H](C(=O)N[C@@H](CCCNC(=N)N)C(=O)NCC(=O)N[C@@H](CCCNC(=N)N)C(=O)NCC(=O)O)C(C)C,CHEMBL4752331,PB,97.8,%,CHEMBL4704630,Binding affinity to human serum albumin in PBS pH 7.4 at 100 ug/mL incubated for 2 hrs by LC-MS/MS analysis relative to control
C=C(C)[C@@H]1CC[C@]2(C(=O)O)CC[C@]3(C)[C@H](CC[C@@H]4[C@@]5(C)CC[C@H](OC(=O)CC(C)(C)C(=O)O)C(C)(C)[C@@H]5CC[C@]43C)[C@@H]12,CHEMBL404519,PB,99.0,%,CHEMBL4712034,Protein binding in human serum albumin
Nc1ccc(-n2cc(CNC(=O)c3c[nH]c(-c4ccccc4)n3)nn2)cc1,CHEMBL4764036,KSV,4.38,10^4L/mol,CHEMBL4713619,Binding affinity to human serum albumin assessed as Stem-Volmer quenching constant
NC(=O)c1ccc(-n2cc(CNC(=O)c3c[nH]c(-c4ccccc4)n3)nn2)cc1,CHEMBL4754730,KSV,5.02,10^4L/mol,CHEMBL4713619,Binding affinity to human serum albumin assessed as Stem-Volmer quenching constant
Nc1ccc(-n2cc(CNC(=O)c3c[nH]c(-c4ccccc4)n3)nn2)cc1,CHEMBL4764036,Kq,8.11,10^12L/mol/s,CHEMBL4713620,Binding affinity to human serum albumin assessed as quenching constant
NC(=O)c1ccc(-n2cc(CNC(=O)c3c[nH]c(-c4ccccc4)n3)nn2)cc1,CHEMBL4754730,Kq,8.36,10^12L/mol/s,CHEMBL4713620,Binding affinity to human serum albumin assessed as quenching constant
Nc1ccc(-n2cc(CNC(=O)c3c[nH]c(-c4ccccc4)n3)nn2)cc1,CHEMBL4764036,Kb,2.16,10^3L/mol,CHEMBL4713621,Binding affinity to human serum albumin assessed as binding constant
NC(=O)c1ccc(-n2cc(CNC(=O)c3c[nH]c(-c4ccccc4)n3)nn2)cc1,CHEMBL4754730,Kb,2.58,10^3L/mol,CHEMBL4713621,Binding affinity to human serum albumin assessed as binding constant
Nc1ccc(-n2cc(CNC(=O)c3c[nH]c(-c4ccccc4)n3)nn2)cc1,CHEMBL4764036,Activity,1.81,nm,CHEMBL4713624,Binding affinity to human serum albumin assessed as critical distance with 50% energy transfer between protein and compound by FRET assay
NC(=O)c1ccc(-n2cc(CNC(=O)c3c[nH]c(-c4ccccc4)n3)nn2)cc1,CHEMBL4754730,Activity,1.49,nm,CHEMBL4713624,Binding affinity to human serum albumin assessed as critical distance with 50% energy transfer between protein and compound by FRET assay
Nc1ccc(-n2cc(CNC(=O)c3c[nH]c(-c4ccccc4)n3)nn2)cc1,CHEMBL4764036,Activity,2.36,nm,CHEMBL4713625,Binding affinity to human serum albumin assessed as distance between the acceptor and donor by FRET assay
NC(=O)c1ccc(-n2cc(CNC(=O)c3c[nH]c(-c4ccccc4)n3)nn2)cc1,CHEMBL4754730,Activity,2.09,nm,CHEMBL4713625,Binding affinity to human serum albumin assessed as distance between the acceptor and donor by FRET assay
CN[C@H](CC(C)C)C(=O)N[C@H]1C(=O)N[C@@H](CC(N)=O)C(=O)N[C@H]2C(=O)N[C@H]3C(=O)N[C@H](C(=O)N[C@H](C(=O)O)c4cc(O)cc(O)c4-c4cc3ccc4O)[C@H](O[C@H]3C[C@](C)(N)[C@@H](O)[C@H](C)O3)c3ccc(c(Cl)c3)Oc3cc2cc(c3O[C@@H]2O[C@H](CO)[C@@H](O)[C@H](O)[C@H]2O[C@H]2C[C@](C)(NCc3ccc(-c4ccc(Cl)cc4)cc3)[C@@H](O)[C@H](C)O2)Oc2ccc(cc2Cl)[C@H]1O,CHEMBL1688530,PB,90.0,%,CHEMBL4733945,Protein binding to human serum albumin
CCCCCCCCCCNCCN[C@@]1(C)C[C@H](O[C@H]2[C@H](Oc3c4cc5cc3Oc3ccc(cc3Cl)[C@@H](O)[C@@H](NC(=O)[C@@H](CC(C)C)NC)C(=O)N[C@@H](CC(N)=O)C(=O)N[C@H]5C(=O)N[C@H]3C(=O)N[C@H](C(=O)N[C@H](C(=O)O)c5cc(O)c(CNCP(=O)(O)O)c(O)c5-c5cc3ccc5O)[C@H](O)c3ccc(c(Cl)c3)O4)O[C@H](CO)[C@@H](O)[C@@H]2O)O[C@@H](C)[C@H]1O,CHEMBL507870,PB,93.0,%,CHEMBL4733945,Protein binding to human serum albumin
CN[C@H]1C(=O)N[C@@H]2Cc3ccc(cc3)Oc3cc4cc(c3O[C@@H]3O[C@H](C(=O)O)[C@@H](O)[C@H](O)[C@H]3NC(=O)CCCCCCC(C)C)Oc3ccc(cc3Cl)[C@@H](O)[C@@H]3NC(=O)[C@H](NC(=O)[C@@H]4NC(=O)[C@@H](NC2=O)c2cc(cc(O)c2Cl)Oc2ccc1cc2O)c1ccc(O)c(c1)-c1c(O[C@H]2O[C@H](CO)[C@@H](O)[C@H](O)[C@@H]2O)cc(O)cc1[C@@H](C(=O)NCCCN(C)C)NC3=O,CHEMBL4785392,PB,99.0,%,CHEMBL4733945,Protein binding to human serum albumin
CN[C@H](CC(C)C)C(=O)N[C@H]1C(=O)N[C@@H](CC(N)=O)C(=O)N[C@H]2C(=O)N[C@H]3C(=O)N[C@H](C(=O)N[C@H](C(=O)O)c4cc(O)cc(O)c4-c4cc3ccc4O)[C@H](O)c3ccc(c(Cl)c3)Oc3cc2cc(c3O[C@@H]2O[C@H](CO)[C@@H](O)[C@H](O)[C@H]2O[C@H]2C[C@](C)(N)[C@H](O)[C@H](C)O2)Oc2ccc(cc2Cl)[C@H]1O,CHEMBL262777,PB,10.0,%,CHEMBL4733945,Protein binding to human serum albumin
CC[C@H](C)[C@H](NC(=O)[C@H](CC(C)C)NC(=O)[C@H](Cc1c[nH]c2ccccc12)NC(=O)[C@H](CCC(=O)O)NC(=O)[C@@H](NC(=O)[C@H](Cc1ccccc1)NC(=O)[C@H](CCC(=O)O)NC(=O)[C@H](CCCCNC(=O)CC[C@H](NC(=O)CCCCCNC(=O)COC(=O)C(C)(C)CCCOc1cc(C)ccc1C)C(=O)O)NC(=O)[C@H](C)NC(=O)[C@H](C)NC(=O)[C@H](CCC(=O)O)NC(=O)[C@H](CCC(=O)O)NC(=O)[C@H](CCC(=O)O)NC(=O)[C@H](CC(C)C)NC(=O)[C@H](Cc1ccc(O)cc1)NC(=O)[C@H](CCC(=O)O)NC(=O)[C@@H](NC(=O)[C@@H](NC(=O)[C@H](CC(=O)O)NC(=O)[C@H](CC(N)=O)NC(=O)[C@@H](NC(=O)[C@H](Cc1ccc(O)cc1)NC(=O)[C@@H](NC(=O)CNC(=O)[C@H](CCC(=O)O)NC(=O)CNC(=O)[C@@H](N)Cc1cnc[nH]1)[C@@H](C)O)[C@@H](C)O)C(C)C)C(C)O)[C@@H](C)CC)C(=O)N[C@@H](CCCCN)C(=O)NCC(=O)N[C@@H](CCCCN)C(=O)N1CCC[C@H]1C(=O)N[C@@H](CO)C(=O)N[C@@H](CO)C(=O)NCC(=O)N[C@@H](C)C(=O)N1CCC[C@H]1C(=O)N1CCC[C@H]1C(=O)N1CCC[C@H]1C(=O)N[C@@H](CO)C(=O)O,CHEMBL4798995,K,6.8,,CHEMBL4769745,Binding affinity to human serum albumin assessed as retention factor by HPAC method
CC[C@H](C)[C@H](NC(=O)[C@H](CC(C)C)NC(=O)[C@H](Cc1c[nH]c2ccccc12)NC(=O)[C@H](CCC(=O)O)NC(=O)[C@@H](NC(=O)[C@H](Cc1ccccc1)NC(=O)[C@H](CCC(=O)O)NC(=O)[C@H](CCCCNC(=O)CC[C@H](NC(=O)CCCCCCCCCCNC(=O)COC(=O)C(C)(C)CCCOc1cc(C)ccc1C)C(=O)O)NC(=O)[C@H](C)NC(=O)[C@H](C)NC(=O)[C@H](CCC(=O)O)NC(=O)[C@H](CCC(=O)O)NC(=O)[C@H](CCC(=O)O)NC(=O)[C@H](CC(C)C)NC(=O)[C@H](Cc1ccc(O)cc1)NC(=O)[C@H](CCC(=O)O)NC(=O)[C@@H](NC(=O)[C@@H](NC(=O)[C@H](CC(=O)O)NC(=O)[C@H](CC(N)=O)NC(=O)[C@@H](NC(=O)[C@H](Cc1ccc(O)cc1)NC(=O)[C@@H](NC(=O)CNC(=O)[C@H](CCC(=O)O)NC(=O)CNC(=O)[C@@H](N)Cc1cnc[nH]1)C(C)O)C(C)O)C(C)C)[C@@H](C)O)[C@@H](C)CC)C(=O)N[C@@H](CCCCN)C(=O)NCC(=O)N[C@@H](CCCCN)C(=O)N1CCC[C@H]1C(=O)N[C@@H](CO)C(=O)N[C@@H](CO)C(=O)NCC(=O)N[C@@H](C)C(=O)N1CCC[C@H]1C(=O)N1CCC[C@H]1C(=O)N1CCC[C@H]1C(=O)N[C@@H](CO)C(=O)O,CHEMBL4792269,K,7.6,,CHEMBL4769745,Binding affinity to human serum albumin assessed as retention factor by HPAC method
CC[C@H](C)[C@H](NC(=O)[C@H](CC(C)C)NC(=O)[C@H](Cc1c[nH]c2ccccc12)NC(=O)[C@H](CCC(=O)O)NC(=O)[C@@H](NC(=O)[C@H](Cc1ccccc1)NC(=O)[C@H](CCC(=O)O)NC(=O)C(CCCCNC(=O)CC[C@H](NC(=O)CCCCCNC(=O)COC(=O)C(C)(C)CCCOc1cc(C)ccc1C)C(=O)O)NC(=O)[C@H](C)NC(=O)[C@H](C)NC(=O)[C@H](CCC(=O)O)NC(=O)[C@H](CCC(=O)O)NC(=O)[C@H](CCC(=O)O)NC(=O)[C@H](CC(C)C)NC(=O)[C@H](Cc1ccc(O)cc1)NC(=O)[C@H](CCC(=O)O)NC(=O)[C@@H](NC(=O)[C@@H](NC(=O)[C@H](CC(=O)O)NC(=O)[C@H](CC(N)=O)NC(=O)[C@@H](NC(=O)[C@H](Cc1ccc(O)cc1)NC(=O)[C@@H](NC(=O)CNC(=O)[C@H](CCC(=O)O)NC(=O)CNC(=O)[C@@H](N)Cc1cnc[nH]1)[C@@H](C)O)[C@@H](C)O)C(C)C)[C@@H](C)O)[C@@H](C)CC)C(=O)N[C@@H](CCCCN)C(=O)NCC(=O)N[C@@H](CCCCN)C(=O)N1CCC[C@H]1C(=O)N[C@@H](CO)C(=O)N[C@@H](CO)C(=O)NCC(=O)N[C@@H](C)C(=O)N1CCC[C@H]1C(=O)N1CCC[C@H]1C(=O)N[C@@H](CO)C(=O)N[C@@H](CCCCN)C(=O)N[C@@H](CCCCN)C(=O)N[C@@H](CCCCN)C(=O)N[C@@H](CCCCN)C(=O)N[C@@H](CCCCN)C(=O)N[C@@H](CCCCN)C(=O)O,CHEMBL4794072,K,6.4,,CHEMBL4769745,Binding affinity to human serum albumin assessed as retention factor by HPAC method
CC[C@H](C)[C@H](NC(=O)[C@H](CC(C)C)NC(=O)[C@H](Cc1c[nH]c2ccccc12)NC(=O)[C@H](CCC(=O)O)NC(=O)[C@@H](NC(=O)[C@H](Cc1ccccc1)NC(=O)[C@H](CCC(=O)O)NC(=O)[C@H](CCCCNC(=O)CC[C@H](NC(=O)CCCCCCCCCCNC(=O)COC(=O)C(C)(C)CCCOc1cc(C)ccc1C)C(=O)O)NC(=O)[C@H](C)NC(=O)[C@H](C)NC(=O)[C@H](CCC(=O)O)NC(=O)[C@H](CCC(=O)O)NC(=O)[C@H](CCC(=O)O)NC(=O)[C@H](CC(C)C)NC(=O)[C@H](Cc1ccc(O)cc1)NC(=O)[C@H](CCC(=O)O)NC(=O)[C@@H](NC(=O)[C@@H](NC(=O)[C@H](CC(=O)O)NC(=O)[C@H](CC(N)=O)NC(=O)[C@@H](NC(=O)[C@H](Cc1ccc(O)cc1)NC(=O)[C@@H](NC(=O)CNC(=O)[C@H](CCC(=O)O)NC(=O)CNC(=O)[C@@H](N)Cc1cnc[nH]1)[C@@H](C)O)[C@@H](C)O)C(C)C)[C@@H](C)O)[C@@H](C)CC)C(=O)N[C@@H](CCCCN)C(=O)NCC(=O)N[C@@H](CCCCN)C(=O)N1CCC[C@H]1C(=O)N[C@@H](CO)C(=O)N[C@@H](CO)C(=O)NCC(=O)N[C@@H](C)C(=O)N1CCC[C@H]1C(=O)N1CCC[C@H]1C(=O)N[C@@H](CO)C(=O)N[C@@H](CCCCN)C(=O)N[C@@H](CCCCN)C(=O)N[C@@H](CCCCN)C(=O)N[C@@H](CCCCN)C(=O)N[C@@H](CCCCN)C(=O)N[C@@H](CCCCN)C(=O)O,CHEMBL4792594,K,7.3,,CHEMBL4769745,Binding affinity to human serum albumin assessed as retention factor by HPAC method
CC[C@H](C)[C@H](NC(=O)[C@H](CC(C)C)NC(=O)[C@H](Cc1c[nH]c2ccccc12)NC(=O)[C@H](CCC(=O)O)NC(=O)[C@@H](NC(=O)[C@H](Cc1ccccc1)NC(=O)[C@H](CCC(=O)O)NC(=O)C(CCCCNC(=O)CC[C@H](NC(=O)C(CCCCNC(=O)COC(=O)C(C)(C)CCCOc1cc(C)ccc1C)NC(=O)COC(=O)C(C)(C)CCCOc1cc(C)ccc1C)C(=O)O)NC(=O)[C@H](C)NC(=O)[C@H](C)NC(=O)[C@H](CCC(=O)O)NC(=O)[C@H](CCC(=O)O)NC(=O)[C@H](CCC(=O)O)NC(=O)[C@H](CC(C)C)NC(=O)[C@H](Cc1ccc(O)cc1)NC(=O)[C@H](CCC(=O)O)NC(=O)[C@@H](NC(=O)[C@@H](NC(=O)[C@H](CC(=O)O)NC(=O)[C@H](CC(N)=O)NC(=O)[C@@H](NC(=O)[C@H](Cc1ccc(O)cc1)NC(=O)[C@@H](NC(=O)CNC(=O)[C@H](CCC(=O)O)NC(=O)CNC(=O)[C@@H](N)Cc1cnc[nH]1)[C@@H](C)O)[C@@H](C)O)C(C)C)[C@@H](C)O)[C@@H](C)CC)C(=O)N[C@@H](CCCCN)C(=O)NCC(=O)N[C@@H](CCCCN)C(=O)N1CCC[C@H]1C(=O)N[C@@H](CO)C(=O)N[C@@H](CO)C(=O)NCC(=O)N[C@@H](C)C(=O)N1CCC[C@H]1C(=O)N1CCC[C@H]1C(=O)N1CCC[C@H]1C(=O)N[C@@H](C)C(=O)O,CHEMBL4782855,K,11.8,,CHEMBL4769745,Binding affinity to human serum albumin assessed as retention factor by HPAC method
CC[C@H](C)[C@H](NC(=O)[C@H](CC(C)C)NC(=O)[C@H](Cc1c[nH]c2ccccc12)NC(=O)[C@H](CCC(=O)O)NC(=O)[C@@H](NC(=O)[C@H](Cc1ccccc1)NC(=O)[C@H](CCC(=O)O)NC(=O)[C@H](CCCCNC(=O)CC[C@H](NC(=O)C(CCCCCCCCCNC(=O)COC(=O)C(C)(C)CCCOc1cc(C)ccc1C)NC(=O)COC(=O)C(C)(C)CCCOc1cc(C)ccc1C)C(=O)O)NC(=O)[C@H](C)NC(=O)[C@H](C)NC(=O)[C@H](CCC(=O)O)NC(=O)[C@H](CCC(=O)O)NC(=O)[C@H](CCC(=O)O)NC(=O)[C@H](CC(C)C)NC(=O)[C@H](Cc1ccc(O)cc1)NC(=O)[C@H](CCC(=O)O)NC(=O)[C@@H](NC(=O)[C@@H](NC(=O)[C@H](CC(=O)O)NC(=O)[C@H](CC(N)=O)NC(=O)[C@@H](NC(=O)[C@H](Cc1ccc(O)cc1)NC(=O)[C@@H](NC(=O)CNC(=O)[C@H](CCC(=O)O)NC(=O)CNC(=O)[C@@H](N)Cc1cnc[nH]1)[C@@H](C)O)[C@@H](C)O)C(C)C)[C@@H](C)O)[C@@H](C)CC)C(=O)N[C@@H](CCCCN)C(=O)NCC(=O)N[C@@H](CCCCN)C(=O)N1CCC[C@H]1C(=O)N[C@@H](CO)C(=O)N[C@@H](CO)C(=O)NCC(=O)N[C@@H](C)C(=O)N1CCC[C@H]1C(=O)N1CCC[C@H]1C(=O)N1CCC[C@H]1C(=O)N[C@@H](CO)C(=O)O,CHEMBL4780022,K,13.3,,CHEMBL4769745,Binding affinity to human serum albumin assessed as retention factor by HPAC method
CC[C@H](C)[C@H](NC(=O)[C@H](CC(C)C)NC(=O)[C@H](Cc1c[nH]c2ccccc12)NC(=O)[C@H](CCC(=O)O)NC(=O)[C@@H](NC(=O)[C@H](Cc1ccccc1)NC(=O)[C@H](CCC(=O)O)NC(=O)C(CCCCNC(=O)CC[C@H](NC(=O)C(CCCCNC(=O)COC(=O)C(C)(C)CCCOc1cc(C)ccc1C)NC(=O)COC(=O)C(C)(C)CCCOc1cc(C)ccc1C)C(=O)O)NC(=O)[C@H](C)NC(=O)[C@H](C)NC(=O)[C@H](CCC(=O)O)NC(=O)[C@H](CCC(=O)O)NC(=O)[C@H](CCC(=O)O)NC(=O)[C@H](CC(C)C)NC(=O)[C@H](Cc1ccc(O)cc1)NC(=O)[C@H](CCC(=O)O)NC(=O)[C@@H](NC(=O)[C@@H](NC(=O)[C@H](CC(=O)O)NC(=O)[C@H](CC(N)=O)NC(=O)[C@@H](NC(=O)[C@H](Cc1ccc(O)cc1)NC(=O)[C@@H](NC(=O)CNC(=O)[C@H](CCC(=O)O)NC(=O)CNC(=O)[C@@H](N)Cc1cnc[nH]1)[C@@H](C)O)[C@@H](C)O)C(C)C)[C@@H](C)O)[C@@H](C)CC)C(=O)N[C@@H](CCCCN)C(=O)NCC(=O)N[C@@H](CCCCN)C(=O)N1CCC[C@H]1C(=O)N[C@@H](CO)C(=O)N[C@@H](CO)C(=O)NCC(=O)N[C@@H](C)C(=O)N1CCC[C@H]1C(=O)N1CCC[C@H]1C(=O)N[C@@H](CO)C(=O)N[C@@H](CCCCN)C(=O)N[C@@H](CCCCN)C(=O)N[C@@H](CCCCN)C(=O)N[C@@H](CCCCN)C(=O)N[C@@H](CCCCN)C(=O)N[C@@H](CCCCN)C(=O)O,CHEMBL4798541,K,11.2,,CHEMBL4769745,Binding affinity to human serum albumin assessed as retention factor by HPAC method
CC[C@H](C)[C@H](NC(=O)[C@H](CC(C)C)NC(=O)[C@H](Cc1c[nH]c2ccccc12)NC(=O)[C@H](CCC(=O)O)NC(=O)[C@@H](NC(=O)[C@H](Cc1ccccc1)NC(=O)[C@H](CCC(=O)O)NC(=O)[C@H](CCCCNC(=O)CC[C@H](NC(=O)C(CCCCCCCCCNC(=O)COC(=O)C(C)(C)CCCOc1cc(C)ccc1C)NC(=O)COC(=O)C(C)(C)CCCOc1cc(C)ccc1C)C(=O)O)NC(=O)[C@H](C)NC(=O)[C@H](C)NC(=O)[C@H](CCC(=O)O)NC(=O)[C@H](CCC(=O)O)NC(=O)[C@H](CCC(=O)O)NC(=O)[C@H](CC(C)C)NC(=O)[C@H](Cc1ccc(O)cc1)NC(=O)[C@H](CCC(=O)O)NC(=O)[C@@H](NC(=O)[C@@H](NC(=O)[C@H](CC(=O)O)NC(=O)[C@H](CC(N)=O)NC(=O)[C@@H](NC(=O)[C@H](Cc1ccc(O)cc1)NC(=O)[C@@H](NC(=O)CNC(=O)[C@H](CCC(=O)O)NC(=O)CNC(=O)[C@@H](N)Cc1cnc[nH]1)[C@@H](C)O)[C@@H](C)O)C(C)C)[C@@H](C)O)[C@@H](C)CC)C(=O)N[C@@H](CCCCN)C(=O)NCC(=O)N[C@@H](CCCCN)C(=O)N1CCC[C@H]1C(=O)N[C@@H](CO)C(=O)N[C@@H](CO)C(=O)NCC(=O)N[C@@H](C)C(=O)N1CCC[C@H]1C(=O)N1CCC[C@H]1C(=O)N[C@@H](CO)C(=O)N[C@@H](CCCCN)C(=O)N[C@@H](CCCCN)C(=O)N[C@@H](CCCCN)C(=O)N[C@@H](CCCCN)C(=O)N[C@@H](CCCCN)C(=O)N[C@@H](CCCCN)C(=O)O,CHEMBL4791775,K,12.1,,CHEMBL4769745,Binding affinity to human serum albumin assessed as retention factor by HPAC method
COc1ccc(-c2ccccc2N2CCN(C[C@@H](O)COc3cnccn3)CC2)cc1,CHEMBL4780452,PB,98.5,%,CHEMBL4770544,Protein binding in human serum albumin assessed as unbound fraction at 10 uM by TRANSIL assay
COc1ccc(-c2ccccc2N2CCN(C[C@@H](O)COc3ccc(-c4cn5ccccc5n4)cc3)CC2)cc1,CHEMBL4797980,PB,99.9,%,CHEMBL4770544,Protein binding in human serum albumin assessed as unbound fraction at 10 uM by TRANSIL assay
COc1ccc(-c2ccccc2N2CCN(C[C@@H](O)COc3cc(Cl)c4oc(=O)cc(C)c4c3)CC2)cc1,CHEMBL4792307,PB,99.4,%,CHEMBL4770544,Protein binding in human serum albumin assessed as unbound fraction at 10 uM by TRANSIL assay
COc1ccc(-c2ccccc2N2CCN(C[C@@H](O)COc3ccc4c(c3)NC(=O)C(C)O4)CC2)cc1,CHEMBL4795056,PB,99.9,%,CHEMBL4770544,Protein binding in human serum albumin assessed as unbound fraction at 10 uM by TRANSIL assay
COc1ccc(-c2ccccc2N2CCN(CCCCOc3ccc4c(c3)NC(=O)C(C)O4)CC2)cc1,CHEMBL4799274,PB,98.8,%,CHEMBL4770544,Protein binding in human serum albumin assessed as unbound fraction at 10 uM by TRANSIL assay
COc1ccc(-c2ccccc2C2CCN(C[C@@H](O)COc3ccc(-c4cn5ccccc5n4)cc3)CC2)cc1,CHEMBL4782879,PB,98.5,%,CHEMBL4770544,Protein binding in human serum albumin assessed as unbound fraction at 10 uM by TRANSIL assay
O=[N+]([O-])c1c(CS(=O)(=O)c2ccccc2)nc2c(C#CCCO)cc(Cl)cn12,CHEMBL4787217,PB,98.5,%,CHEMBL4771970,Protein binding to human albumin by LC-MS analysis
CS(=O)(=O)Cc1nc2c(Br)cc(Cl)cn2c1[N+](=O)[O-],CHEMBL4776584,PB,76.9,%,CHEMBL4773778,Binding affinity to human albumin incubated for 4 hrs by LC-MS analysis
O=[N+]([O-])c1c(CS(=O)(=O)c2cccnc2)nc2c(Br)cc(Cl)cn12,CHEMBL4792432,PB,87.0,%,CHEMBL4773778,Binding affinity to human albumin incubated for 4 hrs by LC-MS analysis
CS(=O)(=O)Cc1nc2c(Sc3ccc(Cl)cc3)cc(Cl)cn2c1[N+](=O)[O-],CHEMBL4789978,PB,98.9,%,CHEMBL4773778,Binding affinity to human albumin incubated for 4 hrs by LC-MS analysis
O=[N+]([O-])c1c(CS(=O)(=O)c2ccccc2)nc2c(Br)cc(Cl)cn12,CHEMBL4287390,PB,96.5,%,CHEMBL4773778,Binding affinity to human albumin incubated for 4 hrs by LC-MS analysis
C=Cc1c(C)c2cc3nc(c4c5[nH]c(cc6nc(cc1[nH]2)C(C)=C6CC)c(C)c5C(=O)C4)[C@@H](CCC(=O)NCC(=O)NCC(=O)N[C@@H](CC(C)C)C(=O)N[C@@H](CCCCN)C(=O)N[C@H](CC(C)C)C(=O)N[C@@H](CC(C)C)C(=O)N[C@@H](CCCCN)C(=O)N[C@H](CCCCN)C(=O)N[C@@H](CC(C)C)C(=O)N[C@H](CC(C)C)C(=O)N[C@H](CCCCN)C(=O)N[C@@H](CCCCN)C(=O)N[C@@H](CC(C)C)C(=O)N[C@@H](CC(C)C)C(=O)N[C@H](CCCCN)C(=O)N[C@@H](CC(C)C)C(=O)N[C@@H](CC(C)C)C(N)=O)[C@@H]3C,CHEMBL4850435,Kd,363.0,nM,CHEMBL4817448,Binding affinity to human serum albumin assessed as dissociation constant by fluorescence emission spectrophotometric analysis
C=Cc1c(C)c2cc3nc(c4c5[nH]c(cc6nc(cc1[nH]2)C(C)=C6CC)c(C)c5C(=O)C4)[C@@H](CCC(=O)O)[C@@H]3C,CHEMBL520220,Kd,89.3,nM,CHEMBL4817448,Binding affinity to human serum albumin assessed as dissociation constant by fluorescence emission spectrophotometric analysis
Cc1cc(-c2ccc(/N=N/c3ccc4c(S(=O)(=O)[O-])cc(S(=O)(=O)[O-])c(N)c4c3O)c(C)c2)ccc1/N=N/c1ccc2c(S(=O)(=O)[O-])cc(S(=O)(=O)[O-])c(N)c2c1O.[Na+].[Na+].[Na+].[Na+],CHEMBL1200712,Kd,2.5,uM,CHEMBL4817448,Binding affinity to human serum albumin assessed as dissociation constant by fluorescence emission spectrophotometric analysis
CCC[C@@H](NC(=O)c1cccc2c1CC(=O)N2)[C@@H](O)c1cccc(F)c1C,CHEMBL4862381,Activity,84.0,%,CHEMBL4817477,Binding affinity to human serum albumin
CCCCCCCCCCCCCCCC(=O)N[C@@H](CCC(=O)O)C(=O)NCCCC[C@H](NC(=O)[C@H](C)NC(=O)[C@H](C)NC(=O)[C@H](CCC(N)=O)NC(=O)CNC(=O)[C@H](CCC(=O)O)NC(=O)[C@H](CC(C)C)NC(=O)[C@H](Cc1ccc(O)cc1)NC(=O)[C@H](CO)NC(=O)[C@H](CO)NC(=O)[C@@H](NC(=O)[C@H](CC(=O)O)NC(=O)[C@H](CO)NC(=O)[C@@H](NC(=O)[C@H](Cc1ccccc1)NC(=O)[C@@H](NC(=O)CNC(=O)[C@H](CCC(=O)O)NC(=O)[C@H](C)NC(=O)[C@@H](N)Cc1cnc[nH]1)[C@H](C)O)[C@@H](C)O)C(C)C)C(=O)N[C@@H](CCC(=O)O)C(=O)N[C@@H](Cc1ccccc1)C(=O)N[C@H](C(=O)N[C@@H](C)C(=O)N[C@@H](Cc1c[nH]c2ccccc12)C(=O)N[C@@H](CC(C)C)C(=O)N[C@H](C(=O)N[C@@H](CCCNC(=N)N)C(=O)NCC(=O)N[C@H](CCCNC(=N)N)C(=O)NCC(=O)O)C(C)C)[C@@H](C)CC,CHEMBL4785366,Activity,83.0,%,CHEMBL4824782,Binding affinity to albumin (unknown origin) after 8 hrs by HPLC analysis
CCCCCCCCCC(=O)N[C@@H](CCC(=O)NCCCC[C@H](NC(=O)CC[C@H](NC(=O)CCCCCCCCC)C(=O)O)C(=O)NCCOCCOCC(=O)O)C(=O)O,CHEMBL4858631,Activity,94.5,%,CHEMBL4824782,Binding affinity to albumin (unknown origin) after 8 hrs by HPLC analysis
CCCCCCCCCCCC(=O)N[C@@H](CCC(=O)NCCCC[C@H](NC(=O)CC[C@H](NC(=O)CCCCCCCCCCC)C(=O)O)C(=O)NCCOCCOCC(=O)O)C(=O)O,CHEMBL4875374,Activity,99.0,%,CHEMBL4824782,Binding affinity to albumin (unknown origin) after 8 hrs by HPLC analysis
CCCCCCCCCC(=O)N[C@@H](CCC(=O)NCCCC[C@H](NC(=O)CC[C@H](NC(=O)CCCCCCCCC)C(=O)O)C(=O)NCCOCCOCC(=O)NCCOCCOCC(=O)O)C(=O)O,CHEMBL4870408,Activity,90.2,%,CHEMBL4824782,Binding affinity to albumin (unknown origin) after 8 hrs by HPLC analysis
CCCCCCCCCCCC(=O)N[C@@H](CCC(=O)NCCCC[C@H](NC(=O)CC[C@H](NC(=O)CCCCCCCCCCC)C(=O)O)C(=O)NCCOCCOCC(=O)NCCOCCOCC(=O)O)C(=O)O,CHEMBL4867885,Activity,94.3,%,CHEMBL4824782,Binding affinity to albumin (unknown origin) after 8 hrs by HPLC analysis
CCCCCCCCCC(=O)N[C@@H](CCC(=O)NCCCC[C@H](NC(=O)CC[C@H](NC(=O)CCCCCCCCC)C(=O)O)C(=O)NCCOCCOCC(=O)NCCOCCOCC(=O)NCCOCCOCC(=O)O)C(=O)O,CHEMBL4852358,Activity,86.0,%,CHEMBL4824782,Binding affinity to albumin (unknown origin) after 8 hrs by HPLC analysis
CCCCCCCCCCCC(=O)N[C@@H](CCC(=O)NCCCC[C@H](NC(=O)CC[C@H](NC(=O)CCCCCCCCCCC)C(=O)O)C(=O)NCCOCCOCC(=O)NCCOCCOCC(=O)NCCOCCOCC(=O)O)C(=O)O,CHEMBL4847183,Activity,91.6,%,CHEMBL4824782,Binding affinity to albumin (unknown origin) after 8 hrs by HPLC analysis
COc1ncc(C2=CCOCC2)cc1S(=O)(=O)Nc1ccnc(C)c1,CHEMBL4876289,PB,79.0,%,CHEMBL4828193,Binding affinity to human serum albumin by HPLC analysis
COc1ncc(C2=CCOCC2)cc1S(=O)(=O)Nc1cncc(C)c1,CHEMBL4859024,PB,91.0,%,CHEMBL4828193,Binding affinity to human serum albumin by HPLC analysis
COc1ncc(C2=CCOCC2)cc1S(=O)(=O)Nc1cncc(C#CCN2CCN(C(C)C)CC2)c1,CHEMBL4872328,PB,83.0,%,CHEMBL4828193,Binding affinity to human serum albumin by HPLC analysis
O=C(N[C@@H](Cc1ccc(O)c(I)c1)C(=O)O)c1cc2c(F)cccc2[nH]1,CHEMBL4877313,Kd,0.29,uM,CHEMBL4834053,Binding affinity to human serum albumin by fluorescence polarization assay
O=C(N[C@H](Cc1ccc(O)c(I)c1)C(=O)O)c1cc2c(F)cccc2[nH]1,CHEMBL4866037,Kd,0.22,uM,CHEMBL4834053,Binding affinity to human serum albumin by fluorescence polarization assay
O=C(N[C@@H](Cc1ccc(O)c(Br)c1)C(=O)O)c1cc2c(F)cccc2[nH]1,CHEMBL4855828,Kd,0.78,uM,CHEMBL4834053,Binding affinity to human serum albumin by fluorescence polarization assay
O=C(N[C@@H](Cc1ccc(O)c(Cl)c1)C(=O)O)c1cc2c(F)cccc2[nH]1,CHEMBL4873867,Kd,0.58,uM,CHEMBL4834053,Binding affinity to human serum albumin by fluorescence polarization assay
O=C(N[C@@H](Cc1ccc(O)c(F)c1)C(=O)O)c1cc2c(F)cccc2[nH]1,CHEMBL4872601,Kd,1.7,uM,CHEMBL4834053,Binding affinity to human serum albumin by fluorescence polarization assay
O=C(N[C@@H](Cc1ccc(O)c([N+](=O)[O-])c1)C(=O)O)c1cc2c(F)cccc2[nH]1,CHEMBL4856339,Kd,0.31,uM,CHEMBL4834053,Binding affinity to human serum albumin by fluorescence polarization assay
COc1ccc(C[C@H](NC(=O)c2cc3c(F)cccc3[nH]2)C(=O)O)cc1,CHEMBL4879282,Kd,0.43,uM,CHEMBL4834053,Binding affinity to human serum albumin by fluorescence polarization assay
O=C(N[C@@H](Cc1ccc2ccccc2c1)C(=O)O)c1cc2c(F)cccc2[nH]1,CHEMBL4875916,Kd,0.03,uM,CHEMBL4834053,Binding affinity to human serum albumin by fluorescence polarization assay
O=C(N[C@@H](Cc1ccc(I)cc1)C(=O)O)c1cc2c(F)cccc2[nH]1,CHEMBL4852232,Kd,0.07,uM,CHEMBL4834053,Binding affinity to human serum albumin by fluorescence polarization assay
O=C(N[C@@H](Cc1ccc(O)cc1)C(=O)O)c1cc2c(F)cccc2[nH]1,CHEMBL4876740,Kd,1.5,uM,CHEMBL4834053,Binding affinity to human serum albumin by fluorescence polarization assay
O=C(N[C@@H](Cc1cccc(I)c1)C(=O)O)c1cc2c(F)cccc2[nH]1,CHEMBL4874500,Kd,0.02,uM,CHEMBL4834053,Binding affinity to human serum albumin by fluorescence polarization assay
O=C(N[C@@H](Cc1ccc(O)c(I)c1)C(=O)O)c1c[nH]c2cccc(F)c12,CHEMBL4870525,Kd,0.82,uM,CHEMBL4834053,Binding affinity to human serum albumin by fluorescence polarization assay
O=C(N[C@@H](Cc1ccc(O)c(I)c1)C(=O)O)c1cc2cc(F)ccc2[nH]1,CHEMBL4866759,Kd,0.27,uM,CHEMBL4834053,Binding affinity to human serum albumin by fluorescence polarization assay
O=C(N[C@@H](Cc1ccc(O)c(I)c1)C(=O)O)c1cc2ccc(F)cc2[nH]1,CHEMBL4845813,Kd,0.17,uM,CHEMBL4834053,Binding affinity to human serum albumin by fluorescence polarization assay
O=C(N[C@@H](Cc1ccc(O)c(I)c1)C(=O)O)c1cc2cccc(F)c2[nH]1,CHEMBL4870031,Kd,0.21,uM,CHEMBL4834053,Binding affinity to human serum albumin by fluorescence polarization assay
O=C(N[C@@H](Cc1ccc(O)c(I)c1)C(=O)O)c1cc2ccccc2[nH]1,CHEMBL4869829,Kd,0.39,uM,CHEMBL4834053,Binding affinity to human serum albumin by fluorescence polarization assay
O=C(N[C@@H](Cc1ccc(O)c(I)c1)C(=O)O)c1cc2c(F)cccc2o1,CHEMBL4863588,Kd,1.0,uM,CHEMBL4834053,Binding affinity to human serum albumin by fluorescence polarization assay
N=C(N)NCCC[C@H](NC(=O)[C@H](Cc1ccc(O)c(I)c1)NC(=O)c1cc2c(F)cccc2[nH]1)C(=O)O,CHEMBL4851618,Kd,2.0,uM,CHEMBL4834053,Binding affinity to human serum albumin by fluorescence polarization assay
N=C(N)NCCC[C@H](NC(=O)[C@@H](Cc1ccc(O)c(I)c1)NC(=O)c1cc2c(F)cccc2[nH]1)C(=O)O,CHEMBL4861027,Kd,3.3,uM,CHEMBL4834053,Binding affinity to human serum albumin by fluorescence polarization assay
N=C(N)NCCC[C@@H](NC(=O)[C@@H](Cc1ccc(O)c(I)c1)NC(=O)c1cc2c(F)cccc2[nH]1)C(=O)O,CHEMBL4871406,Kd,7.2,uM,CHEMBL4834053,Binding affinity to human serum albumin by fluorescence polarization assay
N=C(N)NCCC[C@@H](NC(=O)[C@H](Cc1ccc(O)c(I)c1)NC(=O)c1cc2c(F)cccc2[nH]1)C(=O)O,CHEMBL4846246,Kd,9.6,uM,CHEMBL4834053,Binding affinity to human serum albumin by fluorescence polarization assay
COC(=O)[C@H](Cc1ccc(C#Cc2ccccc2)cc1)NC(=O)C[C@@H]1CCCN(C(=N)N)C1,CHEMBL4867370,Kd,4.0,uM,CHEMBL4834053,Binding affinity to human serum albumin by fluorescence polarization assay
CCNC(=O)c1ccc(OCc2cccc(C)n2)c(-c2cn(C)nn2)c1,CHEMBL4856289,Activity,84.0,%,CHEMBL4835120,Binding affinity to human serum albumin
CCNC(=O)c1cc(Cc2cccc3[nH]ccc23)nc(-c2cn(C)nn2)c1,CHEMBL4856853,Activity,90.0,%,CHEMBL4835120,Binding affinity to human serum albumin
C[C@H](Oc1ccc(C(=O)NC2CC2)cc1-c1cn(C)nn1)c1ccccn1,CHEMBL4867703,Activity,84.0,%,CHEMBL4835120,Binding affinity to human serum albumin
O=C(O)Cn1nncc1CO[C@@H](C(=O)O)[C@@H](OCc1cnnn1CC(=O)O)C(=O)O,CHEMBL5077595,Ka,1.18,/M,CHEMBL5033178,Binding affinity to HSA assessed as association constant at equilibrium by isothermal titration calorimetry
O=C(O)Cn1nncc1CO[C@@H](C(=O)O)[C@@H](OCc1cnnn1CC(=O)O)C(=O)O,CHEMBL5077595,deltaH,-11.05,kJ/mol,CHEMBL5033179,Binding affinity to HSA assessed as change in enthalpy by isothermal titration calorimetry
O=C(O)Cn1nncc1CO[C@@H](C(=O)O)[C@@H](OCc1cnnn1CC(=O)O)C(=O)O,CHEMBL5077595,TdeltaS,-10.81,kJ/mol,CHEMBL5033180,Binding affinity to HSA assessed as change in entropy by isothermal titration calorimetry
O=C(O)Cn1nncc1CO[C@@H](C(=O)O)[C@@H](OCc1cnnn1CC(=O)O)C(=O)O,CHEMBL5077595,deltaG,-23.26,kJ/mol,CHEMBL5033181,Binding affinity to HSA assessed as change in gibbs free by isothermal titration calorimetry
CC[C@@]1(O)C(=O)OCc2c1cc1n(c2=O)Cc2c-1nc1cc3c(cc1c2-c1cc[n+](Cc2ccc(O[C@@H]4O[C@@H](C(=O)O)[C@@H](O)[C@H](O)[C@H]4O)c(NC(=O)CCCn4cc(CNC(=O)CCCCCN5C(=O)C=CC5=O)nn4)c2)cc1)OCO3.O=C([O-])C(F)(F)F,CHEMBL5093837,PPB,93.21,%,CHEMBL5040413,Protein binding in human serum albumin measured after 0.25 mins by HPLC analysis
CC[C@@]1(O)C(=O)OCc2c1cc1n(c2=O)Cc2c-1nc1cc3c(cc1c2-c1cc[n+](Cc2ccc(O[C@@H]4O[C@@H](C(=O)O)[C@@H](O)[C@H](O)[C@H]4O)c(NC(=O)CCCn4cc(CNC(=O)CCCCCN5C(=O)C=CC5=O)nn4)c2)cc1)OCO3.O=C([O-])C(F)(F)F,CHEMBL5093837,PPB,98.5,%,CHEMBL5040414,Protein binding in human serum albumin measured after 8 mins by HPLC analysis
CC(=O)N[C@H](CCCCNC(=O)CCCc1ccc(I)cc1)C(=O)O,CHEMBL5076110,Kd,7.0,uM,CHEMBL5043858,Binding affinity to human serum albumin assessed as dissociation constant and measured after 5 mins by fluorescence based competition assay
CC(=O)N[C@@H](CCCCNC(=O)CCCc1ccc(I)cc1)C(=O)O,CHEMBL5089368,Kd,3.2,uM,CHEMBL5043858,Binding affinity to human serum albumin assessed as dissociation constant and measured after 5 mins by fluorescence based competition assay
C#CCCC(=O)N[C@H](CCCCNC(=O)CCCc1ccc(I)cc1)C(=O)O,CHEMBL5093981,Kd,7.3,uM,CHEMBL5043858,Binding affinity to human serum albumin assessed as dissociation constant and measured after 5 mins by fluorescence based competition assay
[N-]=[N+]=NCCCCC(=O)N[C@H](CCCCNC(=O)CCCc1ccc(I)cc1)C(=O)O,CHEMBL5075340,Kd,8.0,uM,CHEMBL5043858,Binding affinity to human serum albumin assessed as dissociation constant and measured after 5 mins by fluorescence based competition assay
[N-]=[N+]=NCCCCC(=O)N[C@@H](CCCCNC(=O)CCCc1ccc(I)cc1)C(=O)O,CHEMBL5093280,Kd,6.0,uM,CHEMBL5043858,Binding affinity to human serum albumin assessed as dissociation constant and measured after 5 mins by fluorescence based competition assay
[N-]=[N+]=Nc1ccc(C(=O)N[C@H](CCCCNC(=O)CCCc2ccc(I)cc2)C(=O)O)cc1,CHEMBL5078842,Kd,1.2,uM,CHEMBL5043858,Binding affinity to human serum albumin assessed as dissociation constant and measured after 5 mins by fluorescence based competition assay
[N-]=[N+]=Nc1ccc(C(=O)N[C@@H](CCCCNC(=O)CCCc2ccc(I)cc2)C(=O)O)cc1,CHEMBL5093073,Kd,0.36,uM,CHEMBL5043858,Binding affinity to human serum albumin assessed as dissociation constant and measured after 5 mins by fluorescence based competition assay
Cc1ccc(CCCC(=O)NCCCC[C@H](NC(=O)c2ccc(N=[N+]=[N-])cc2)C(=O)O)cc1,CHEMBL5083438,Kd,3.0,uM,CHEMBL5043858,Binding affinity to human serum albumin assessed as dissociation constant and measured after 5 mins by fluorescence based competition assay
[N-]=[N+]=Nc1ccc(C(=O)N[C@@H](CCCCNC(=O)CCCc2ccccc2)C(=O)O)cc1,CHEMBL5091965,Kd,36.0,uM,CHEMBL5043858,Binding affinity to human serum albumin assessed as dissociation constant and measured after 5 mins by fluorescence based competition assay
[N-]=[N+]=Nc1ccc(C(=O)N[C@@H](CCCCNC(=O)CCCc2ccc(F)cc2)C(=O)O)cc1,CHEMBL5085479,Kd,26.0,uM,CHEMBL5043858,Binding affinity to human serum albumin assessed as dissociation constant and measured after 5 mins by fluorescence based competition assay
[N-]=[N+]=Nc1ccc(C(=O)N[C@@H](CCCCNC(=O)CCCc2ccc(Cl)cc2)C(=O)O)cc1,CHEMBL5091156,Kd,3.5,uM,CHEMBL5043858,Binding affinity to human serum albumin assessed as dissociation constant and measured after 5 mins by fluorescence based competition assay
[N-]=[N+]=Nc1ccc(C(=O)N[C@@H](CCCCNC(=O)CCCc2ccc(Br)cc2)C(=O)O)cc1,CHEMBL5082631,Kd,2.0,uM,CHEMBL5043858,Binding affinity to human serum albumin assessed as dissociation constant and measured after 5 mins by fluorescence based competition assay
[N-]=[N+]=Nc1ccc(C(=O)N[C@@H](CCCCNC(=O)CCCc2ccc(C(F)(F)F)cc2)C(=O)O)cc1,CHEMBL5072994,Kd,4.1,uM,CHEMBL5043858,Binding affinity to human serum albumin assessed as dissociation constant and measured after 5 mins by fluorescence based competition assay
CC(C)Cc1ccc(C(C)C(=O)NCCCC[C@H](NC(=O)c2ccc(N=[N+]=[N-])cc2)C(=O)O)cc1,CHEMBL5088591,Kd,4.0,uM,CHEMBL5043858,Binding affinity to human serum albumin assessed as dissociation constant and measured after 5 mins by fluorescence based competition assay
C#Cc1ccc(C(=O)N[C@@H](CCCCNC(=O)CCCc2ccc(I)cc2)C(=O)O)cc1,CHEMBL5091083,Kd,0.34,uM,CHEMBL5043858,Binding affinity to human serum albumin assessed as dissociation constant and measured after 5 mins by fluorescence based competition assay
O=C(O)CN1CCN(CC(=O)O)CCN(C(CCC(=O)N[C@@H](CCCCNC(=O)CCCc2ccc(I)cc2)C(=O)O)C(=O)O)CC1,CHEMBL5071902,Kd,8.0,uM,CHEMBL5043858,Binding affinity to human serum albumin assessed as dissociation constant and measured after 5 mins by fluorescence based competition assay
O=C(CCCc1ccc(I)cc1)NCCCC[C@H](C(=O)O)n1cc(-c2ccccc2)nn1,CHEMBL5094773,Kd,4.0,uM,CHEMBL5043858,Binding affinity to human serum albumin assessed as dissociation constant and measured after 5 mins by fluorescence based competition assay
CC(=O)N[C@@H](CCCCNC(=O)CCCc1ccc(I)cc1)C(N)=O,CHEMBL5079936,Kd,70.0,uM,CHEMBL5043858,Binding affinity to human serum albumin assessed as dissociation constant and measured after 5 mins by fluorescence based competition assay
COC(=O)[C@H](CCCCNC(=O)CCCc1ccc(I)cc1)NC(C)=O,CHEMBL5093259,Kd,110.0,uM,CHEMBL5043858,Binding affinity to human serum albumin assessed as dissociation constant and measured after 5 mins by fluorescence based competition assay
NC(=O)[C@H](CC(=O)O)NC(=O)CCCc1ccc(I)cc1,CHEMBL5074099,Kd,100.0,uM,CHEMBL5043858,Binding affinity to human serum albumin assessed as dissociation constant and measured after 5 mins by fluorescence based competition assay
NC(=O)[C@H](CCC(=O)O)NC(=O)CCCc1ccc(I)cc1,CHEMBL5078753,Kd,80.0,uM,CHEMBL5043858,Binding affinity to human serum albumin assessed as dissociation constant and measured after 5 mins by fluorescence based competition assay
O=C(CCCc1ccc(I)cc1)NCCCC[C@@H](NC(=O)c1ccc(C(=O)O)c(-c2c3ccc(=O)cc-3oc3cc(O)ccc23)c1)C(=O)O,CHEMBL5082399,Kd,0.23,uM,CHEMBL5043859,Binding affinity to human serum albumin assessed as dissociation constant using N-alpha-(6-FAM)-N-epsilon-(4-Iodophenylbutanoyl)-D-lysine as substrate and measured after 5 mins by fluorescence based competition assay
CC(=O)N[C@H](CCCCNC(=O)CCCc1ccc(I)cc1)C(=O)O,CHEMBL5076110,Kd,8.0,uM,CHEMBL5043860,Binding affinity to human serum albumin assessed as dissociation constant and measured after 5 mins by MST assay
[N-]=[N+]=Nc1ccc(C(=O)N[C@H](CCCCNC(=O)CCCc2ccc(I)cc2)C(=O)O)cc1,CHEMBL5078842,Kd,2.6,uM,CHEMBL5043860,Binding affinity to human serum albumin assessed as dissociation constant and measured after 5 mins by MST assay
CC(C)Cc1ccc(C(C)C(=O)O)cc1,CHEMBL521,Kd,73.0,uM,CHEMBL5043860,Binding affinity to human serum albumin assessed as dissociation constant and measured after 5 mins by MST assay
COc1ccc2c(c1)c(CC(=O)O)c(C)n2C(=O)c1ccc(Cl)cc1,CHEMBL6,Kd,120.0,uM,CHEMBL5043860,Binding affinity to human serum albumin assessed as dissociation constant and measured after 5 mins by MST assay
CC(=O)N[C@@H](CCCCNC(=O)CCCc1ccc(I)cc1)C(=O)O,CHEMBL5089368,Kd,9.0,uM,CHEMBL5043861,Binding affinity to human serum albumin assessed as dissociation constant by isothermal titration calorimetry
CC(=O)N[C@H](CCCCNC(=O)CCCc1ccc(I)cc1)C(=O)O,CHEMBL5076110,Kd,3.2,uM,CHEMBL5043861,Binding affinity to human serum albumin assessed as dissociation constant by isothermal titration calorimetry
CCN1/C(=C/C2=C([O-])/C(=C/C3=[N+](CC)c4ccc5ccccc5c4C3(C)C)C2=O)C(C)(C)c2c1ccc1ccccc21,CHEMBL5086600,Kb,2.01,10^5/M,CHEMBL5044386,Binding affinity to human serum albumin assessed as binding constant by fluorescence based assay
CCN1/C(=C/C2=C(NCc3ccccn3)/C(=C/C3=[N+](CC)c4ccc5ccccc5c4C3(C)C)C2=O)C(C)(C)c2c1ccc1ccccc21.[I-],CHEMBL5084685,Kb,6.93,10^5/M,CHEMBL5044386,Binding affinity to human serum albumin assessed as binding constant by fluorescence based assay
CCCCCCN1/C(=C/C2=C(NCc3ccccn3)/C(=C/C3=[N+](CCCCCC)c4ccc5ccccc5c4C3(C)C)C2=O)C(C)(C)c2c1ccc1ccccc21.[I-],CHEMBL5084550,Kb,1.64,10^5/M,CHEMBL5044386,Binding affinity to human serum albumin assessed as binding constant by fluorescence based assay
CCN1/C(=C/C2=C(N(Cc3ccccn3)Cc3ccccn3)/C(=C/C3=[N+](CC)c4ccc5ccccc5c4C3(C)C)C2=O)C(C)(C)c2c1ccc1ccccc21.[I-],CHEMBL5086223,Kb,5.92,10^5/M,CHEMBL5044386,Binding affinity to human serum albumin assessed as binding constant by fluorescence based assay
CCCCCCN1/C(=C/C2=C(N(Cc3ccccn3)Cc3ccccn3)/C(=C/C3=[N+](CCCCCC)c4ccc5ccccc5c4C3(C)C)C2=O)C(C)(C)c2c1ccc1ccccc21.[I-],CHEMBL5094478,Kb,7.68,10^5/M,CHEMBL5044386,Binding affinity to human serum albumin assessed as binding constant by fluorescence based assay
COc1ccc(C(=O)N2CCN(/C(=N/C#N)Nc3ccccc3C)CC2c2ccccc2)cc1OC,CHEMBL257275,PB,92.0,%,CHEMBL5046694,Protein binding in human serum albumin at 20 uM by High-performance affinity chromatography analysis
COc1ccc(C(=O)N2CCN(c3c(Nc4ccccc4C)c(=O)c3=O)CC2c2ccccc2)cc1OC,CHEMBL5082947,PB,96.0,%,CHEMBL5046694,Protein binding in human serum albumin at 20 uM by High-performance affinity chromatography analysis
COc1ccc(NC(=O)N2CCN(c3c(Nc4ccccc4C)c(=O)c3=O)CC2c2ccccc2)cc1OC,CHEMBL5093653,PB,95.0,%,CHEMBL5046694,Protein binding in human serum albumin at 20 uM by High-performance affinity chromatography analysis
COc1ccc(NC(=O)N2CCN(c3c(Nc4ccccc4C)c(=O)c3=O)CC2)cc1OC,CHEMBL5092737,PB,69.0,%,CHEMBL5046694,Protein binding in human serum albumin at 20 uM by High-performance affinity chromatography analysis
Cc1ccccc1Nc1c(N2CCN(C(=O)Nc3ccc(C(C)(C)C)cc3)CC2)c(=O)c1=O,CHEMBL5072113,PB,98.0,%,CHEMBL5046694,Protein binding in human serum albumin at 20 uM by High-performance affinity chromatography analysis
CC(C)(C)c1ccc(NC(=O)N2CCN(c3c(Nc4cccc5ncccc45)c(=O)c3=O)CC2)cc1,CHEMBL5079389,PB,98.0,%,CHEMBL5046694,Protein binding in human serum albumin at 20 uM by High-performance affinity chromatography analysis
CN(CCCC(F)F)Cc1ccc(COc2ccc3c(CO)cc(=O)oc3c2)cc1,CHEMBL5082824,Kd,11.3,uM,CHEMBL5049189,Binding affinity to human serum albumin assessed as dissociation rate constant by surface plasmon resonance assay
Cc1c(C)c2ccc(OCC3CCN(CCCO)CC3)cc2oc1=O,CHEMBL4464759,Kd,31.7,uM,CHEMBL5049189,Binding affinity to human serum albumin assessed as dissociation rate constant by surface plasmon resonance assay
CC(=O)CC(c1ccccc1)c1c(O)c2ccccc2oc1=O,CHEMBL1464,Kd,5.5,uM,CHEMBL5049189,Binding affinity to human serum albumin assessed as dissociation rate constant by surface plasmon resonance assay
C[C@H](C(=O)NCc1ccccc1)N1C(=O)CCC1=O,CHEMBL5206486,Kd,1970.0,uM,CHEMBL5119120,Binding affinity to human serum albumin assessed as dissociation constant by LC/MS analysis
CS(=N)(=O)c1ccc(-c2ccccc2OCF)cc1,CHEMBL5172089,Kd,1.56,10^-4M,CHEMBL5119233,Binding affinity to human serum albumin at 5 uM incubated for 12 mins by HPLC-MS analysis
CC[C@H](C)[C@H](NC(=O)[C@H](Cc1ccccc1)NC(=O)[C@H](CCC(=O)O)NC(=O)[C@H](CCCCN)NC(=O)[C@H](C)NC(=O)[C@H](C)NC(=O)[C@H](CCC(N)=O)NC(=O)CNC(=O)[C@H](CCC(=O)O)NC(=O)[C@H](CC(C)C)NC(=O)[C@H](Cc1ccc(O)cc1)NC(=O)[C@H](CO)NC(=O)[C@H](CO)NC(=O)[C@@H](NC(=O)[C@H](CC(=O)O)NC(=O)[C@H](CO)NC(=O)[C@@H](NC(=O)[C@H](Cc1ccccc1)NC(=O)[C@@H](NC(=O)CNC(=O)[C@H](CCC(=O)O)NC(=O)C(C)(C)N)[C@@H](C)O)[C@@H](C)O)C(C)C)C(=O)N[C@@H](C)C(=O)N[C@@H](Cc1c[nH]c2ccccc12)C(=O)N[C@@H](CC(C)C)C(=O)N[C@H](C(=O)N[C@@H](CCCCN)C(=O)NCC(=O)NCC(=O)N[C@H](C(=O)N[C@@H](CCCCN)C(=O)N[C@@H](C)C(=O)N[C@@H](CC(C)C)C(=O)N[C@H](C(=O)N[C@@H](CC(=O)O)C(=O)N[C@@H](CCC(=O)O)C(=O)N[C@H](C(=O)N[C@@H](CC(C)C)C(=O)N[C@@H](C)C(=O)N[C@@H](C)C(N)=O)[C@@H](C)CC)[C@@H](C)CC)C(C)C)C(C)C,CHEMBL5194540,Activity,86.2,%,CHEMBL5122354,Binding affinity to albumin (unknown origin) by HPLC analysis
CC[C@H](C)[C@H](NC(=O)[C@H](Cc1ccccc1)NC(=O)[C@H](CCC(=O)O)NC(=O)[C@H](CCCCN)NC(=O)[C@H](C)NC(=O)[C@H](C)NC(=O)[C@H](CCC(N)=O)NC(=O)CNC(=O)[C@H](CCC(=O)O)NC(=O)[C@H](CC(C)C)NC(=O)[C@H](Cc1ccc(O)cc1)NC(=O)[C@H](CO)NC(=O)[C@H](CO)NC(=O)[C@@H](NC(=O)[C@H](CC(=O)O)NC(=O)[C@H](CO)NC(=O)[C@@H](NC(=O)[C@H](Cc1ccccc1)NC(=O)[C@@H](NC(=O)CNC(=O)[C@H](CCC(=O)O)NC(=O)C(C)(C)N)[C@@H](C)O)[C@@H](C)O)C(C)C)C(=O)N[C@@H](C)C(=O)N[C@@H](Cc1c[nH]c2ccccc12)C(=O)N[C@@H](CC(C)C)C(=O)N[C@H](C(=O)N[C@@H](CCCCN)C(=O)NCC(=O)NCCOCCOCC(=O)NCC(=O)N[C@H](C(=O)N[C@@H](CCCCN)C(=O)N[C@@H](C)C(=O)N[C@@H](CC(C)C)C(=O)N[C@H](C(=O)N[C@@H](CC(=O)O)C(=O)N[C@@H](CCC(=O)O)C(=O)N[C@H](C(=O)N[C@@H](CC(C)C)C(=O)N[C@@H](C)C(=O)N[C@@H](C)C(N)=O)[C@@H](C)CC)[C@@H](C)CC)C(C)C)C(C)C,CHEMBL5191858,Activity,75.4,%,CHEMBL5122354,Binding affinity to albumin (unknown origin) by HPLC analysis
CC[C@H](C)[C@H](NC(=O)[C@H](Cc1ccccc1)NC(=O)[C@H](CCC(=O)O)NC(=O)[C@H](CCCCN)NC(=O)[C@H](C)NC(=O)[C@H](C)NC(=O)[C@H](CCC(N)=O)NC(=O)CNC(=O)[C@H](CCC(=O)O)NC(=O)[C@H](CC(C)C)NC(=O)[C@H](Cc1ccc(O)cc1)NC(=O)[C@H](CO)NC(=O)[C@H](CO)NC(=O)[C@@H](NC(=O)[C@H](CC(=O)O)NC(=O)[C@H](CO)NC(=O)[C@@H](NC(=O)[C@H](Cc1ccccc1)NC(=O)[C@@H](NC(=O)CNC(=O)[C@H](CCC(=O)O)NC(=O)C(C)(C)N)[C@@H](C)O)[C@@H](C)O)C(C)C)C(=O)N[C@@H](C)C(=O)N[C@@H](Cc1c[nH]c2ccccc12)C(=O)N[C@@H](CC(C)C)C(=O)N[C@H](C(=O)N[C@@H](CCCCN)C(=O)NCC(=O)NCCOCCOCC(=O)NCCOCCOCC(=O)NCC(=O)N[C@H](C(=O)N[C@@H](CCCCN)C(=O)N[C@@H](C)C(=O)N[C@@H](CC(C)C)C(=O)N[C@H](C(=O)N[C@@H](CC(=O)O)C(=O)N[C@@H](CCC(=O)O)C(=O)N[C@H](C(=O)N[C@@H](CC(C)C)C(=O)N[C@@H](C)C(=O)N[C@@H](C)C(N)=O)[C@@H](C)CC)[C@@H](C)CC)C(C)C)C(C)C,CHEMBL5175517,Activity,65.6,%,CHEMBL5122354,Binding affinity to albumin (unknown origin) by HPLC analysis
CC[C@H](C)[C@H](NC(=O)[C@H](Cc1ccccc1)NC(=O)[C@H](CCC(=O)O)NC(=O)[C@H](CCCCN)NC(=O)[C@H](C)NC(=O)[C@H](C)NC(=O)[C@H](CCC(N)=O)NC(=O)CNC(=O)[C@H](CCC(=O)O)NC(=O)[C@H](CC(C)C)NC(=O)[C@H](Cc1ccc(O)cc1)NC(=O)[C@H](CO)NC(=O)[C@H](CO)NC(=O)[C@@H](NC(=O)[C@H](CC(=O)O)NC(=O)[C@H](CO)NC(=O)[C@@H](NC(=O)[C@H](Cc1ccccc1)NC(=O)[C@@H](NC(=O)CNC(=O)[C@H](CCC(=O)O)NC(=O)C(C)(C)N)[C@@H](C)O)[C@@H](C)O)C(C)C)C(=O)N[C@@H](C)C(=O)N[C@@H](Cc1c[nH]c2ccccc12)C(=O)N[C@@H](CC(C)C)C(=O)N[C@H](C(=O)N[C@@H](CCCCN)C(=O)NCC(=O)NCCCCCCCC(=O)NCC(=O)N[C@H](C(=O)N[C@@H](CCCCN)C(=O)N[C@@H](C)C(=O)N[C@@H](CC(C)C)C(=O)N[C@H](C(=O)N[C@@H](CC(=O)O)C(=O)N[C@@H](CCC(=O)O)C(=O)N[C@H](C(=O)N[C@@H](CC(C)C)C(=O)N[C@@H](C)C(=O)N[C@@H](C)C(N)=O)[C@@H](C)CC)[C@@H](C)CC)C(C)C)C(C)C,CHEMBL5180864,Activity,77.4,%,CHEMBL5122354,Binding affinity to albumin (unknown origin) by HPLC analysis
CC[C@H](C)[C@H](NC(=O)[C@H](Cc1ccccc1)NC(=O)[C@H](CCC(=O)O)NC(=O)[C@H](CCCCN)NC(=O)[C@H](C)NC(=O)[C@H](C)NC(=O)[C@H](CCC(N)=O)NC(=O)CNC(=O)[C@H](CCC(=O)O)NC(=O)[C@H](CC(C)C)NC(=O)[C@H](Cc1ccc(O)cc1)NC(=O)[C@H](CO)NC(=O)[C@H](CO)NC(=O)[C@@H](NC(=O)[C@H](CC(=O)O)NC(=O)[C@H](CO)NC(=O)[C@@H](NC(=O)[C@H](Cc1ccccc1)NC(=O)[C@@H](NC(=O)CNC(=O)[C@H](CCC(=O)O)NC(=O)C(C)(C)N)[C@@H](C)O)[C@@H](C)O)C(C)C)C(=O)N[C@@H](C)C(=O)N[C@@H](Cc1c[nH]c2ccccc12)C(=O)N[C@@H](CC(C)C)C(=O)N[C@H](C(=O)N[C@@H](CCCCN)C(=O)NCC(=O)NCCCCCCCCCCC(=O)NCC(=O)N[C@H](C(=O)N[C@@H](CCCCN)C(=O)N[C@@H](C)C(=O)N[C@@H](CC(C)C)C(=O)N[C@H](C(=O)N[C@@H](CC(=O)O)C(=O)N[C@@H](CCC(=O)O)C(=O)N[C@H](C(=O)N[C@@H](CC(C)C)C(=O)N[C@@H](C)C(=O)N[C@@H](C)C(N)=O)[C@@H](C)CC)[C@@H](C)CC)C(C)C)C(C)C,CHEMBL5179465,Activity,89.2,%,CHEMBL5122354,Binding affinity to albumin (unknown origin) by HPLC analysis
CC[C@H](C)[C@H](NC(=O)[C@H](Cc1ccccc1)NC(=O)[C@H](CCC(=O)O)NC(=O)[C@H](CCCCN)NC(=O)[C@H](C)NC(=O)[C@H](C)NC(=O)[C@H](CCC(N)=O)NC(=O)CNC(=O)[C@H](CCC(=O)O)NC(=O)[C@H](CC(C)C)NC(=O)[C@H](Cc1ccc(O)cc1)NC(=O)[C@H](CO)NC(=O)[C@H](CO)NC(=O)[C@@H](NC(=O)[C@H](CC(=O)O)NC(=O)[C@H](CO)NC(=O)[C@@H](NC(=O)[C@H](Cc1ccccc1)NC(=O)[C@@H](NC(=O)CNC(=O)[C@H](CCC(=O)O)NC(=O)C(C)(C)N)[C@@H](C)O)[C@@H](C)O)C(C)C)C(=O)N[C@@H](C)C(=O)N[C@@H](Cc1c[nH]c2ccccc12)C(=O)N[C@@H](CC(C)C)C(=O)N[C@H](C(=O)N[C@@H](CCCCN)C(=O)NCC(=O)NCCCCCCCC(=O)NCCOCCOCC(=O)NCC(=O)N[C@H](C(=O)N[C@@H](CCCCN)C(=O)N[C@@H](C)C(=O)N[C@@H](CC(C)C)C(=O)N[C@H](C(=O)N[C@@H](CC(=O)O)C(=O)N[C@@H](CCC(=O)O)C(=O)N[C@H](C(=O)N[C@@H](CC(C)C)C(=O)N[C@@H](C)C(=O)N[C@@H](C)C(N)=O)[C@@H](C)CC)[C@@H](C)CC)C(C)C)C(C)C,CHEMBL5199198,Activity,66.5,%,CHEMBL5122354,Binding affinity to albumin (unknown origin) by HPLC analysis
CC[C@H](C)[C@H](NC(=O)[C@H](Cc1ccccc1)NC(=O)[C@H](CCC(=O)O)NC(=O)[C@H](CCCCN)NC(=O)[C@H](C)NC(=O)[C@H](C)NC(=O)[C@H](CCC(N)=O)NC(=O)CNC(=O)[C@H](CCC(=O)O)NC(=O)[C@H](CC(C)C)NC(=O)[C@H](Cc1ccc(O)cc1)NC(=O)[C@H](CO)NC(=O)[C@H](CO)NC(=O)[C@@H](NC(=O)[C@H](CC(=O)O)NC(=O)[C@H](CO)NC(=O)[C@@H](NC(=O)[C@H](Cc1ccccc1)NC(=O)[C@@H](NC(=O)CNC(=O)[C@H](CCC(=O)O)NC(=O)C(C)(C)N)[C@@H](C)O)[C@@H](C)O)C(C)C)C(=O)N[C@@H](C)C(=O)N[C@@H](Cc1c[nH]c2ccccc12)C(=O)N[C@@H](CC(C)C)C(=O)N[C@H](C(=O)N[C@@H](CCCCN)C(=O)NCC(=O)NCCCCCCCCCCC(=O)NCCOCCOCC(=O)NCC(=O)N[C@H](C(=O)N[C@@H](CCCCN)C(=O)N[C@@H](C)C(=O)N[C@@H](CC(C)C)C(=O)N[C@H](C(=O)N[C@@H](CC(=O)O)C(=O)N[C@@H](CCC(=O)O)C(=O)N[C@H](C(=O)N[C@@H](CC(C)C)C(=O)N[C@@H](C)C(=O)N[C@@H](C)C(N)=O)[C@@H](C)CC)[C@@H](C)CC)C(C)C)C(C)C,CHEMBL5193167,Activity,76.4,%,CHEMBL5122354,Binding affinity to albumin (unknown origin) by HPLC analysis
CCCCCCCCCCCCCCCC(=O)NCCCC[C@H](NC(=O)[C@H](CCC(=O)O)NC(=O)[C@H](Cc1ccc(O)cc1)NC(=O)[C@H](CCC(=O)O)NC(=O)COCCOCCNC(=O)c1ccc(-c2c3ccc(=O)cc-3oc3cc(O)ccc23)c(C(=O)O)c1)C(=O)N[C@@H](CCC(=O)O)C(=O)N[C@@H](Cc1ccc(O)cc1)C(=O)N[C@@H](CCC(=O)O)C(=O)NCCOCCOCC(=O)N[C@H]1CSCC(=O)CSC[C@@H](C(N)=O)NC(=O)[C@@H]2CCCN2C(=O)[C@H](Cc2ccc(O)cc2)NC(=O)[C@H](CCC(N)=O)NC(=O)[C@H](CCCNC(=N)N)NC(=O)[C@H]([C@@H](C)O)NC1=O,CHEMBL5172861,Kd,118.0,nM,CHEMBL5140189,Binding affinity to human serum albumin by fluorescence polarization assay
CCCCCCCCCCCCCCCC(=O)NCCCC[C@H](NC(=O)[C@H](CCC(=O)O)NC(=O)[C@H](Cc1ccc(O)cc1)NC(=O)[C@H](CCC(=O)O)NC(=O)COCCOCCNC(=O)c1ccc(-c2c3ccc(=O)cc-3oc3cc(O)ccc23)c(C(=O)O)c1)C(=O)N[C@@H](CCC(=O)O)C(=O)N[C@@H](Cc1ccc(O)cc1)C(=O)N[C@@H](CCC(=O)O)C(=O)NCCOCCOCC(=O)N1CCC[C@H]1C(=O)N[C@H]1CSCC(=O)CSC[C@@H](C(=O)N[C@@H](CO)C(N)=O)NC(=O)[C@H](CCCNC(=N)N)NC(=O)[C@H](C)NC(=O)[C@H](CC(C)C)NC(=O)[C@H](Cc2ccc(O)cc2)NC(=O)[C@H](CC(C)C)NC1=O,CHEMBL5183937,Kd,168.0,nM,CHEMBL5140189,Binding affinity to human serum albumin by fluorescence polarization assay
CCCCCCCCCCCCCCCC(=O)NCCCC[C@H](NC(=O)[C@H](CCC(=O)O)NC(=O)[C@H](Cc1ccc(O)cc1)NC(=O)[C@H](CCC(=O)O)NC(=O)COCCOCCNC(=O)c1ccc(-c2c3ccc(=O)cc-3oc3cc(O)ccc23)c(C(=O)O)c1)C(=O)N[C@@H](CCC(=O)O)C(=O)N[C@@H](Cc1ccc(O)cc1)C(=O)N[C@@H](CCC(=O)O)C(=O)NCCOCCOCC(=O)NCCCC[C@H](NC(=O)CNC(=O)[C@@H]1CSCC(=O)CSC[C@H](NC(=O)CN)C(=O)N[C@@H]([C@@H](C)O)C(=O)N[C@@H](CCCNC(=N)N)C(=O)N[C@@H](CCC(N)=O)C(=O)N[C@@H](Cc2ccc(O)cc2)C(=O)N2CCC[C@H]2C(=O)N1)C(=O)NCC(N)=O,CHEMBL5203652,Kd,119.0,nM,CHEMBL5140189,Binding affinity to human serum albumin by fluorescence polarization assay
CCCCCCCCCCCCCCCC(=O)NCCCC[C@H](NC(=O)[C@H](CCC(=O)O)NC(=O)[C@H](Cc1ccc(O)cc1)NC(=O)[C@H](CCC(=O)O)NC(=O)COCCOCCNC(=O)c1ccc(-c2c3ccc(=O)cc-3oc3cc(O)ccc23)c(C(=O)O)c1)C(=O)N[C@@H](CCC(=O)O)C(=O)N[C@@H](Cc1ccc(O)cc1)C(=O)N[C@@H](CCC(=O)O)C(=O)NCCOCCOCC(=O)NCCCC[C@H](NC(=O)CNC(=O)[C@@H]1CSCC(=O)CSC[C@H](NC(=O)[C@@H]2CCCN2)C(=O)N[C@@H](CC(C)C)C(=O)N[C@@H](Cc2ccc(O)cc2)C(=O)N[C@@H](CC(C)C)C(=O)N[C@@H](C)C(=O)N[C@@H](CCCNC(=N)N)C(=O)N1)C(=O)NCC(N)=O,CHEMBL5204199,Kd,164.0,nM,CHEMBL5140189,Binding affinity to human serum albumin by fluorescence polarization assay
C[C@@H](O)[C@@H]1NC(=O)[C@@H](NC(=O)CN)CSCC(=O)CSC[C@@H](C(=O)O)NC(=O)[C@@H]2CCCN2C(=O)[C@H](Cc2ccc(O)cc2)NC(=O)[C@H](CCC(N)=O)NC(=O)[C@H](CCCNC(=N)N)NC1=O,CHEMBL5205331,Kd,39.0,nM,CHEMBL5140189,Binding affinity to human serum albumin by fluorescence polarization assay
CC(C)C[C@@H]1NC(=O)[C@H](Cc2ccc(O)cc2)NC(=O)[C@H](CC(C)C)NC(=O)[C@H](NC(=O)[C@@H]2CCCN2)CSCC(=O)CSC[C@@H](C(=O)N[C@@H](CO)C(=O)O)NC(=O)[C@H](CCCNC(=N)N)NC(=O)[C@H](C)NC1=O,CHEMBL5204039,Kd,39.0,nM,CHEMBL5140189,Binding affinity to human serum albumin by fluorescence polarization assay
C#CCOc1ncc(F)c(OCC#C)n1,CHEMBL5175881,Activity,10.0,%,CHEMBL5156885,Binding affinity to human plasma albumin
O=C(CCc1ccc(O)c(O)c1)N1CCCN(S(=O)(=O)c2cccc3cnccc23)CC1,CHEMBL5204978,KSV,1.68,10^5L/mol,CHEMBL5156931,Binding affinity to human serum albumin assessed as Stern-Volmer quenching constant by Stern-Volmer plot analysis
O=C(CCc1ccc(O)c(O)c1)N1CCCN(S(=O)(=O)c2cccc3cnccc23)CC1,CHEMBL5204978,ka,7.94,10^5L/mol,CHEMBL5156932,Binding affinity to human serum albumin assessed as association constant by Scatchard equation
O[C@@H](CN1[C@@H]2CC[C@H]1C/C(=C\c1ccc(F)cc1)C2)c1ccccc1,CHEMBL5187130,PB,95.0,%,CHEMBL5157902,Protein binding in human serum albumin by HPAC analysis
COc1ccc(S(=O)(=O)N(CC(=O)O)c2ccc(N(CC(=O)O)S(=O)(=O)c3ccc(OC)cc3)c(OCc3cccc(OC)c3)c2)cc1,CHEMBL5195422,Activity,99.1,%,CHEMBL5167236,Binding affinity to human serum albumin by HPLC analysis relative to control
COc1ccc(S(=O)(=O)N(CC(=O)O)c2ccc(N(CC(=O)O)S(=O)(=O)c3ccc(OC)cc3)c3ccccc23)cc1,CHEMBL3237245,Activity,99.9,%,CHEMBL5167236,Binding affinity to human serum albumin by HPLC analysis relative to control
C=C(C)[C@@H]1CC[C@]2(NCCN3CCS(=O)(=O)CC3)CC[C@]3(C)[C@H](CC[C@@H]4[C@@]5(C)CC=C(C6=CC[C@@](CF)(C(=O)O)CC6)C(C)(C)[C@@H]5CC[C@]43C)[C@@H]12,CHEMBL5201510,PPB,86.0,%,CHEMBL5238920,Protein binding in human serum albumin assessed as fraction bound at 53 nM incubated for 1 hrs by ultracentrifugation method
C=C(C)[C@@H]1CC[C@]2(NCCC3(O)COC3)CC[C@]3(C)[C@H](CC[C@@H]4[C@@]5(C)CC=C(C6=CC[C@](CF)(C(=O)O)CC6)C(C)(C)[C@@H]5CC[C@]43C)[C@@H]12,CHEMBL5272708,PPB,88.0,%,CHEMBL5238920,Protein binding in human serum albumin assessed as fraction bound at 53 nM incubated for 1 hrs by ultracentrifugation method
C=C(C)[C@@H]1CC[C@]2(NCC[C@]3(O)CC[C@](C)(O)CC3)CC[C@]3(C)[C@H](CC[C@@H]4[C@@]5(C)CC=C(C6=CC[C@](CF)(C(=O)O)CC6)C(C)(C)[C@@H]5CC[C@]43C)[C@@H]12,CHEMBL5268258,PPB,89.0,%,CHEMBL5238920,Protein binding in human serum albumin assessed as fraction bound at 53 nM incubated for 1 hrs by ultracentrifugation method
C=C(C)[C@@H]1CC[C@]2(NCC[C@]3(O)CC[C@@H](S(C)(=O)=O)CC3)CC[C@]3(C)[C@H](CC[C@@H]4[C@@]5(C)CC=C(C6=CC[C@](CF)(C(=O)O)CC6)C(C)(C)[C@@H]5CC[C@]43C)[C@@H]12,CHEMBL5285267,PPB,89.0,%,CHEMBL5238920,Protein binding in human serum albumin assessed as fraction bound at 53 nM incubated for 1 hrs by ultracentrifugation method
CCCCCCCCCCCCCCCC(=O)NCCCC[C@H](NC(=O)[C@H](CCC(=O)O)NC(=O)[C@H](Cc1ccc(O)cc1)NC(=O)[C@H](CCC(=O)O)NC(=O)COCCOCCNC(=O)c1ccc2c(c1)C(=O)OC21c2ccc(O)cc2Oc2cc(O)ccc21)C(=O)N[C@@H](CCC(=O)O)C(=O)N[C@@H](Cc1ccc(O)cc1)C(=O)N[C@@H](CCC(=O)O)C(N)=O,CHEMBL5270284,Kd,39.0,nM,CHEMBL5244314,Binding affinity to human albumin by fluorescence polarization assay
CCCCCCCCCCCCCCC(=O)NCCCC[C@H](NC(=O)[C@H](CCC(=O)O)NC(=O)[C@H](Cc1ccc(O)cc1)NC(=O)[C@H](CCC(=O)O)NC(=O)[C@@H](N)Cc1ccccc1)C(=O)N[C@@H](CCC(=O)O)C(=O)N[C@@H](Cc1ccc(O)cc1)C(=O)N[C@@H](CCC(=O)O)C(=O)N[C@@H](C)C(=O)N[C@H]1CSCc2cc3cc(c2)CSC[C@H](NC(=O)[C@H](CC(=O)O)NC(=O)[C@H](C(C)C)NC(=O)[C@H](CCC(=O)O)NC(=O)[C@H](Cc2ccc(O)cc2)NC(=O)[C@H](CCCNC(=N)N)NC(=O)[C@H](CO)NC1=O)C(=O)N[C@@H](CCCNC(=N)N)C(=O)NCC(=O)N[C@@H](CCCNC(=N)N)C(=O)NCC(=O)N[C@@H](CO)C(=O)N[C@@H](C)C(=O)N[C@H](C(=O)NCC(=O)O)CSC3,CHEMBL5275396,Kd,168.0,nM,CHEMBL5244314,Binding affinity to human albumin by fluorescence polarization assay
Cc1cccc(OCc2cn(CCCC[C@@H]3NC(=O)CNC(=O)[C@@H]4CCCN4C(=O)[C@H](CCCCNC(=O)c4cnc(N5CCOCC5)c(N)c4)NC(=O)[C@H](CCCCNC(=S)Nc4ccc5c(c4)C(=O)OC54c5ccc(O)cc5Oc5cc(O)ccc54)NC(=O)[C@H](C)NC(=O)CNC(=O)[C@@H]4CCCN4C(=O)[C@H](CCCCNC(=O)c4cccc(Oc5ccccc5)c4)NC(=O)[C@H](C)NC3=O)nn2)n1,CHEMBL5282767,Kd,6.6,uM,CHEMBL5244318,Binding affinity to human serum albumin by fluorescence polarization assay
O=C(CCCc1ccc(I)cc1)NCCCCC(NC(=O)c1ccc2c(c1)C(=O)OC21c2ccc(O)cc2Oc2cc(O)ccc21)C(=O)O,CHEMBL5269304,Kd,3.2,uM,CHEMBL5244319,Binding affinity to human albumin
CC[C@H](C)[C@H](NC(=O)[C@H](CC(C)C)NC(=O)[C@H](CCCNC(=N)N)NC(C)=O)C(=O)N[C@@H](CCC(=O)O)C(=O)N[C@@H](CC(=O)O)C(=O)N[C@H](C(=O)N[C@H]1CSC[C@@H](C(=O)N[C@@H](CC(C)C)C(=O)N[C@@H](Cc2c[nH]c3ccccc23)C(=O)N[C@@H](CCC(=O)O)C(=O)N[C@@H](CC(=O)O)C(=O)N[C@@H](CC(=O)O)C(N)=O)NC(=O)CNC(=O)[C@@H](Cc2c[nH]c3ccccc23)C(=O)[C@H](CCCNC(=N)N)NC(=O)[C@@H]2CCCN2C(=O)[C@H](CC(C)C)NC1=O)[C@@H](C)CC,CHEMBL5267643,Kd,1560.0,nM,CHEMBL5244319,Binding affinity to human albumin
CC(=O)N[C@@H](Cc1c[nH]c2ccccc12)C(=O)N[C@@H](Cc1c[nH]c2ccccc12)C(=O)N[C@@H](CCC(=O)O)C(=O)N[C@@H](CCC(N)=O)C(=O)N[C@@H](CC(=O)O)C(=O)N[C@@H](CCCNC(=N)N)C(=O)N[C@@H](CC(=O)O)C(=O)N[C@@H](Cc1c[nH]c2ccccc12)C(=O)N[C@@H](CC(=O)O)C(=O)N[C@@H](Cc1ccccc1)C(=O)N[C@@H](CC(=O)O)C(=O)N[C@H](C(=O)N[C@@H](Cc1ccccc1)C(=O)NCC(=O)NCC(=O)NCC(=O)N[C@H](C(=O)N1CCC[C@H]1C(N)=O)[C@@H](C)O)C(C)C,CHEMBL5270477,Kd,15.0,nM,CHEMBL5244322,Binding affinity to human albumin assessed as dissociation constant
O=C(CCCc1ccc(I)cc1)NCCCC[C@@H](NC(=O)c1ccc(-c2c3ccc(=O)cc-3oc3cc(O)ccc23)c(C(=O)O)c1)C(=O)O,CHEMBL5287247,Kd,108.0,nM,CHEMBL5244324,Binding affinity to human albumin assessed as dissociation constant by fluorescence polarization assay
O=C(CCCc1ccc(I)cc1)NCCCC[C@@H](NC(=O)c1ccc(-c2c3ccc(=O)cc-3oc3cc(O)ccc23)c(C(=O)O)c1)C(=O)O,CHEMBL5287247,Kd,330.0,nM,CHEMBL5244326,Binding affinity to human albumin assessed as dissociation constant by ITC method
CC[C@H](C)[C@H](NC(=O)[C@H](CC(C)C)NC(=O)[C@H](CCCNC(=N)N)NC(C)=O)C(=O)N[C@@H](CCC(=O)O)C(=O)N[C@@H](CC(=O)O)C(=O)N[C@H](C(=O)N[C@H]1CSC[C@@H](C(=O)N[C@@H](CC(C)C)C(=O)N[C@@H](Cc2c[nH]c3ccccc23)C(=O)N[C@@H](CCC(=O)O)C(=O)N[C@@H](CC(=O)O)C(=O)N[C@@H](CC(=O)O)C(N)=O)NC(=O)CNC(=O)[C@@H](Cc2c[nH]c3ccccc23)C(=O)[C@H](CCCNC(=N)N)NC(=O)[C@@H]2CCCN2C(=O)[C@H](CC(C)C)NC1=O)[C@@H](C)CC,CHEMBL5267643,Kd,467.0,nM,CHEMBL5244327,Binding affinity to human albumin assessed as dissociation constant by surface plasmon resonance assay
CC(C)(O)[C@H]1CC[C@H](NC(=O)c2cnc3cc(OC(F)F)ccc3c2)CC1,CHEMBL4473072,PB,88.0,%,CHEMBL5265280,Protein binding in human serum albumin by HPLC analysis
COc1cc2ncc(C(=O)N[C@H]3CC[C@H](C(C)(C)O)CC3)cc2cn1,CHEMBL5276706,PB,67.0,%,CHEMBL5265280,Protein binding in human serum albumin by HPLC analysis
COc1ccc2cc(C(=O)N[C@H]3CC[C@H](C(C)(C)O)CC3)cnc2n1,CHEMBL5274762,PB,73.0,%,CHEMBL5265280,Protein binding in human serum albumin by HPLC analysis
CC(C)(O)[C@H]1CC[C@H](NC(=O)c2cnc3cc(N4CCC4)ncc3c2)CC1,CHEMBL5279860,PB,79.0,%,CHEMBL5265280,Protein binding in human serum albumin by HPLC analysis
CC(C)(O)[C@H]1CC[C@H](NC(=O)c2cnc3cc(N4CC(F)C4)ncc3c2)CC1,CHEMBL5278530,PB,73.0,%,CHEMBL5265280,Protein binding in human serum albumin by HPLC analysis
CC(C)(O)[C@H]1CC[C@H](NC(=O)c2cnc3cc(C4CC4)ncc3c2)CC1,CHEMBL5271855,PB,84.0,%,CHEMBL5265280,Protein binding in human serum albumin by HPLC analysis
CC(C)(O)[C@H]1CC[C@H](NC(=O)c2cnc3nc(N4CCC4)ccc3c2)CC1,CHEMBL5283521,PB,80.0,%,CHEMBL5265280,Protein binding in human serum albumin by HPLC analysis
C[C@H]1CCN1c1ccc2cc(C(=O)N[C@H]3CC[C@H](C(C)(C)O)CC3)cnc2n1,CHEMBL5285125,PB,78.0,%,CHEMBL5265280,Protein binding in human serum albumin by HPLC analysis
CC(C)(O)[C@H]1CC[C@H](NC(=O)c2cnc3nc(C4CC4)ccc3c2)CC1,CHEMBL5285108,PB,80.0,%,CHEMBL5265280,Protein binding in human serum albumin by HPLC analysis
CC(C)(O)[C@H]1CC[C@H](NC(=O)c2cnc3nc(N4CCC4)ncc3c2)CC1,CHEMBL5275367,PB,54.0,%,CHEMBL5265280,Protein binding in human serum albumin by HPLC analysis
CC(C)(O)[C@H]1CC[C@H](NC(=O)c2cnc3nc(C4CC4)ncc3c2)CC1,CHEMBL5282228,PB,64.0,%,CHEMBL5265280,Protein binding in human serum albumin by HPLC analysis
C[C@]1(O)C[C@@H](NC(=O)c2cnc3cc(N4CCC4)ncc3c2)C1,CHEMBL5284347,PB,52.0,%,CHEMBL5265280,Protein binding in human serum albumin by HPLC analysis
O=C(N[C@H]1CCNC1=O)c1cnc2cc(N3CCC3)ncc2c1,CHEMBL5284902,PB,59.0,%,CHEMBL5265280,Protein binding in human serum albumin by HPLC analysis
C[C@H]1CCN1c1cc2ncc(C(=O)N[C@H]3CCNC3=O)cc2cn1,CHEMBL5274007,PB,56.0,%,CHEMBL5265280,Protein binding in human serum albumin by HPLC analysis
CC(C)(O)[C@H]1C[C@H](NC(=O)c2cnc3cc(C4CC4)ncc3c2)C1,CHEMBL5289296,PB,76.0,%,CHEMBL5265280,Protein binding in human serum albumin by HPLC analysis
O=C(N[C@H]1CCNC1=O)c1cnc2cc(C3CC3)ncc2c1,CHEMBL5270752,PB,43.0,%,CHEMBL5265280,Protein binding in human serum albumin by HPLC analysis
CC(C)(O)[C@H]1C[C@H](NC(=O)c2cnc3nc(C4CC4)ccc3c2)C1,CHEMBL5283878,PB,74.0,%,CHEMBL5265280,Protein binding in human serum albumin by HPLC analysis
CC(C)(O)[C@H]1CC2(C[C@H](NC(=O)c3cnc4nc(C5CC5)ccc4c3)C2)C1,CHEMBL5275536,PB,86.0,%,CHEMBL5265280,Protein binding in human serum albumin by HPLC analysis
CC(C)(O)C1CC2(CC(NC(=O)c3cnc4nc(C5CC5)ccc4c3)C2)C1,CHEMBL5279720,PB,86.0,%,CHEMBL5265280,Protein binding in human serum albumin by HPLC analysis
CC(C)(O)[C@]12C[C@@](NC(=O)c3cnc4nc(C5CC5)ccc4c3)(C1)C2,CHEMBL5280247,PB,69.0,%,CHEMBL5265280,Protein binding in human serum albumin by HPLC analysis
CC(N[C@H]1CC[C@H](NC(=O)c2cnc3nc(C4CC4)ccc3c2)CC1)C(F)F,CHEMBL5290809,PB,82.0,%,CHEMBL5265280,Protein binding in human serum albumin by HPLC analysis
C[C@H]1CCN1c1nc2ncc(C(=O)N[C@H]3CC[C@](C)(O)CC3)cc2cc1Cl,CHEMBL5279371,PB,87.0,%,CHEMBL5265280,Protein binding in human serum albumin by HPLC analysis
C[C@H]1CCN1c1nc2ncc(C(=O)N[C@H]3CCNC3=O)cc2cc1Cl,CHEMBL5267588,PB,81.0,%,CHEMBL5265280,Protein binding in human serum albumin by HPLC analysis
CC(C)(O)[C@H]1C[C@H](NC(=O)c2cnc3nc(C4CC4)c(Cl)cc3c2)C1,CHEMBL5282861,PB,88.0,%,CHEMBL5265280,Protein binding in human serum albumin by HPLC analysis
C[C@]1(O)C[C@H](NC(=O)c2cnc3nc(C4CC4)c(Cl)cc3c2)C1,CHEMBL5273656,PB,86.0,%,CHEMBL5265280,Protein binding in human serum albumin by HPLC analysis
C[C@]1(O)C[C@@H](NC(=O)c2cnc3nc(C4CC4)c(Cl)cc3c2)C1,CHEMBL5268479,PB,87.0,%,CHEMBL5265280,Protein binding in human serum albumin by HPLC analysis
O=C(N[C@H]1CCNC1=O)c1cnc2nc(C3CC3)c(Cl)cc2c1,CHEMBL5266142,PB,81.0,%,CHEMBL5265280,Protein binding in human serum albumin by HPLC analysis
COc1c(C)c2c(c(O)c1C/C=C(\C)CCC(=O)O)C(=O)OC2,CHEMBL866,K,1.96,10^5/M,CHEMBL5316925,Binding affinity to human serum albumin assessed as association constant measured after 18 hrs by equilibrium dialysis method
COC(=O)CC/C(C)=C/Cc1c(O)c2c(c(C)c1OC)COC2=O,CHEMBL237760,K,1.91,10^5/M,CHEMBL5316925,Binding affinity to human serum albumin assessed as association constant measured after 18 hrs by equilibrium dialysis method
COc1c(C)c2c(c(O)c1C/C=C(\C)CCC(=O)OCCN1CCOCC1)C(=O)OC2,CHEMBL1456,K,0.83,10^5/M,CHEMBL5316925,Binding affinity to human serum albumin assessed as association constant measured after 18 hrs by equilibrium dialysis method
CC(C)[C@H](NC(=O)c1cccs1)C(=O)Nc1nccs1,CHEMBL5424525,PB,10.0,%,CHEMBL5321316,Protein binding in human serum albumin at 50 uM incubated for 30 mins by probe based analysis
CC(C)[C@H](NC(=O)c1cc2ccccc2oc1=O)C(=O)Nc1nccs1,CHEMBL5433282,PB,10.0,%,CHEMBL5321316,Protein binding in human serum albumin at 50 uM incubated for 30 mins by probe based analysis
CC(C)[C@H](NC(=O)c1cc2ccccc2[nH]1)C(=O)Nc1nccs1,CHEMBL5414287,PB,10.0,%,CHEMBL5321316,Protein binding in human serum albumin at 50 uM incubated for 30 mins by probe based analysis
CC(C)[C@H](NC(=O)c1cc2ccccc2[nH]1)C(=O)Nc1nccs1,CHEMBL5414287,Drug degradation,12.0,%,CHEMBL5321320,Protein binding in human serum albumin assessed as compound degradation at 50 uM incubated for 30 mins by probe based analysis
NCCOCCOCCNC(=O)c1cccc(NC(=O)OC2CCN(C(=O)c3ccc(-c4nc5ccccc5[nH]4)cc3)CC2)c1,CHEMBL5436933,Ki,49.7,nM,CHEMBL5326192,Binding affinity to human serum albumin by fluorescence polarization assay
CC(=O)N(Cc1ccccc1OC[18F])c1cnccc1Oc1ccccc1,CHEMBL5199978,Ki,8.27,nM,CHEMBL5345578,Binding affinity to human serum albumin by fluorescence polarization assay
O=C1C(Cc2c[nH]c3ccccc23)c2ccccc2N1c1c(Cl)cccc1Cl,CHEMBL5414581,K,1.1,10^3/M,CHEMBL5366256,Binding affinity to human serum albumin in phosphate buffer at pH 7.4 incubated at 298 K
O=C1C(Cc2cccn2Cc2ccccc2)c2ccccc2N1c1c(Cl)cccc1Cl,CHEMBL5413236,K,1.2,10^4/M,CHEMBL5366256,Binding affinity to human serum albumin in phosphate buffer at pH 7.4 incubated at 298 K
C#CCn1cccc1CC1c2ccccc2N(c2c(Cl)cccc2Cl)C1O,CHEMBL5401108,K,4.1,10^4/M,CHEMBL5366256,Binding affinity to human serum albumin in phosphate buffer at pH 7.4 incubated at 298 K
C=CCn1cccc1CC1C(=O)N(c2c(Cl)cccc2Cl)c2ccccc21,CHEMBL5440850,K,1.7,10^4/M,CHEMBL5366256,Binding affinity to human serum albumin in phosphate buffer at pH 7.4 incubated at 298 K
CCOC(=O)Cn1cccc1CC1c2ccccc2N(c2c(Cl)cccc2Cl)C1O,CHEMBL5403873,K,1.4,10^4/M,CHEMBL5366256,Binding affinity to human serum albumin in phosphate buffer at pH 7.4 incubated at 298 K
Oc1c(Cc2cn(Cc3ccccc3)c3ccccc23)c2ccccc2n1-c1c(Cl)cccc1Cl,CHEMBL5403166,K,1.4,10^4/M,CHEMBL5366256,Binding affinity to human serum albumin in phosphate buffer at pH 7.4 incubated at 298 K
C#CCn1cc(Cc2c(O)n(-c3c(Cl)cccc3Cl)c3ccccc23)c2ccccc21,CHEMBL5400537,K,1.1,10^4/M,CHEMBL5366256,Binding affinity to human serum albumin in phosphate buffer at pH 7.4 incubated at 298 K
C=CCn1cc(Cc2c(O)n(-c3c(Cl)cccc3Cl)c3ccccc23)c2ccccc21,CHEMBL5431302,K,7.6,10^2/M,CHEMBL5366256,Binding affinity to human serum albumin in phosphate buffer at pH 7.4 incubated at 298 K
CCOC(=O)Cn1cc(Cc2c(O)n(-c3c(Cl)cccc3Cl)c3ccccc23)c2ccccc21,CHEMBL5404057,K,2.7,10^3/M,CHEMBL5366256,Binding affinity to human serum albumin in phosphate buffer at pH 7.4 incubated at 298 K
O=C(O)Cn1cccc1Cc1c(O)n(-c2c(Cl)cccc2Cl)c2ccccc12,CHEMBL5407069,K,1.4,10^4/M,CHEMBL5366256,Binding affinity to human serum albumin in phosphate buffer at pH 7.4 incubated at 298 K
O=C(O)Cn1cc(Cc2c(O)n(-c3c(Cl)cccc3Cl)c3ccccc23)c2ccccc21,CHEMBL5406540,K,5.2,10^4/M,CHEMBL5366256,Binding affinity to human serum albumin in phosphate buffer at pH 7.4 incubated at 298 K
COc1cc(CC2C(=O)N(c3c(Cl)cccc3Cl)c3ccccc32)cc(OC)c1OC,CHEMBL5414740,K,6.9,10^4/M,CHEMBL5366256,Binding affinity to human serum albumin in phosphate buffer at pH 7.4 incubated at 298 K
O=C1C(Cc2ccc[nH]2)c2ccccc2N1c1c(Cl)cccc1Cl,CHEMBL5404346,K,3.8,10^4/M,CHEMBL5366256,Binding affinity to human serum albumin in phosphate buffer at pH 7.4 incubated at 298 K
Cc1ncsc1-c1ccc(CNC(=O)[C@@H]2C[C@@H](O)CN2C(=O)[C@@H](NC(=O)C2(C#N)CC2)C(C)(C)C)cc1,CHEMBL4225537,PPB,88.0,%,CHEMBL5368612,Protein binding in human serum albumin assessed as fraction bound
Cc1cc(-c2scnc2C)ccc1CNC(=O)[C@@H]1C[C@@H](O)CN1C(=O)[C@@H](NC(=O)C1(C#N)CC1)C(C)(C)C,CHEMBL5413837,PPB,90.0,%,CHEMBL5368612,Protein binding in human serum albumin assessed as fraction bound
COc1cc(-c2scnc2C)ccc1CNC(=O)[C@@H]1C[C@@H](O)CN1C(=O)[C@@H](NC(=O)C1(C#N)CC1)C(C)(C)C,CHEMBL5416976,PPB,88.0,%,CHEMBL5368612,Protein binding in human serum albumin assessed as fraction bound
Cc1ncsc1-c1ccc(CNC(=O)[C@@H]2C[C@@H](O)CN2C(=O)[C@@H](NC(=O)C2(C#N)CC2)C(C)(C)C)c(F)c1,CHEMBL5422644,PPB,88.0,%,CHEMBL5368612,Protein binding in human serum albumin assessed as fraction bound
Cc1ncsc1-c1ccc(CNC(=O)[C@@H]2C[C@@H](O)CN2C(=O)[C@@H](NC(=O)C2(C#N)CC2)C(C)(C)C)c(Cl)c1,CHEMBL5414027,PPB,91.0,%,CHEMBL5368612,Protein binding in human serum albumin assessed as fraction bound
Cc1cc(CNC(=O)[C@@H]2C[C@@H](O)CN2C(=O)[C@@H](NC(=O)C2(C#N)CC2)C(C)(C)C)ccc1-c1scnc1C,CHEMBL5404633,PPB,89.0,%,CHEMBL5368612,Protein binding in human serum albumin assessed as fraction bound
COc1cc(CNC(=O)[C@@H]2C[C@@H](O)CN2C(=O)[C@@H](NC(=O)C2(C#N)CC2)C(C)(C)C)ccc1-c1scnc1C,CHEMBL5395747,PPB,87.0,%,CHEMBL5368612,Protein binding in human serum albumin assessed as fraction bound
Cc1ncsc1-c1ccc(CNC(=O)[C@@H]2C[C@@H](O)CN2C(=O)[C@@H](NC(=O)C2(C#N)CC2)C(C)(C)C)cc1F,CHEMBL5423283,PPB,88.0,%,CHEMBL5368612,Protein binding in human serum albumin assessed as fraction bound
Cc1ncsc1-c1ccc(CNC(=O)[C@@H]2C[C@@H](O)CN2C(=O)[C@@H](NC(=O)C2(C#N)CC2)C(C)(C)C)cc1Cl,CHEMBL5412363,PPB,91.0,%,CHEMBL5368612,Protein binding in human serum albumin assessed as fraction bound
Cc1cc(-c2scnc2C)cc(C)c1CNC(=O)[C@@H]1C[C@@H](O)CN1C(=O)[C@@H](NC(=O)C1(C#N)CC1)C(C)(C)C,CHEMBL5408755,PPB,90.0,%,CHEMBL5368612,Protein binding in human serum albumin assessed as fraction bound
COc1cc(-c2scnc2C)cc(OC)c1CNC(=O)[C@@H]1C[C@@H](O)CN1C(=O)[C@@H](NC(=O)C1(C#N)CC1)C(C)(C)C,CHEMBL5426675,PPB,88.0,%,CHEMBL5368612,Protein binding in human serum albumin assessed as fraction bound
Cc1ncsc1-c1cc(F)c(CNC(=O)[C@@H]2C[C@@H](O)CN2C(=O)[C@@H](NC(=O)C2(C#N)CC2)C(C)(C)C)c(F)c1,CHEMBL5436460,PPB,86.0,%,CHEMBL5368612,Protein binding in human serum albumin assessed as fraction bound
Cc1ncsc1-c1cc(Cl)c(CNC(=O)[C@@H]2C[C@@H](O)CN2C(=O)[C@@H](NC(=O)C2(C#N)CC2)C(C)(C)C)c(Cl)c1,CHEMBL5406835,PPB,91.0,%,CHEMBL5368612,Protein binding in human serum albumin assessed as fraction bound
Cc1cc(-c2scnc2C)c(C)cc1CNC(=O)[C@@H]1C[C@@H](O)CN1C(=O)[C@@H](NC(=O)C1(C#N)CC1)C(C)(C)C,CHEMBL5397830,PPB,90.0,%,CHEMBL5368612,Protein binding in human serum albumin assessed as fraction bound
COc1cc(-c2scnc2C)c(OC)cc1CNC(=O)[C@@H]1C[C@@H](O)CN1C(=O)[C@@H](NC(=O)C1(C#N)CC1)C(C)(C)C,CHEMBL5402376,PPB,86.0,%,CHEMBL5368612,Protein binding in human serum albumin assessed as fraction bound
Cc1ncsc1-c1cc(F)c(CNC(=O)[C@@H]2C[C@@H](O)CN2C(=O)[C@@H](NC(=O)C2(C#N)CC2)C(C)(C)C)cc1F,CHEMBL5418347,PPB,88.0,%,CHEMBL5368612,Protein binding in human serum albumin assessed as fraction bound
Cc1ncsc1-c1cc(Cl)c(CNC(=O)[C@@H]2C[C@@H](O)CN2C(=O)[C@@H](NC(=O)C2(C#N)CC2)C(C)(C)C)cc1Cl,CHEMBL5398219,PPB,93.0,%,CHEMBL5368612,Protein binding in human serum albumin assessed as fraction bound
Cc1ncsc1-c1ccc(CNC(=O)[C@@H]2C[C@@H](O)CN2C(=O)[C@@H](NC(=O)C2(C#N)CC2)C(C)(C)C)c(C)c1C,CHEMBL5401657,PPB,91.0,%,CHEMBL5368612,Protein binding in human serum albumin assessed as fraction bound
Cc1ncsc1-c1ccc(CNC(=O)[C@@H]2C[C@@H](O)CN2C(=O)[C@@H](NC(=O)C2(C#N)CC2)C(C)(C)C)c(F)c1F,CHEMBL5410571,PPB,89.0,%,CHEMBL5368612,Protein binding in human serum albumin assessed as fraction bound
Cc1ncsc1-c1ccc(CNC(=O)[C@@H]2C[C@@H](O)CN2C(=O)[C@@H](NC(=O)C2(C#N)CC2)C(C)(C)C)c(O)c1F,CHEMBL5424186,PPB,89.0,%,CHEMBL5368612,Protein binding in human serum albumin assessed as fraction bound
COc1c(CNC(=O)[C@@H]2C[C@@H](O)CN2C(=O)[C@@H](NC(=O)C2(C#N)CC2)C(C)(C)C)ccc(-c2scnc2C)c1F,CHEMBL5405666,PPB,89.0,%,CHEMBL5368612,Protein binding in human serum albumin assessed as fraction bound
Cc1ncsc1-c1ccc(CNC(=O)[C@@H]2C[C@@H](O)CN2C(=O)[C@@H](NC(=O)C2(C#N)CC2)C(C)(C)C)c2ccccc12,CHEMBL5423266,PPB,93.0,%,CHEMBL5368612,Protein binding in human serum albumin assessed as fraction bound
Cc1ncsc1-c1ccc(CNC(=O)[C@@H]2C[C@@H](O)CN2C(=O)[C@@H](NC(=O)C2(C#N)CC2)C(C)(C)C)c2ncccc12,CHEMBL5435739,PPB,88.0,%,CHEMBL5368612,Protein binding in human serum albumin assessed as fraction bound
Cc1cc(-c2scnc2C)ccc1[C@H](C)NC(=O)[C@@H]1C[C@@H](O)CN1C(=O)[C@@H](NC(=O)C1(C#N)CC1)C(C)(C)C,CHEMBL5416084,PPB,88.0,%,CHEMBL5368612,Protein binding in human serum albumin assessed as fraction bound
Cc1ncsc1-c1ccc([C@H](C)NC(=O)[C@@H]2C[C@@H](O)CN2C(=O)[C@@H](NC(=O)C2(C#N)CC2)C(C)(C)C)cc1F,CHEMBL5430466,PPB,88.0,%,CHEMBL5368612,Protein binding in human serum albumin assessed as fraction bound
Cc1cc(-c2scnc2C)ccc1CNC(=O)[C@@H]1C[C@@H](O)CN1C(=O)[C@@H](NC(=O)C1(F)CC1)C(C)(C)C,CHEMBL5405990,PPB,89.0,%,CHEMBL5368612,Protein binding in human serum albumin assessed as fraction bound
Cc1ncsc1-c1ccc(CNC(=O)[C@@H]2C[C@@H](O)CN2C(=O)[C@@H](NC(=O)C2(F)CC2)C(C)(C)C)cc1F,CHEMBL5412800,PPB,88.0,%,CHEMBL5368612,Protein binding in human serum albumin assessed as fraction bound
Cc1cc(-c2scnc2C)c(F)cc1CNC(=O)[C@@H]1C[C@@H](O)CN1C(=O)[C@@H](NC(=O)C1(F)CC1)C(C)(C)C,CHEMBL5422221,PPB,90.0,%,CHEMBL5368612,Protein binding in human serum albumin assessed as fraction bound
COc1cc(-c2scnc2C)c(F)cc1CNC(=O)[C@@H]1C[C@@H](O)CN1C(=O)[C@@H](NC(=O)C1(F)CC1)C(C)(C)C,CHEMBL5425050,PPB,88.0,%,CHEMBL5368612,Protein binding in human serum albumin assessed as fraction bound
Cc1cc(-c2scnc2C)ccc1[C@H](C)NC(=O)[C@@H]1C[C@@H](O)CN1C(=O)[C@@H](NC(=O)C1(F)CC1)C(C)(C)C,CHEMBL5421220,PPB,88.0,%,CHEMBL5368612,Protein binding in human serum albumin assessed as fraction bound
Cc1ncsc1-c1ccc([C@H](C)NC(=O)[C@@H]2C[C@@H](O)CN2C(=O)[C@@H](NC(=O)C2(F)CC2)C(C)(C)C)cc1F,CHEMBL5398197,PPB,88.0,%,CHEMBL5368612,Protein binding in human serum albumin assessed as fraction bound
Cc1cc(-c2scnc2C)c(F)cc1[C@H](C)NC(=O)[C@@H]1C[C@@H](O)CN1C(=O)[C@@H](NC(=O)C1(F)CC1)C(C)(C)C,CHEMBL5403921,PPB,89.0,%,CHEMBL5368612,Protein binding in human serum albumin assessed as fraction bound
COc1cc(-c2scnc2C)c(F)cc1[C@H](C)NC(=O)[C@@H]1C[C@@H](O)CN1C(=O)[C@@H](NC(=O)C1(F)CC1)C(C)(C)C,CHEMBL5425778,PPB,89.0,%,CHEMBL5368612,Protein binding in human serum albumin assessed as fraction bound
Cc1ncsc1-c1ccc2c(c1)CCC2NC(=O)[C@@H]1C[C@@H](O)CN1C(=O)[C@@H](NC(=O)C1(C#N)CC1)C(C)(C)C,CHEMBL5395402,PPB,90.0,%,CHEMBL5368612,Protein binding in human serum albumin assessed as fraction bound
Cc1ncsc1-c1cc2c(cc1F)C(NC(=O)[C@@H]1C[C@@H](O)CN1C(=O)[C@@H](NC(=O)C1(C#N)CC1)C(C)(C)C)CC2,CHEMBL5432818,PPB,90.0,%,CHEMBL5368612,Protein binding in human serum albumin assessed as fraction bound
Cc1ncsc1-c1cc2c(cc1F)C(NC(=O)[C@@H]1C[C@@H](O)CN1C(=O)[C@@H](NC(=O)C1(F)CC1)C(C)(C)C)CC2,CHEMBL5433809,PPB,92.0,%,CHEMBL5368612,Protein binding in human serum albumin assessed as fraction bound
Cc1ncsc1-c1cc2c(cc1F)C(NC(=O)[C@@H]1C[C@@H](O)CN1C(=O)[C@@H](NC(=O)C1(F)CC1)C(C)(C)C)CCC2,CHEMBL5420043,PPB,92.0,%,CHEMBL5368612,Protein binding in human serum albumin assessed as fraction bound
Cc1ncsc1-c1ccc(CNC(=O)[C@@H]2C[C@@H](O)CN2C(=O)[C@@H](NC(=O)C2(F)CC2)C(C)(C)C)cc1,CHEMBL4225470,PPB,86.0,%,CHEMBL5368612,Protein binding in human serum albumin assessed as fraction bound
Nc1cccc2c1C(=O)N(C1CCC(=O)NC1=O)C2=O,CHEMBL43452,PPB,51.0,%,CHEMBL5374910,Plasma Protein binding in human albumin assessed as fraction bound by rapid equlibrium dialysis method
Nc1cccc2c1CN(C1CCC(=O)NC1=O)C2=O,CHEMBL848,PPB,12.0,%,CHEMBL5374910,Plasma Protein binding in human albumin assessed as fraction bound by rapid equlibrium dialysis method
O=C1CCC(NC(=O)c2ccccc2)C(=O)N1,CHEMBL1594734,PPB,10.0,%,CHEMBL5374910,Plasma Protein binding in human albumin assessed as fraction bound by rapid equlibrium dialysis method
O=C1CCC(NC(=O)c2cc(F)c(F)c(F)c2F)C(=O)N1,CHEMBL5437759,PPB,17.0,%,CHEMBL5374910,Plasma Protein binding in human albumin assessed as fraction bound by rapid equlibrium dialysis method
Nc1cccc(C(=O)NC2CCC(=O)NC2=O)c1,CHEMBL5398662,PPB,4.0,%,CHEMBL5374910,Plasma Protein binding in human albumin assessed as fraction bound by rapid equlibrium dialysis method
Nc1cccc(C(=O)NC2CCC(=O)NC2=O)c1F,CHEMBL5411174,PPB,4.0,%,CHEMBL5374910,Plasma Protein binding in human albumin assessed as fraction bound by rapid equlibrium dialysis method
Nc1ccc(C(=O)NC2CCC(=O)NC2=O)cc1,CHEMBL5424655,PPB,3.0,%,CHEMBL5374910,Plasma Protein binding in human albumin assessed as fraction bound by rapid equlibrium dialysis method
Nc1ccc(C(=O)NC2CCC(=O)NC2=O)c(F)c1,CHEMBL5410980,PPB,5.0,%,CHEMBL5374910,Plasma Protein binding in human albumin assessed as fraction bound by rapid equlibrium dialysis method
Nc1ccccc1C(=O)NC1CCC(=O)NC1=O,CHEMBL5399110,PPB,9.0,%,CHEMBL5374910,Plasma Protein binding in human albumin assessed as fraction bound by rapid equlibrium dialysis method
Nc1cccc(F)c1C(=O)NC1CCC(=O)NC1=O,CHEMBL5439012,PPB,12.0,%,CHEMBL5374910,Plasma Protein binding in human albumin assessed as fraction bound by rapid equlibrium dialysis method
Nc1ccc(C(=O)NC2CCC(=O)NC2=O)c(Cl)c1,CHEMBL5405702,PPB,10.0,%,CHEMBL5374910,Plasma Protein binding in human albumin assessed as fraction bound by rapid equlibrium dialysis method
Nc1ccc(C(=O)NC2CCC(=O)NC2=O)c(C(F)(F)F)c1,CHEMBL5404650,PPB,6.0,%,CHEMBL5374910,Plasma Protein binding in human albumin assessed as fraction bound by rapid equlibrium dialysis method
Cc1cc(N)ccc1C(=O)NC1CCC(=O)NC1=O,CHEMBL5419302,PPB,2.0,%,CHEMBL5374910,Plasma Protein binding in human albumin assessed as fraction bound by rapid equlibrium dialysis method
COc1cc(N)ccc1C(=O)NC1CCC(=O)NC1=O,CHEMBL5405986,PPB,17.0,%,CHEMBL5374910,Plasma Protein binding in human albumin assessed as fraction bound by rapid equlibrium dialysis method
Nc1ccc(C(=O)NC2CCC(=O)NC2=O)c(O)c1,CHEMBL5441135,PPB,18.0,%,CHEMBL5374910,Plasma Protein binding in human albumin assessed as fraction bound by rapid equlibrium dialysis method
COc1c(N)c(F)cc(C(=O)NC2CCC(=O)NC2=O)c1F,CHEMBL5403248,PPB,14.0,%,CHEMBL5374910,Plasma Protein binding in human albumin assessed as fraction bound by rapid equlibrium dialysis method
CCCCNc1ccc(C(=O)NC2CCC(=O)NC2=O)c(F)c1,CHEMBL5416921,PPB,85.0,%,CHEMBL5374910,Plasma Protein binding in human albumin assessed as fraction bound by rapid equlibrium dialysis method
CCCCNC(=O)CNc1ccc(C(=O)NC2CCC(=O)NC2=O)c(F)c1,CHEMBL5430307,PPB,30.0,%,CHEMBL5374910,Plasma Protein binding in human albumin assessed as fraction bound by rapid equlibrium dialysis method
CCCCOc1ccc(C(=O)NC2CCC(=O)NC2=O)c(F)c1,CHEMBL5421440,PPB,89.0,%,CHEMBL5374910,Plasma Protein binding in human albumin assessed as fraction bound by rapid equlibrium dialysis method
CCCCNc1ccc(C(=O)NC2CCC(=O)NC2=O)c(OC)c1,CHEMBL5402514,PPB,90.0,%,CHEMBL5374910,Plasma Protein binding in human albumin assessed as fraction bound by rapid equlibrium dialysis method
CCCCNc1c(F)cc(C(=O)NC2CCC(=O)NC2=O)c(F)c1OC,CHEMBL5435181,PPB,88.0,%,CHEMBL5374910,Plasma Protein binding in human albumin assessed as fraction bound by rapid equlibrium dialysis method
CCCCNc1ccc2c(=O)n(C3CCC(=O)NC3=O)nnc2c1,CHEMBL5414951,PPB,88.0,%,CHEMBL5374910,Plasma Protein binding in human albumin assessed as fraction bound by rapid equlibrium dialysis method
CCCCOc1ccc(C2CCC(=O)NC2=O)cc1,CHEMBL5427990,PPB,89.0,%,CHEMBL5374910,Plasma Protein binding in human albumin assessed as fraction bound by rapid equlibrium dialysis method
CCCCNc1ccc2c(c1)C(=O)N(C1CCC(=O)NC1=O)C2=O,CHEMBL5431343,PPB,89.0,%,CHEMBL5374910,Plasma Protein binding in human albumin assessed as fraction bound by rapid equlibrium dialysis method
CCCCNc1ccc2c(c1)CN(C1CCC(=O)NC1=O)C2=O,CHEMBL5415637,PPB,83.0,%,CHEMBL5374910,Plasma Protein binding in human albumin assessed as fraction bound by rapid equlibrium dialysis method
Cc1sc2c(c1C)C(c1ccc(Cl)cc1)=N[C@@H](CC(=O)NCCNc1cccc3c1C(=O)N(C1CCC(=O)NC1=O)C3=O)c1nnc(C)n1-2,CHEMBL5180012,PPB,93.0,%,CHEMBL5374910,Plasma Protein binding in human albumin assessed as fraction bound by rapid equlibrium dialysis method
Cc1ncsc1-c1ccc(CNC(=O)[C@@H]2C[C@@H](O)CN2C(=O)[C@@H](NC(=O)COCCOCCOCCNC(=O)C[C@@H]2N=C(c3ccc(Cl)cc3)c3c(sc(C)c3C)-n3c(C)nnc32)C(C)(C)C)cc1,CHEMBL4226570,PPB,92.0,%,CHEMBL5374910,Plasma Protein binding in human albumin assessed as fraction bound by rapid equlibrium dialysis method
Cc1sc2c(c1C)C(c1ccc(Cl)cc1)=N[C@@H](CC(=O)NCCNc1ccc(C(=O)NC3CCC(=O)NC3=O)c(F)c1)c1nnc(C)n1-2,CHEMBL5412937,PPB,91.0,%,CHEMBL5374910,Plasma Protein binding in human albumin assessed as fraction bound by rapid equlibrium dialysis method
Cc1sc2c(c1C)C(c1ccc(Cl)cc1)=N[C@@H](CC(=O)NCCCCNc1ccc(C(=O)NC3CCC(=O)NC3=O)c(F)c1)c1nnc(C)n1-2,CHEMBL5415034,PPB,92.0,%,CHEMBL5374910,Plasma Protein binding in human albumin assessed as fraction bound by rapid equlibrium dialysis method
Cc1sc2c(c1C)C(c1ccc(Cl)cc1)=N[C@@H](CC(=O)NCCCCCCNc1ccc(C(=O)NC3CCC(=O)NC3=O)c(F)c1)c1nnc(C)n1-2,CHEMBL5409266,PPB,94.0,%,CHEMBL5374910,Plasma Protein binding in human albumin assessed as fraction bound by rapid equlibrium dialysis method
Cc1sc2c(c1C)C(c1ccc(Cl)cc1)=N[C@@H](CC(=O)NCCCCCCCCNc1ccc(C(=O)NC3CCC(=O)NC3=O)c(F)c1)c1nnc(C)n1-2,CHEMBL5406008,PPB,95.0,%,CHEMBL5374910,Plasma Protein binding in human albumin assessed as fraction bound by rapid equlibrium dialysis method
Cc1sc2c(c1C)C(c1ccc(Cl)cc1)=N[C@@H](CC(=O)NCCCCCCCCCCNc1ccc(C(=O)NC3CCC(=O)NC3=O)c(F)c1)c1nnc(C)n1-2,CHEMBL5413282,PPB,96.0,%,CHEMBL5374910,Plasma Protein binding in human albumin assessed as fraction bound by rapid equlibrium dialysis method
Cc1sc2c(c1C)C(c1ccc(Cl)cc1)=N[C@@H](CC(=O)NCCOCCNc1ccc(C(=O)NC3CCC(=O)NC3=O)c(F)c1)c1nnc(C)n1-2,CHEMBL5401466,PPB,90.0,%,CHEMBL5374910,Plasma Protein binding in human albumin assessed as fraction bound by rapid equlibrium dialysis method
Cc1sc2c(c1C)C(c1ccc(Cl)cc1)=N[C@@H](CC(=O)NCCOCCOCCNc1ccc(C(=O)NC3CCC(=O)NC3=O)c(F)c1)c1nnc(C)n1-2,CHEMBL5407028,PPB,90.0,%,CHEMBL5374910,Plasma Protein binding in human albumin assessed as fraction bound by rapid equlibrium dialysis method
Cc1sc2c(c1C)C(c1ccc(Cl)cc1)=N[C@@H](CC(=O)NCC1CCN(c3ccc(C(=O)NC4CCC(=O)NC4=O)c(F)c3)CC1)c1nnc(C)n1-2,CHEMBL5423843,PPB,93.0,%,CHEMBL5374910,Plasma Protein binding in human albumin assessed as fraction bound by rapid equlibrium dialysis method
Cc1sc2c(c1C)C(c1ccc(Cl)cc1)=N[C@@H](CC(=O)N1CCC3(CC1)CCN(c1ccc(C(=O)NC4CCC(=O)NC4=O)c(F)c1)CC3)c1nnc(C)n1-2,CHEMBL5407064,PPB,95.0,%,CHEMBL5374910,Plasma Protein binding in human albumin assessed as fraction bound by rapid equlibrium dialysis method
Cc1sc2c(c1C)C(c1ccc(Cl)cc1)=N[C@@H](CC(=O)NCC1CCN(c3ccc(CNc4ccc(C(=O)NC5CCC(=O)NC5=O)c(F)c4)cc3)CC1)c1nnc(C)n1-2,CHEMBL5396657,PPB,95.0,%,CHEMBL5374910,Plasma Protein binding in human albumin assessed as fraction bound by rapid equlibrium dialysis method
COc1cc(N2CCC(CNC(=O)C[C@@H]3N=C(c4ccc(Cl)cc4)c4c(sc(C)c4C)-n4c(C)nnc43)CC2)ccc1C(=O)NC1CCC(=O)NC1=O,CHEMBL5411620,PPB,92.0,%,CHEMBL5374910,Plasma Protein binding in human albumin assessed as fraction bound by rapid equlibrium dialysis method
Cc1sc2c(c1C)C(c1ccc(Cl)cc1)=N[C@@H](CC(=O)NCC1CCN(c3ccc(C(=O)NC4CCC(=O)NC4=O)cc3)CC1)c1nnc(C)n1-2,CHEMBL5407085,PPB,91.0,%,CHEMBL5374910,Plasma Protein binding in human albumin assessed as fraction bound by rapid equlibrium dialysis method
O=C(CCCCCCNC(=O)c1ccc(NC(=O)CCCCCCCNC(=O)CNc2ccc(C(=O)NC3CCC(=O)NC3=O)c(F)c2)cc1)NO,CHEMBL5436524,PPB,90.0,%,CHEMBL5374910,Plasma Protein binding in human albumin assessed as fraction bound by rapid equlibrium dialysis method
COc1cc(NCC(=O)NCCCCCCCC(=O)Nc2ccc(C(=O)NCCCCCCC(=O)NO)cc2)ccc1C(=O)NC1CCC(=O)NC1=O,CHEMBL5424460,PPB,90.0,%,CHEMBL5374910,Plasma Protein binding in human albumin assessed as fraction bound by rapid equlibrium dialysis method
O=C(CCCCCCNC(=O)c1ccc(NC(=O)CCCCCCCNC(=O)COc2cccc3c2C(=O)N(C2CCC(=O)NC2=O)C3=O)cc1)NO,CHEMBL5206304,PPB,91.0,%,CHEMBL5374910,Plasma Protein binding in human albumin assessed as fraction bound by rapid equlibrium dialysis method
COc1cc(N2CCC(CNC(=O)C[C@@H]3N=C(c4ccc(Cl)cc4)c4c(sc(C)c4C)-n4c(C)nnc43)CC2)ccc1C(=O)NC1CCC(=O)NC1=O,CHEMBL5411620,Fu,8.0,%,CHEMBL5374924,Plasma protein binding in human albumin assessed as fraction unbound by rapid equlibrium dialysis method
O=C1NCCCc2c1c1ccccc1n2CCc1ccccc1,CHEMBL3971112,Kd,0.85,uM,CHEMBL5501467,Binding affinity to human serum albumin assessed as equilibrium dissociation constant by SPR analysis
O=C1NCCCc2c1c1ccccc1n2CCCCCCCN1CCN(c2ccccc2)CC1,CHEMBL5532599,Kd,1.64,uM,CHEMBL5501467,Binding affinity to human serum albumin assessed as equilibrium dissociation constant by SPR analysis
O=C1NCCCc2c1c1ccccc1n2CCCCCN1CCN(CCc2ccccc2)CC1,CHEMBL5558492,Kd,6.7,uM,CHEMBL5501467,Binding affinity to human serum albumin assessed as equilibrium dissociation constant by SPR analysis
O=C1NCCCc2c1c1ccccc1n2CCCCCCCN1CCN(CCc2ccccc2)CC1,CHEMBL5557312,Kd,3.53,uM,CHEMBL5501467,Binding affinity to human serum albumin assessed as equilibrium dissociation constant by SPR analysis
CC(=O)CC(c1ccccc1)c1c(O)c2ccccc2oc1=O,CHEMBL1464,Kd,5.5,uM,CHEMBL5501467,Binding affinity to human serum albumin assessed as equilibrium dissociation constant by SPR analysis
O=C1NCCCc2c1c1ccccc1n2CCc1ccccc1,CHEMBL3971112,K,0.017,/s,CHEMBL5501468,Binding affinity to human serum albumin assessed as dissociation rate constant (Koff) by SPR analysis
O=C1NCCCc2c1c1ccccc1n2CCCCCCCN1CCN(c2ccccc2)CC1,CHEMBL5532599,K,0.069,/s,CHEMBL5501468,Binding affinity to human serum albumin assessed as dissociation rate constant (Koff) by SPR analysis
O=C1NCCCc2c1c1ccccc1n2CCCCCN1CCN(CCc2ccccc2)CC1,CHEMBL5558492,K,0.092,/s,CHEMBL5501468,Binding affinity to human serum albumin assessed as dissociation rate constant (Koff) by SPR analysis
O=C1NCCCc2c1c1ccccc1n2CCCCCCCN1CCN(CCc2ccccc2)CC1,CHEMBL5557312,K,0.151,/s,CHEMBL5501468,Binding affinity to human serum albumin assessed as dissociation rate constant (Koff) by SPR analysis
O=C1NCCCc2c1c1ccccc1n2CCc1ccccc1,CHEMBL3971112,Time,60.0,s,CHEMBL5501469,Binding affinity to human serum albumin assessed as residence time by SPR analysis
O=C1NCCCc2c1c1ccccc1n2CCCCCCCN1CCN(c2ccccc2)CC1,CHEMBL5532599,Time,15.0,s,CHEMBL5501469,Binding affinity to human serum albumin assessed as residence time by SPR analysis
O=C1NCCCc2c1c1ccccc1n2CCCCCN1CCN(CCc2ccccc2)CC1,CHEMBL5558492,Time,11.0,s,CHEMBL5501469,Binding affinity to human serum albumin assessed as residence time by SPR analysis
O=C1NCCCc2c1c1ccccc1n2CCCCCCCN1CCN(CCc2ccccc2)CC1,CHEMBL5557312,Time,6.0,s,CHEMBL5501469,Binding affinity to human serum albumin assessed as residence time by SPR analysis
O=C1c2cccc3c(N/N=C/c4ccc([N+](=O)[O-])o4)ccc(c23)C(=O)N1CCO,CHEMBL5560753,KSV,8.82,10^4L/mol,CHEMBL5512115,Binding affinity to human serum albumin assessed as Stem-Volmer quenching constant at 310K at pH 7.4 by fluorescence based analysis
O=C1c2cccc3c(N/N=C/c4ccc([N+](=O)[O-])o4)ccc(c23)C(=O)N1CCO,CHEMBL5560753,KSV,9.34,10^4L/mol,CHEMBL5512116,Binding affinity to human serum albumin assessed as Stem-Volmer quenching constant at 298K at pH 7.4 by fluorescence based analysis
O=C1c2cccc3c(N/N=C/c4ccc([N+](=O)[O-])o4)ccc(c23)C(=O)N1CCO,CHEMBL5560753,KSV,12.6,10^4L/mol,CHEMBL5512117,Binding affinity to human serum albumin assessed as Stem-Volmer quenching constant at 286K at pH 7.4 by fluorescence based analysis
O=C1c2cccc3c(N/N=C/c4ccc([N+](=O)[O-])o4)ccc(c23)C(=O)N1CCO,CHEMBL5560753,Kq,8.82,10^4L/mol,CHEMBL5512118,Binding affinity to human serum albumin assessed as quenching constant at 310K at pH 7.4 by fluorescence based analysis
O=C1c2cccc3c(N/N=C/c4ccc([N+](=O)[O-])o4)ccc(c23)C(=O)N1CCO,CHEMBL5560753,Kq,9.34,10^4L/mol,CHEMBL5512119,Binding affinity to human serum albumin assessed as quenching constant at 298K at pH 7.4 by fluorescence based analysis
O=C1c2cccc3c(N/N=C/c4ccc([N+](=O)[O-])o4)ccc(c23)C(=O)N1CCO,CHEMBL5560753,Kq,12.6,10^4L/mol,CHEMBL5512120,Binding affinity to human serum albumin assessed as quenching constant at 286K at pH 7.4 by fluorescence based analysis
O=C1c2cccc3c(N/N=C/c4ccc([N+](=O)[O-])o4)ccc(c23)C(=O)N1CCO,CHEMBL5560753,Qmax,2.0,10^10L/mol/s,CHEMBL5512121,Binding affinity to human serum albumin assessed as Maximum quenching by fluorescence based analysis
Cc1cc(=O)oc2cc(NCc3ccccc3O)ccc12,CHEMBL3394540,Kd,0.03,uM,CHEMBL5513694,Reversible binding affinity to human serum albumin
Cc1cc(=O)oc2cc(NCc3cc(Cl)cc(Cl)c3O)ccc12,CHEMBL5567878,Kd,0.03,uM,CHEMBL5513694,Reversible binding affinity to human serum albumin
Cc1cc(=O)oc2cc(NCc3cc(Br)cc(Br)c3O)ccc12,CHEMBL5559833,Kd,0.03,uM,CHEMBL5513694,Reversible binding affinity to human serum albumin
Cc1cc(=O)oc2cc(NCc3cc(I)cc(I)c3O)ccc12,CHEMBL5550030,Kd,0.03,uM,CHEMBL5513694,Reversible binding affinity to human serum albumin
Cc1cc(=O)oc2cc(NCc3cc([N+](=O)[O-])ccc3O)ccc12,CHEMBL5563477,Kd,0.03,uM,CHEMBL5513694,Reversible binding affinity to human serum albumin
CCOC(=O)C(=O)Nc1ccc(/C(=C(/C)c2ccc(OC)cc2)c2ccccc2)cc1,CHEMBL5567780,Ka,3.5,10^4/M,CHEMBL5520006,Binding affinity to human serum albumin assessed as binding constant by spectrophotometer
CCOC(=O)C(=O)Nc1ccc(/C(=C(/C)c2ccc(Cl)cc2)c2ccccc2)cc1,CHEMBL5560949,Ka,2.9,10^4/M,CHEMBL5520006,Binding affinity to human serum albumin assessed as binding constant by spectrophotometer
CCOC(=O)C(=O)c1cn(CCCCCNc2ccc(C(=C(C)c3ccccc3)c3ccccc3)cc2)c2ccccc12,CHEMBL5555812,Ka,2.8,10^4/M,CHEMBL5520006,Binding affinity to human serum albumin assessed as binding constant by spectrophotometer
c1ccc(-c2ccc(-c3cn4cccnc4n3)cc2)cc1,CHEMBL5570962,INH,96.36,%,CHEMBL5535784,Inhibition of Albumin (unknown origin) denaturation at 100 uM relative to control
Clc1ccc(-c2cn3cccnc3n2)cc1,CHEMBL1459582,INH,41.67,%,CHEMBL5535784,Inhibition of Albumin (unknown origin) denaturation at 100 uM relative to control
Cc1ccc(-c2cn3cccnc3n2)cc1,CHEMBL1499883,INH,82.94,%,CHEMBL5535784,Inhibition of Albumin (unknown origin) denaturation at 100 uM relative to control
COc1ccc(-c2cn3cccnc3n2)cc1,CHEMBL1495645,INH,40.91,%,CHEMBL5535784,Inhibition of Albumin (unknown origin) denaturation at 100 uM relative to control
CCOC(=O)c1ccc(-c2cn3cccnc3n2)cc1,CHEMBL5575357,INH,54.17,%,CHEMBL5535784,Inhibition of Albumin (unknown origin) denaturation at 100 uM relative to control
O=C([O-])c1ccccc1Nc1c(Cl)cccc1Cl.[Na+],CHEMBL5593147,INH,84.73,%,CHEMBL5535784,Inhibition of Albumin (unknown origin) denaturation at 100 uM relative to control
C=C(CCC(NC(=O)CCCCCCCCCCCCCCCCC(=O)O)C(=O)O)NCCOCCOCC(=O)NCCOCCOCC(=O)NCC(=O)O[C@]1(CC)COCc2c1cc1n(c2=O)Cc2c-1nc1ccc(O)cc1c2CC,CHEMBL5579681,Flu intensity,34626.39,a.u.,CHEMBL5551685,Binding affinity to HSA assessed as fluorescence intensity at 5 uM incubated for 30 mins by spectrophotometry
CCc1c2c(nc3ccc(O)cc13)-c1cc3c(c(=O)n1C2)COC[C@@]3(CC)OC(=O)CNC(=O)CCCCCCCCCCCCCCCCC(=O)O,CHEMBL5569100,Flu intensity,138862.69,a.u.,CHEMBL5551685,Binding affinity to HSA assessed as fluorescence intensity at 5 uM incubated for 30 mins by spectrophotometry
Cn1c(=O)c2c(ncn2C)n(C)c1=O,CHEMBL113,PPB,37.5,%,CHEMBL5577880,Plasma protein binding in human albumin at 1 to 20 ug/ml incubated for 30 mins
CO/N=C(\C(=O)N[C@@H]1C(=O)N2C(C(=O)O)=C(CSc3nc(=O)c(O)nn3C)CS[C@H]12)c1csc(N)n1,CHEMBL161,K,8.5,10^4/M,CHEMBL5578135,Binding affinity to human serum albumin incubated for 18 hrs by equilibrium dialysis method
CO/N=C(\C(=O)N[C@@H]1C(=O)N2C(C(=O)O)=C(CSc3nc(=O)c(O)nn3C)CS[C@H]12)c1csc(N)n1,CHEMBL161,K,5.01,10^4/M,CHEMBL5578136,Binding affinity to human serum albumin incubated for 18 hrs in presence of 40 uM bicalutamide by equilibrium dialysis method
CO/N=C(\C(=O)N[C@@H]1C(=O)N2C(C(=O)O)=C(CSc3nc(=O)c(O)nn3C)CS[C@H]12)c1csc(N)n1,CHEMBL161,K,1.3,10^4/M,CHEMBL5578137,Binding affinity to human serum albumin incubated for 18 hrs in presence of 80 uM bicalutamide by equilibrium dialysis method
CC(O)(CS(=O)(=O)c1ccc(F)cc1)C(=O)Nc1ccc(C#N)c(C(F)(F)F)c1,CHEMBL409,Kd,1.8,10^-5M,CHEMBL5578139,Binding affinity to human serum albumin assessed as dissociation constant
O=C1c2cccc3cccc(c23)C(=O)N1Nc1nc(NCc2ccccc2)nc(N2CCOCC2)n1,CHEMBL5631173,Kb,1.32,10^5/M,CHEMBL5622630,Binding affinity to human serum albumin assessed as binding constant by Benesi-Hildebrand equation based analysis
O=C1c2cccc3cccc(c23)C(=O)N1Nc1nc(NCc2ccccc2)nc(N2CCOCC2)n1,CHEMBL5631173,KSV,1.63,10^5/M,CHEMBL5622634,Binding affinity to human serum albumin assessed as Stem-Volmer quenching constant at 298K by fluorescence based analysis
O=C1c2cccc3cccc(c23)C(=O)N1Nc1nc(NCc2ccccc2)nc(N2CCOCC2)n1,CHEMBL5631173,Kq,1.63,10^13/M,CHEMBL5622635,Binding affinity to human serum albumin assessed as quenching constant at 298K by fluorescence based analysis
O=C1c2cccc3cccc(c23)C(=O)N1Nc1nc(NCc2ccccc2)nc(N2CCOCC2)n1,CHEMBL5631173,KSV,1.18,10^5/M,CHEMBL5622636,Binding affinity to human serum albumin assessed as Stem-Volmer quenching constant at 308K by fluorescence based analysis
O=C1c2cccc3cccc(c23)C(=O)N1Nc1nc(NCc2ccccc2)nc(N2CCOCC2)n1,CHEMBL5631173,KSV,1.13,10^5/M,CHEMBL5622637,Binding affinity to human serum albumin assessed as Stem-Volmer quenching constant at 318K by fluorescence based analysis
O=C1c2cccc3cccc(c23)C(=O)N1Nc1nc(NCc2ccccc2)nc(N2CCOCC2)n1,CHEMBL5631173,Kb,11.01,10^4/M,CHEMBL5622638,Binding affinity to human serum albumin assessed as binding constant at 298K by fluorescence based analysis
O=C1c2cccc3cccc(c23)C(=O)N1Nc1nc(NCc2ccccc2)nc(N2CCOCC2)n1,CHEMBL5631173,Kb,6.61,10^4/M,CHEMBL5622639,Binding affinity to human serum albumin assessed as binding constant at 308K by fluorescence based analysis
O=C1c2cccc3cccc(c23)C(=O)N1Nc1nc(NCc2ccccc2)nc(N2CCOCC2)n1,CHEMBL5631173,Kb,4.41,10^4/M,CHEMBL5622640,Binding affinity to human serum albumin assessed as binding constant at 318K by fluorescence based analysis
O=C1c2cccc3cccc(c23)C(=O)N1Nc1nc(NCc2ccccc2)nc(N2CCOCC2)n1,CHEMBL5631173,deltaH,-8.61,kJ/mol,CHEMBL5622641,Binding affinity to human serum albumin assessed as change in enthalpy by Van't Hoff plot analysis
O=C1c2cccc3cccc(c23)C(=O)N1Nc1nc(NCc2ccccc2)nc(N2CCOCC2)n1,CHEMBL5631173,deltaG,-6.85,kJ/mol,CHEMBL5622642,Binding affinity to human serum albumin assessed as change in free energy at 298K by Van't Hoff plot analysis
O=C1c2cccc3cccc(c23)C(=O)N1Nc1nc(NCc2ccccc2)nc(N2CCOCC2)n1,CHEMBL5631173,deltaG,-6.79,kJ/mol,CHEMBL5622643,Binding affinity to human serum albumin assessed as change in free energy at 308K by Van't Hoff plot analysis
O=C1c2cccc3cccc(c23)C(=O)N1Nc1nc(NCc2ccccc2)nc(N2CCOCC2)n1,CHEMBL5631173,deltaG,-6.73,kJ/mol,CHEMBL5622644,Binding affinity to human serum albumin assessed as change in free energy at 318K by Van't Hoff plot analysis
O=C1c2cccc3cccc(c23)C(=O)N1Nc1nc(NCc2ccccc2)nc(N2CCOCC2)n1,CHEMBL5631173,deltaS,-5.88,J/mol.K,CHEMBL5622645,Binding affinity to human serum albumin assessed as change in entropy by Van't Hoff plot analysis
CCOC(=O)c1csc(Nc2ccc(Cl)cc2)n1,CHEMBL3593861,PB,90.0,%,CHEMBL5625345,Protein binding in serum albumin (unknown origin)
O=C(/C=C(\O)C(F)(F)C(F)(F)F)c1cccnc1,CHEMBL4742940,Activity,91.24,%,CHEMBL6073206,Binding affinity to albumin (unknown origin) relative to control
CCCNc1ccc(C(=O)/C=C(\O)C(F)(F)C(F)(F)F)cn1,CHEMBL6078606,Activity,98.46,%,CHEMBL6073206,Binding affinity to albumin (unknown origin) relative to control
CC(=O)Nc1ccc(C(=O)/C=C(\O)C(F)(F)C(F)(F)F)cn1,CHEMBL6120669,Activity,93.69,%,CHEMBL6073206,Binding affinity to albumin (unknown origin) relative to control
CCn1cc(C2CC2)c2c(Cc3ccc(C(F)(F)F)nc3)n(C)nc2c1=O,CHEMBL6102247,PB,50.0,%,CHEMBL6089914,Protein binding to albumin (unknown origin) in ALBUMAX medium
CCn1cc(Cl)c2c(Cc3ccc(C(F)(F)F)nc3)n(C)nc2c1=O,CHEMBL6164257,PB,44.2,%,CHEMBL6089914,Protein binding to albumin (unknown origin) in ALBUMAX medium
CCn1cc(C)c2c([C@H](O)c3ccc(C(F)(F)F)nc3)n(C)nc2c1=O,CHEMBL6161094,PB,50.1,%,CHEMBL6089914,Protein binding to albumin (unknown origin) in ALBUMAX medium
CCn1ccc2c([C@@](O)(CC)c3ccc(C(F)(F)F)nc3)n(C)nc2c1=O,CHEMBL6146211,PB,21.3,%,CHEMBL6089914,Protein binding to albumin (unknown origin) in ALBUMAX medium
CCn1ccc2c([C@](O)(c3cnc(C(F)(F)F)c(Cl)c3)C3CC3)n(C)nc2c1=O,CHEMBL6103113,PB,17.9,%,CHEMBL6089914,Protein binding to albumin (unknown origin) in ALBUMAX medium
CC[C@@](O)(c1cnc(C(F)(F)F)c(Cl)c1)c1c2ccn(C3CC3)c(=O)c2nn1C,CHEMBL6141660,PB,33.0,%,CHEMBL6089914,Protein binding to albumin (unknown origin) in ALBUMAX medium
Cn1nc2c(=O)n(C3CC3)ccc2c1[C@](O)(c1cnc(C(F)(F)F)c(Cl)c1)C1CC1,CHEMBL6143172,PB,48.9,%,CHEMBL6089914,Protein binding to albumin (unknown origin) in ALBUMAX medium
CC[C@@](N)(c1cnc(C(F)(F)F)c(Cl)c1)c1c2ccn(C3CC3)c(=O)c2nn1C,CHEMBL6147192,PB,71.1,%,CHEMBL6089914,Protein binding to albumin (unknown origin) in ALBUMAX medium
CC[C@@](O)(c1cnc(C(F)(F)F)c(Cl)c1)c1c2cnn(C3CC3)c(=O)c2nn1C,CHEMBL6159627,PB,37.0,%,CHEMBL6089914,Protein binding to albumin (unknown origin) in ALBUMAX medium
Cn1nc2c(=O)n(C3CC3)ncc2c1[C@](N)(c1ccc(C(F)(F)F)c(Cl)c1)C1CC1,CHEMBL6103227,PB,29.1,%,CHEMBL6089914,Protein binding to albumin (unknown origin) in ALBUMAX medium
CC[C@@](N)(c1cnc(C(F)(F)F)c(Cl)c1)c1c2ncn(C3CC3)c(=O)c2nn1C,CHEMBL6102734,PB,76.1,%,CHEMBL6089914,Protein binding to albumin (unknown origin) in ALBUMAX medium
Cn1nc2c(=O)n(C3CC3)ccc2c1[C@](O)(c1cnc(C(F)(F)F)c(Cl)c1)C(F)(F)F,CHEMBL6133783,PB,29.7,%,CHEMBL6089914,Protein binding to albumin (unknown origin) in ALBUMAX medium
Cn1nc2c(=O)n(C3CC3)ncc2c1[C@](O)(c1cnc(C(F)(F)F)c(Cl)c1)C(F)(F)F,CHEMBL6159586,PB,66.2,%,CHEMBL6089914,Protein binding to albumin (unknown origin) in ALBUMAX medium
Cn1nc2c(=O)n(C3CC3)cnc2c1[C@](O)(c1cnc(C(F)(F)F)c(Cl)c1)C(F)(F)F,CHEMBL6142891,PB,68.1,%,CHEMBL6089914,Protein binding to albumin (unknown origin) in ALBUMAX medium
Cc1nn(C2CC2)c(=O)c2nn(C)c(Cc3ccc(C(F)(F)F)c(C#N)c3)c12,CHEMBL6102722,PB,48.6,%,CHEMBL6089914,Protein binding to albumin (unknown origin) in ALBUMAX medium
N#C[C@@H]1CC(F)(F)CN1C(=O)CNC(=O)c1ccnc2ccc(OCCCN3CCN(C(=O)CCCc4ccc([211At])cc4)CC3)cc12,CHEMBL6170993,Activity,7.63,%,CHEMBL6092933,Binding affinity to human serum albumin assessed as binding rate incubated for 30 min relative to control
N#C[C@@H]1CC(F)(F)CN1C(=O)CNC(=O)c1ccnc2ccc(OCCCN3CCN(C(=O)CCCc4ccc([211At])cc4)CC3)cc12,CHEMBL6170993,Activity,3.54,%,CHEMBL6092935,Binding affinity to human serum albumin assessed as decrease in HAS binding incubated for 30 mins under warfarin blocking relative to control
N#C[C@@H]1CC(F)(F)CN1C(=O)CNC(=O)c1ccnc2ccc(OCCCN3CCN(C(=O)CCCc4ccc([211At])cc4)CC3)cc12,CHEMBL6170993,Activity,4.01,%,CHEMBL6092936,Binding affinity to human serum albumin assessed as decrease in HAS binding incubated for 30 mins under ibuprofen relative to control
C[C@H](CN1CCC(Cc2ccccc2)CC1)[C@H](O)c1ccc2[nH]ncc2c1,CHEMBL6132846,Activity,89.0,%,CHEMBL6094240,Binding affinity to human serum albumin measured after 60 mins by high performance affinity chromatography based LC-MS analysis
C[C@@H](CN1CCC(Cc2ccccc2)CC1)[C@@H](O)c1ccc2[nH]ncc2c1,CHEMBL6147701,Activity,89.0,%,CHEMBL6094240,Binding affinity to human serum albumin measured after 60 mins by high performance affinity chromatography based LC-MS analysis
C[C@@H](CN1CCC(Cc2ccccc2)CC1)[C@H](O)c1ccc2[nH]ncc2c1,CHEMBL6159784,Activity,93.0,%,CHEMBL6094240,Binding affinity to human serum albumin measured after 60 mins by high performance affinity chromatography based LC-MS analysis
C[C@H](CN1CCC(Cc2ccccc2)CC1)[C@@H](O)c1ccc2[nH]ncc2c1,CHEMBL6161598,Activity,93.0,%,CHEMBL6094240,Binding affinity to human serum albumin measured after 60 mins by high performance affinity chromatography based LC-MS analysis
C[C@@H](CN1CCC(Cc2ccccc2)CC1)[C@@H](O)c1ccc(O)cc1,CHEMBL305195,Activity,82.0,%,CHEMBL6094240,Binding affinity to human serum albumin measured after 60 mins by high performance affinity chromatography based LC-MS analysis
C[C@@H]([C@H](O)c1ccc2[nH]ncc2c1)N1CCC(Cc2ccccc2)CC1,CHEMBL6149999,Activity,92.0,%,CHEMBL6094240,Binding affinity to human serum albumin measured after 60 mins by high performance affinity chromatography based LC-MS analysis
C[C@H]([C@@H](O)c1ccc2[nH]ncc2c1)N1CCC(Cc2ccccc2)CC1,CHEMBL6142301,Activity,92.0,%,CHEMBL6094240,Binding affinity to human serum albumin measured after 60 mins by high performance affinity chromatography based LC-MS analysis
C[C@H]([C@H](O)c1ccc2[nH]ncc2c1)N1CCC(Cc2ccccc2)CC1,CHEMBL6148747,Activity,90.0,%,CHEMBL6094240,Binding affinity to human serum albumin measured after 60 mins by high performance affinity chromatography based LC-MS analysis
C[C@@H]([C@@H](O)c1ccc2[nH]ncc2c1)N1CCC(Cc2ccccc2)CC1,CHEMBL6147489,Activity,91.0,%,CHEMBL6094240,Binding affinity to human serum albumin measured after 60 mins by high performance affinity chromatography based LC-MS analysis
CC(C(O)c1ccc(O)cc1)N1CCC(Cc2ccccc2)CC1,CHEMBL305187,Activity,84.0,%,CHEMBL6094240,Binding affinity to human serum albumin measured after 60 mins by high performance affinity chromatography based LC-MS analysis
O=C(O)CNC(=O)c1ccccc1,CHEMBL461,Kb,1000.0,/M,CHEMBL6099282,Binding affinity to human serum albumin assessed as binding constant by ITC analysis
CCc1oc2ccccc2c1C(=O)c1cc(Br)c(O)c(Br)c1,CHEMBL388590,Kd(app),2.2,uM,CHEMBL6099639,Binding affinity to human serum albumin assessed as apparent dissociation constant by tryptophan fluorescence quenching assay
N#Cc1cc(Br)c(O)c(Br)c1,CHEMBL453905,Kd(app),1.2,uM,CHEMBL6099639,Binding affinity to human serum albumin assessed as apparent dissociation constant by tryptophan fluorescence quenching assay
Nc1c([N+](=O)[O-])ccc(Oc2ccccc2)c1Cl,CHEMBL1485557,Kd(app),7.7,uM,CHEMBL6099639,Binding affinity to human serum albumin assessed as apparent dissociation constant by tryptophan fluorescence quenching assay
N#Cc1cc(I)c(O)c(I)c1,CHEMBL509523,Kd(app),0.93,uM,CHEMBL6099639,Binding affinity to human serum albumin assessed as apparent dissociation constant by tryptophan fluorescence quenching assay
N=C(N)NCCC[C@H](N)C(=O)N[C@@H](Cc1c[nH]c2ccccc12)C(=O)N[C@@H](Cc1c[nH]c2ccccc12)C(=O)O,CHEMBL6171834,INH,16.45,%,CHEMBL6109290,Inhibition of D-fructose glycation in human serum albumin model incubated for 14 days by UV spectroscopic analysis relative to control
NCCC(=O)N[C@@H](Cc1c[nH]cn1)C(=O)O,CHEMBL242948,INH,1.59,%,CHEMBL6109290,Inhibition of D-fructose glycation in human serum albumin model incubated for 14 days by UV spectroscopic analysis relative to control
N=C(N)NCCC[C@H](N)C(=O)N[C@@H](Cc1c[nH]c2ccccc12)C(=O)N[C@@H](Cc1c[nH]c2ccccc12)C(=O)O,CHEMBL6171834,INH,74.68,%,CHEMBL6109291,Inhibition of D-glucose glycation in human serum albumin model incubated for 14 days by UV spectroscopic analysis relative to control
NCCC(=O)N[C@@H](Cc1c[nH]cn1)C(=O)O,CHEMBL242948,INH,41.84,%,CHEMBL6109291,Inhibition of D-glucose glycation in human serum albumin model incubated for 14 days by UV spectroscopic analysis relative to control
N=C(N)NCCC[C@H](N)C(=O)N[C@@H](Cc1c[nH]c2ccccc12)C(=O)N[C@@H](Cc1c[nH]c2ccccc12)C(=O)O,CHEMBL6171834,INH,52.78,%,CHEMBL6109292,Inhibition of D-fructose glycation in human serum albumin model assessed as reduction in fluorescence intensity incubated for 3 days by UV spectroscopic analysis relative to control
NCCC(=O)N[C@@H](Cc1c[nH]cn1)C(=O)O,CHEMBL242948,INH,27.77,%,CHEMBL6109292,Inhibition of D-fructose glycation in human serum albumin model assessed as reduction in fluorescence intensity incubated for 3 days by UV spectroscopic analysis relative to control
N=C(N)NCCC[C@H](N)C(=O)N[C@@H](Cc1c[nH]c2ccccc12)C(=O)N[C@@H](Cc1c[nH]c2ccccc12)C(=O)O,CHEMBL6171834,INH,78.0,%,CHEMBL6109293,Inhibition of D-glucose glycation in human serum albumin model assessed as reduction in fluorescence intensity incubated for 3 days by UV spectroscopic analysis relative to control
NCCC(=O)N[C@@H](Cc1c[nH]cn1)C(=O)O,CHEMBL242948,INH,52.1,%,CHEMBL6109293,Inhibition of D-glucose glycation in human serum albumin model assessed as reduction in fluorescence intensity incubated for 3 days by UV spectroscopic analysis relative to control
N=C(N)NCCC[C@H](N)C(=O)N[C@@H](Cc1c[nH]c2ccccc12)C(=O)N[C@@H](Cc1c[nH]c2ccccc12)C(=O)O,CHEMBL6171834,OD,0.287,,CHEMBL6109296,Inhibition of D-fructose glycation in human serum albumin model by measuring absorbance at 279 nm incubated for 3 days by UV spectroscopic analysis (Rvb = 0.492 No_unit)
NCCC(=O)N[C@@H](Cc1c[nH]cn1)C(=O)O,CHEMBL242948,OD,0.487,,CHEMBL6109296,Inhibition of D-fructose glycation in human serum albumin model by measuring absorbance at 279 nm incubated for 3 days by UV spectroscopic analysis (Rvb = 0.492 No_unit)
N=C(N)NCCC[C@H](N)C(=O)N[C@@H](Cc1c[nH]c2ccccc12)C(=O)N[C@@H](Cc1c[nH]c2ccccc12)C(=O)O,CHEMBL6171834,OD,0.482,,CHEMBL6109297,Inhibition of D-fructose glycation in human serum albumin model by measuring absorbance at 279 nm incubated for 5 days by UV spectroscopic analysis (Rvb = 1.056 No_unit)
NCCC(=O)N[C@@H](Cc1c[nH]cn1)C(=O)O,CHEMBL242948,OD,1.024,,CHEMBL6109297,Inhibition of D-fructose glycation in human serum albumin model by measuring absorbance at 279 nm incubated for 5 days by UV spectroscopic analysis (Rvb = 1.056 No_unit)
N=C(N)NCCC[C@H](N)C(=O)N[C@@H](Cc1c[nH]c2ccccc12)C(=O)N[C@@H](Cc1c[nH]c2ccccc12)C(=O)O,CHEMBL6171834,OD,0.665,,CHEMBL6109298,Inhibition of D-fructose glycation in human serum albumin model by measuring absorbance at 279 nm incubated for 7 days by UV spectroscopic analysis (Rvb = 1.072 No_unit)
NCCC(=O)N[C@@H](Cc1c[nH]cn1)C(=O)O,CHEMBL242948,OD,0.756,,CHEMBL6109298,Inhibition of D-fructose glycation in human serum albumin model by measuring absorbance at 279 nm incubated for 7 days by UV spectroscopic analysis (Rvb = 1.072 No_unit)
N=C(N)NCCC[C@H](N)C(=O)N[C@@H](Cc1c[nH]c2ccccc12)C(=O)N[C@@H](Cc1c[nH]c2ccccc12)C(=O)O,CHEMBL6171834,OD,1.207,,CHEMBL6109299,Inhibition of D-fructose glycation in human serum albumin model by measuring absorbance at 279 nm incubated for 14 days by UV spectroscopic analysis (Rvb = 2.333 No_unit)
NCCC(=O)N[C@@H](Cc1c[nH]cn1)C(=O)O,CHEMBL242948,OD,1.872,,CHEMBL6109299,Inhibition of D-fructose glycation in human serum albumin model by measuring absorbance at 279 nm incubated for 14 days by UV spectroscopic analysis (Rvb = 2.333 No_unit)
N=C(N)NCCC[C@H](N)C(=O)N[C@@H](Cc1c[nH]c2ccccc12)C(=O)N[C@@H](Cc1c[nH]c2ccccc12)C(=O)O,CHEMBL6171834,OD,1.502,,CHEMBL6109300,Inhibition of D-fructose glycation in human serum albumin model by measuring absorbance at 279 nm incubated for 26 days by UV spectroscopic analysis (Rvb = 2.267 No_unit)
NCCC(=O)N[C@@H](Cc1c[nH]cn1)C(=O)O,CHEMBL242948,OD,2.127,,CHEMBL6109300,Inhibition of D-fructose glycation in human serum albumin model by measuring absorbance at 279 nm incubated for 26 days by UV spectroscopic analysis (Rvb = 2.267 No_unit)
N=C(N)NCCC[C@H](N)C(=O)N[C@@H](Cc1c[nH]c2ccccc12)C(=O)N[C@@H](Cc1c[nH]c2ccccc12)C(=O)O,CHEMBL6171834,OD,1.591,,CHEMBL6109301,Inhibition of D-fructose glycation in human serum albumin model by measuring absorbance at 279 nm incubated for 30 days by UV spectroscopic analysis (Rvb = 2.323 No_unit)
NCCC(=O)N[C@@H](Cc1c[nH]cn1)C(=O)O,CHEMBL242948,OD,1.866,,CHEMBL6109301,Inhibition of D-fructose glycation in human serum albumin model by measuring absorbance at 279 nm incubated for 30 days by UV spectroscopic analysis (Rvb = 2.323 No_unit)
N=C(N)NCCC[C@H](N)C(=O)N[C@@H](Cc1c[nH]c2ccccc12)C(=O)N[C@@H](Cc1c[nH]c2ccccc12)C(=O)O,CHEMBL6171834,OD,1.298,,CHEMBL6109302,Inhibition of D-fructose glycation in human serum albumin model by measuring absorbance at 279 nm incubated for 33 days by UV spectroscopic analysis (Rvb =2.222 No_unit)
NCCC(=O)N[C@@H](Cc1c[nH]cn1)C(=O)O,CHEMBL242948,OD,2.173,,CHEMBL6109302,Inhibition of D-fructose glycation in human serum albumin model by measuring absorbance at 279 nm incubated for 33 days by UV spectroscopic analysis (Rvb =2.222 No_unit)
N=C(N)NCCC[C@H](N)C(=O)N[C@@H](Cc1c[nH]c2ccccc12)C(=O)N[C@@H](Cc1c[nH]c2ccccc12)C(=O)O,CHEMBL6171834,OD,0.287,,CHEMBL6109303,Inhibition of D-glucose glycation in human serum albumin model by measuring absorbance at 279 nm incubated for 3 days by UV spectroscopic analysis (Rvb = 0.562 No_unit)
NCCC(=O)N[C@@H](Cc1c[nH]cn1)C(=O)O,CHEMBL242948,OD,0.562,,CHEMBL6109303,Inhibition of D-glucose glycation in human serum albumin model by measuring absorbance at 279 nm incubated for 3 days by UV spectroscopic analysis (Rvb = 0.562 No_unit)
N=C(N)NCCC[C@H](N)C(=O)N[C@@H](Cc1c[nH]c2ccccc12)C(=O)N[C@@H](Cc1c[nH]c2ccccc12)C(=O)O,CHEMBL6171834,OD,0.335,,CHEMBL6109304,Inhibition of D-glucose glycation in human serum albumin model by measuring absorbance at 279 nm incubated for 5 days by UV spectroscopic analysis (Rvb = 0.741 No_unit)
NCCC(=O)N[C@@H](Cc1c[nH]cn1)C(=O)O,CHEMBL242948,OD,0.684,,CHEMBL6109304,Inhibition of D-glucose glycation in human serum albumin model by measuring absorbance at 279 nm incubated for 5 days by UV spectroscopic analysis (Rvb = 0.741 No_unit)
N=C(N)NCCC[C@H](N)C(=O)N[C@@H](Cc1c[nH]c2ccccc12)C(=O)N[C@@H](Cc1c[nH]c2ccccc12)C(=O)O,CHEMBL6171834,OD,0.434,,CHEMBL6109305,Inhibition of D-glucose glycation in human serum albumin model by measuring absorbance at 279 nm incubated for 7 days by UV spectroscopic analysis (Rvb = 0.043 No_unit)
NCCC(=O)N[C@@H](Cc1c[nH]cn1)C(=O)O,CHEMBL242948,OD,0.609,,CHEMBL6109305,Inhibition of D-glucose glycation in human serum albumin model by measuring absorbance at 279 nm incubated for 7 days by UV spectroscopic analysis (Rvb = 0.043 No_unit)
N=C(N)NCCC[C@H](N)C(=O)N[C@@H](Cc1c[nH]c2ccccc12)C(=O)N[C@@H](Cc1c[nH]c2ccccc12)C(=O)O,CHEMBL6171834,OD,0.443,,CHEMBL6109306,Inhibition of D-glucose glycation in human serum albumin by measuring absorbance at 279 nm model incubated for 14 days by UV spectroscopic analysis (Rvb = 2.302 No_unit)
NCCC(=O)N[C@@H](Cc1c[nH]cn1)C(=O)O,CHEMBL242948,OD,1.662,,CHEMBL6109306,Inhibition of D-glucose glycation in human serum albumin by measuring absorbance at 279 nm model incubated for 14 days by UV spectroscopic analysis (Rvb = 2.302 No_unit)
N=C(N)NCCC[C@H](N)C(=O)N[C@@H](Cc1c[nH]c2ccccc12)C(=O)N[C@@H](Cc1c[nH]c2ccccc12)C(=O)O,CHEMBL6171834,OD,2.301,,CHEMBL6109307,Inhibition of D-glucose glycation in human serum albumin model by measuring absorbance at 279 nm incubated for 26 days by UV spectroscopic analysis (Rvb = 2.301 No_unit)
NCCC(=O)N[C@@H](Cc1c[nH]cn1)C(=O)O,CHEMBL242948,OD,2.274,,CHEMBL6109307,Inhibition of D-glucose glycation in human serum albumin model by measuring absorbance at 279 nm incubated for 26 days by UV spectroscopic analysis (Rvb = 2.301 No_unit)
N=C(N)NCCC[C@H](N)C(=O)N[C@@H](Cc1c[nH]c2ccccc12)C(=O)N[C@@H](Cc1c[nH]c2ccccc12)C(=O)O,CHEMBL6171834,OD,2.555,,CHEMBL6109308,Inhibition of D-glucose glycation in human serum albumin model by measuring absorbance at 279 nm incubated for 30 days by UV spectroscopic analysis (Rvb = 2.295 No_unit)
NCCC(=O)N[C@@H](Cc1c[nH]cn1)C(=O)O,CHEMBL242948,OD,1.654,,CHEMBL6109308,Inhibition of D-glucose glycation in human serum albumin model by measuring absorbance at 279 nm incubated for 30 days by UV spectroscopic analysis (Rvb = 2.295 No_unit)
N=C(N)NCCC[C@H](N)C(=O)N[C@@H](Cc1c[nH]c2ccccc12)C(=O)N[C@@H](Cc1c[nH]c2ccccc12)C(=O)O,CHEMBL6171834,OD,1.236,,CHEMBL6109309,Inhibition of D-glucose glycation in human serum albumin model by measuring absorbance at 279 nm incubated for 33 days by UV spectroscopic analysis (Rvb = 1.997 No_unit)
NCCC(=O)N[C@@H](Cc1c[nH]cn1)C(=O)O,CHEMBL242948,OD,1.853,,CHEMBL6109309,Inhibition of D-glucose glycation in human serum albumin model by measuring absorbance at 279 nm incubated for 33 days by UV spectroscopic analysis (Rvb = 1.997 No_unit)
N=C(N)NCCC[C@H](N)C(=O)N[C@@H](Cc1c[nH]c2ccccc12)C(=O)N[C@@H](Cc1c[nH]c2ccccc12)C(=O)O,CHEMBL6171834,Activity,135.37,nmol/ml,CHEMBL6109310,Inhibition of D-fructose glycation in human serum albumin model by measuring ketoamine moieties incubated for 3 days by Nitroblue tetrazolium (NBT) reduction assay (Rvb = 152.64 nmol/mL)
NCCC(=O)N[C@@H](Cc1c[nH]cn1)C(=O)O,CHEMBL242948,Activity,144.52,nmol/ml,CHEMBL6109310,Inhibition of D-fructose glycation in human serum albumin model by measuring ketoamine moieties incubated for 3 days by Nitroblue tetrazolium (NBT) reduction assay (Rvb = 152.64 nmol/mL)
N=C(N)NCCC[C@H](N)C(=O)N[C@@H](Cc1c[nH]c2ccccc12)C(=O)N[C@@H](Cc1c[nH]c2ccccc12)C(=O)O,CHEMBL6171834,Activity,90.74,nmol/ml,CHEMBL6109311,Inhibition of D-fructose glycation in human serum albumin model by measuring ketoamine moieties incubated for 5 days by Nitroblue tetrazolium (NBT) reduction assay (Rvb = 111.94 nmol/mL)
NCCC(=O)N[C@@H](Cc1c[nH]cn1)C(=O)O,CHEMBL242948,Activity,105.35,nmol/ml,CHEMBL6109311,Inhibition of D-fructose glycation in human serum albumin model by measuring ketoamine moieties incubated for 5 days by Nitroblue tetrazolium (NBT) reduction assay (Rvb = 111.94 nmol/mL)
N=C(N)NCCC[C@H](N)C(=O)N[C@@H](Cc1c[nH]c2ccccc12)C(=O)N[C@@H](Cc1c[nH]c2ccccc12)C(=O)O,CHEMBL6171834,Activity,113.45,nmol/ml,CHEMBL6109312,Inhibition of D-fructose glycation in human serum albumin model by measuring ketoamine moieties incubated for 7 days by Nitroblue tetrazolium (NBT) reduction assay (Rvb = 125.33 nmol/mL)
NCCC(=O)N[C@@H](Cc1c[nH]cn1)C(=O)O,CHEMBL242948,Activity,119.64,nmol/ml,CHEMBL6109312,Inhibition of D-fructose glycation in human serum albumin model by measuring ketoamine moieties incubated for 7 days by Nitroblue tetrazolium (NBT) reduction assay (Rvb = 125.33 nmol/mL)
N=C(N)NCCC[C@H](N)C(=O)N[C@@H](Cc1c[nH]c2ccccc12)C(=O)N[C@@H](Cc1c[nH]c2ccccc12)C(=O)O,CHEMBL6171834,Activity,91.22,nmol/ml,CHEMBL6109313,Inhibition of D-fructose glycation in human serum albumin model by measuring ketoamine moieties incubated for 14 days by Nitroblue tetrazolium (NBT) reduction assay (Rvb = 129.58 nmol/mL)
NCCC(=O)N[C@@H](Cc1c[nH]cn1)C(=O)O,CHEMBL242948,Activity,124.63,nmol/ml,CHEMBL6109313,Inhibition of D-fructose glycation in human serum albumin model by measuring ketoamine moieties incubated for 14 days by Nitroblue tetrazolium (NBT) reduction assay (Rvb = 129.58 nmol/mL)
N=C(N)NCCC[C@H](N)C(=O)N[C@@H](Cc1c[nH]c2ccccc12)C(=O)N[C@@H](Cc1c[nH]c2ccccc12)C(=O)O,CHEMBL6171834,Activity,142.17,nmol/ml,CHEMBL6109314,Inhibition of D-fructose glycation in human serum albumin model by measuring ketoamine moieties incubated for 26 days by Nitroblue tetrazolium (NBT) reduction assay (Rvb = 118.21 nmol/mL)
NCCC(=O)N[C@@H](Cc1c[nH]cn1)C(=O)O,CHEMBL242948,Activity,113.02,nmol/ml,CHEMBL6109314,Inhibition of D-fructose glycation in human serum albumin model by measuring ketoamine moieties incubated for 26 days by Nitroblue tetrazolium (NBT) reduction assay (Rvb = 118.21 nmol/mL)
N=C(N)NCCC[C@H](N)C(=O)N[C@@H](Cc1c[nH]c2ccccc12)C(=O)N[C@@H](Cc1c[nH]c2ccccc12)C(=O)O,CHEMBL6171834,Activity,108.46,nmol/ml,CHEMBL6109315,Inhibition of D-fructose glycation in human serum albumin model by measuring ketoamine moieties incubated for 30 days by Nitroblue tetrazolium (NBT) reduction assay (Rvb = 128.71 nmol/mL)
NCCC(=O)N[C@@H](Cc1c[nH]cn1)C(=O)O,CHEMBL242948,Activity,123.84,nmol/ml,CHEMBL6109315,Inhibition of D-fructose glycation in human serum albumin model by measuring ketoamine moieties incubated for 30 days by Nitroblue tetrazolium (NBT) reduction assay (Rvb = 128.71 nmol/mL)
N=C(N)NCCC[C@H](N)C(=O)N[C@@H](Cc1c[nH]c2ccccc12)C(=O)N[C@@H](Cc1c[nH]c2ccccc12)C(=O)O,CHEMBL6171834,Activity,109.89,nmol/ml,CHEMBL6109316,Inhibition of D-fructose glycation in human serum albumin model by measuring ketoamine moieties incubated for 33 days by Nitroblue tetrazolium (NBT) reduction assay (Rvb = 144.33 nmol/mL)
NCCC(=O)N[C@@H](Cc1c[nH]cn1)C(=O)O,CHEMBL242948,Activity,143.12,nmol/ml,CHEMBL6109316,Inhibition of D-fructose glycation in human serum albumin model by measuring ketoamine moieties incubated for 33 days by Nitroblue tetrazolium (NBT) reduction assay (Rvb = 144.33 nmol/mL)
N=C(N)NCCC[C@H](N)C(=O)N[C@@H](Cc1c[nH]c2ccccc12)C(=O)N[C@@H](Cc1c[nH]c2ccccc12)C(=O)O,CHEMBL6171834,Activity,19.383,nmol/ml,CHEMBL6109317,Inhibition of D-glucose glycation in human serum albumin model by measuring ketoamine moieties incubated for 3 days by Nitroblue tetrazolium (NBT) reduction assay (Rvb = 24.27 nmol/mL)
NCCC(=O)N[C@@H](Cc1c[nH]cn1)C(=O)O,CHEMBL242948,Activity,20.51,nmol/ml,CHEMBL6109317,Inhibition of D-glucose glycation in human serum albumin model by measuring ketoamine moieties incubated for 3 days by Nitroblue tetrazolium (NBT) reduction assay (Rvb = 24.27 nmol/mL)
N=C(N)NCCC[C@H](N)C(=O)N[C@@H](Cc1c[nH]c2ccccc12)C(=O)N[C@@H](Cc1c[nH]c2ccccc12)C(=O)O,CHEMBL6171834,Activity,12.342,nmol/ml,CHEMBL6109318,Inhibition of D-glucose glycation in human serum albumin model by measuring ketoamine moieties incubated for 5 days by Nitroblue tetrazolium (NBT) reduction assay (Rvb = 18.58 nmol/mL)
NCCC(=O)N[C@@H](Cc1c[nH]cn1)C(=O)O,CHEMBL242948,Activity,17.43,nmol/ml,CHEMBL6109318,Inhibition of D-glucose glycation in human serum albumin model by measuring ketoamine moieties incubated for 5 days by Nitroblue tetrazolium (NBT) reduction assay (Rvb = 18.58 nmol/mL)
N=C(N)NCCC[C@H](N)C(=O)N[C@@H](Cc1c[nH]c2ccccc12)C(=O)N[C@@H](Cc1c[nH]c2ccccc12)C(=O)O,CHEMBL6171834,Activity,12.579,nmol/ml,CHEMBL6109319,Inhibition of D-glucose glycation in human serum albumin model by measuring ketoamine moieties incubated for 7 days by Nitroblue tetrazolium (NBT) reduction assay (Rvb = 35.92 nmol/mL)
NCCC(=O)N[C@@H](Cc1c[nH]cn1)C(=O)O,CHEMBL242948,Activity,19.93,nmol/ml,CHEMBL6109319,Inhibition of D-glucose glycation in human serum albumin model by measuring ketoamine moieties incubated for 7 days by Nitroblue tetrazolium (NBT) reduction assay (Rvb = 35.92 nmol/mL)
N=C(N)NCCC[C@H](N)C(=O)N[C@@H](Cc1c[nH]c2ccccc12)C(=O)N[C@@H](Cc1c[nH]c2ccccc12)C(=O)O,CHEMBL6171834,Activity,9.573,nmol/ml,CHEMBL6109320,Inhibition of D-glucose glycation in human serum albumin model by measuring ketoamine moieties incubated for 14 days by Nitroblue tetrazolium (NBT) reduction assay (Rvb = 28.69 nmol/mL)
NCCC(=O)N[C@@H](Cc1c[nH]cn1)C(=O)O,CHEMBL242948,Activity,25.34,nmol/ml,CHEMBL6109320,Inhibition of D-glucose glycation in human serum albumin model by measuring ketoamine moieties incubated for 14 days by Nitroblue tetrazolium (NBT) reduction assay (Rvb = 28.69 nmol/mL)
N=C(N)NCCC[C@H](N)C(=O)N[C@@H](Cc1c[nH]c2ccccc12)C(=O)N[C@@H](Cc1c[nH]c2ccccc12)C(=O)O,CHEMBL6171834,Activity,20.174,nmol/ml,CHEMBL6109321,Inhibition of D-glucose glycation in human serum albumin model by measuring ketoamine moieties incubated for 26 days by Nitroblue tetrazolium (NBT) reduction assay (Rvb = 28.79 nmol/mL)
NCCC(=O)N[C@@H](Cc1c[nH]cn1)C(=O)O,CHEMBL242948,Activity,27.61,nmol/ml,CHEMBL6109321,Inhibition of D-glucose glycation in human serum albumin model by measuring ketoamine moieties incubated for 26 days by Nitroblue tetrazolium (NBT) reduction assay (Rvb = 28.79 nmol/mL)
N=C(N)NCCC[C@H](N)C(=O)N[C@@H](Cc1c[nH]c2ccccc12)C(=O)N[C@@H](Cc1c[nH]c2ccccc12)C(=O)O,CHEMBL6171834,Activity,18.908,nmol/ml,CHEMBL6109322,Inhibition of D-glucose glycation in human serum albumin model by measuring ketoamine moieties incubated for 30 days by Nitroblue tetrazolium (NBT) reduction assay (Rvb = 27.85 nmol/mL)
NCCC(=O)N[C@@H](Cc1c[nH]cn1)C(=O)O,CHEMBL242948,Activity,24.69,nmol/ml,CHEMBL6109322,Inhibition of D-glucose glycation in human serum albumin model by measuring ketoamine moieties incubated for 30 days by Nitroblue tetrazolium (NBT) reduction assay (Rvb = 27.85 nmol/mL)
N=C(N)NCCC[C@H](N)C(=O)N[C@@H](Cc1c[nH]c2ccccc12)C(=O)N[C@@H](Cc1c[nH]c2ccccc12)C(=O)O,CHEMBL6171834,Activity,18.433,nmol/ml,CHEMBL6109323,Inhibition of D-glucose glycation in human serum albumin model by measuring ketoamine moieties incubated for 33 days by Nitroblue tetrazolium (NBT) reduction assay (Rvb = 66.64 nmol/mL)
NCCC(=O)N[C@@H](Cc1c[nH]cn1)C(=O)O,CHEMBL242948,Activity,36.79,nmol/ml,CHEMBL6109323,Inhibition of D-glucose glycation in human serum albumin model by measuring ketoamine moieties incubated for 33 days by Nitroblue tetrazolium (NBT) reduction assay (Rvb = 66.64 nmol/mL)
CCOc1ccc(Nc2ccc(/C(=C3/C=C/C(=[N+](/CC)Cc4cccc(S(=O)(=O)[O-])c4)C=C3C)c3ccc(N(CC)Cc4cccc(S(=O)(=O)O)c4)cc3C)cc2)cc1,CHEMBL4301898,Kd,0.32,uM,CHEMBL6112193,Binding affinity to human serum albumin immobilized on AR2G biosensor assessed as dissociation constant incubated for 3 mins by BLI assay
CC[C@H](C)[C@H](NC(=O)[C@H](Cc1ccccc1)NC(=O)[C@H](CCC(=O)O)NC(=O)[C@H](CCCCNC(=O)COCCOCCNC(=O)COCCOCCNC(=O)CC[C@H](NC(=O)CCCCCCCCCCCCCCCCC(=O)O)C(=O)O)NC(=O)[C@H](C)NC(=O)[C@H](C)NC(=O)[C@H](CCC(N)=O)NC(=O)CNC(=O)[C@H](CCC(=O)O)NC(=O)[C@H](CC(C)C)NC(=O)[C@H](Cc1ccc(O)cc1)NC(=O)[C@H](CO)NC(=O)[C@H](CO)NC(=O)[C@@H](NC(=O)[C@H](CC(=O)O)NC(=O)[C@H](CO)NC(=O)[C@@H](NC(=O)[C@H](Cc1ccccc1)NC(=O)[C@@H](NC(=O)CNC(=O)[C@H](CCC(=O)O)NC(=O)C(C)(C)NC(=O)[C@@H](N)Cc1cnc[nH]1)[C@@H](C)O)[C@@H](C)O)C(C)C)C(=O)N[C@@H](C)C(=O)N[C@@H](Cc1c[nH]c2ccccc12)C(=O)N[C@@H](CC(C)C)C(=O)N[C@H](C(=O)N[C@@H](CCCNC(=N)N)C(=O)NCC(=O)N[C@@H](CCCNC(=N)N)C(=O)NCC(=O)O)C(C)C,CHEMBL4556788,Kd,1.14,uM,CHEMBL6112193,Binding affinity to human serum albumin immobilized on AR2G biosensor assessed as dissociation constant incubated for 3 mins by BLI assay
CCOc1ccc(Nc2ccc(/C(=C3\C=C/C(=[N+](\CC)Cc4cccc(S(=O)(=O)[O-])c4)C=C3C)c3ccc(N(CC)Cc4cccc(S(=O)(=O)NCCCCCC(=O)NCCOCCOCCOCCOCCOCCOCCOCCOCCC(=O)NCCCC[C@H](NC(=O)[C@@H](NC(=O)[C@H](CC(C)C)NC(=O)[C@H](Cc5c[nH]c6ccccc56)NC(=O)[C@H](C)NC(=O)[C@@H](NC(=O)[C@H](Cc5ccccc5)NC(=O)[C@H](CCC(=O)O)NC(=O)[C@H](CCCNC(=N)N)NC(=O)[C@H](C)NC(=O)[C@H](C)NC(=O)[C@H](CCC(N)=O)NC(=O)CNC(=O)[C@H](CCC(=O)O)NC(=O)[C@H](CC(C)C)NC(=O)[C@H](Cc5ccc(O)cc5)NC(=O)[C@H](CO)NC(=O)[C@H](CO)NC(=O)[C@@H](NC(=O)[C@H](CC(=O)O)NC(=O)[C@H](CO)NC(=O)[C@@H](NC(=O)[C@H](Cc5ccccc5)NC(=O)[C@@H](NC(=O)CNC(=O)[C@H](CCC(=O)O)NC(=O)CNC(=O)[C@@H](N)Cc5c[nH]cn5)[C@@H](C)O)[C@@H](C)O)C(C)C)[C@@H](C)CC)C(C)C)C(=O)NCC(=O)N[C@@H](CCCNC(=N)N)C(N)=O)c4)cc3C)cc2)cc1,CHEMBL6170858,Kd,0.52,uM,CHEMBL6112193,Binding affinity to human serum albumin immobilized on AR2G biosensor assessed as dissociation constant incubated for 3 mins by BLI assay
CC[C@H](C)[C@H](NC(=O)[C@H](Cc1ccccc1)NC(=O)[C@H](CCC(=O)O)NC(=O)[C@H](CCCCNC(=O)CC[C@H](NC(=O)Cn1cc(CCC(=O)NCCOCCOCCOCCOCCC(=O)N[C@@H](CCCCNC(=O)CC[C@H](NC(=O)CCCCCCCCCCCCCCCCC(=O)O)C(=O)O)C(=O)NCCOCCOCCOCCOCCC(=O)N[C@@H](CCCCNC(=O)CC[C@H](NC(=O)CCCCCCCCCCCCCCCCC(=O)O)C(=O)O)C(=O)OC)nn1)C(=O)O)NC(=O)[C@H](C)NC(=O)[C@H](C)NC(=O)[C@H](CCC(N)=O)NC(=O)CNC(=O)[C@H](CCC(=O)O)NC(=O)[C@H](CC(C)C)NC(=O)[C@H](Cc1ccc(O)cc1)NC(=O)[C@H](CO)NC(=O)[C@H](CO)NC(=O)[C@@H](NC(=O)[C@H](CC(=O)O)NC(=O)[C@H](CO)NC(=O)[C@@H](NC(=O)[C@H](Cc1ccccc1)NC(=O)[C@@H](NC(=O)CNC(=O)[C@H](CCC(=O)O)NC(=O)C(C)(C)NC(=O)[C@@H](N)Cc1cnc[nH]1)[C@@H](C)O)[C@@H](C)O)C(C)C)C(=O)N[C@@H](C)C(=O)N[C@@H](Cc1c[nH]c2ccccc12)C(=O)N[C@@H](CC(C)C)C(=O)N[C@H](C(=O)N[C@@H](CCCNC(=N)N)C(=O)NCC(=O)N[C@@H](CCCNC(=N)N)C(=O)NCC(=O)O)C(C)C,CHEMBL6161681,FC,28.0,,CHEMBL6118751,Binding affinity to CM5-chip immobilized human serum albumin assessed as fold change in equilibrium association constant by SPR analysis relative to semaglutide
CCCCCCCCCCCCCCCC(=O)N[C@@H](CCC(=O)NCCCC[C@H](NC(=O)CCOCCOCCOCCOCCNC(=O)CCc1cn(CC(=O)N[C@@H](CCC(=O)NCCCC[C@H](NC(=O)[C@H](C)NC(=O)[C@H](C)NC(=O)[C@H](CCC(N)=O)NC(=O)CNC(=O)[C@H](CCC(=O)O)NC(=O)[C@H](CC(C)C)NC(=O)[C@H](Cc2ccc(O)cc2)NC(=O)[C@H](CO)NC(=O)[C@H](CO)NC(=O)[C@@H](NC(=O)[C@H](CC(=O)O)NC(=O)[C@H](CO)NC(=O)[C@@H](NC(=O)[C@H](Cc2ccccc2)NC(=O)[C@@H](NC(=O)CNC(=O)[C@H](CCC(=O)O)NC(=O)C(C)(C)NC(=O)[C@@H](N)Cc2cnc[nH]2)[C@@H](C)O)[C@@H](C)O)C(C)C)C(=O)N[C@@H](CCC(=O)O)C(=O)N[C@@H](Cc2ccccc2)C(=O)N[C@H](C(=O)N[C@@H](C)C(=O)N[C@@H](Cc2c[nH]c3ccccc23)C(=O)N[C@@H](CC(C)C)C(=O)N[C@H](C(=O)N[C@@H](CCCNC(=N)N)C(=O)NCC(=O)N[C@@H](CCCNC(=N)N)C(=O)NCC(=O)O)C(C)C)[C@@H](C)CC)C(=O)O)nn1)C(=O)NCCOCCOCCOCCOCCC(=O)N[C@@H](CCCCNC(=O)CC[C@H](NC(=O)CCCCCCCCCCCCCCCCC(=O)O)C(=O)O)C(=O)OC)C(=O)O,CHEMBL6166240,FC,18.0,,CHEMBL6118751,Binding affinity to CM5-chip immobilized human serum albumin assessed as fold change in equilibrium association constant by SPR analysis relative to semaglutide
CCCCCCCCCCCCCCCC(=O)N[C@@H](CCC(=O)NCCCC[C@H](NC(=O)CCOCCOCCOCCOCCNC(=O)CCc1cn(CC(=O)N[C@@H](CCC(=O)NCCCC[C@H](NC(=O)[C@H](C)NC(=O)[C@H](C)NC(=O)[C@H](CCC(N)=O)NC(=O)CNC(=O)[C@H](CCC(=O)O)NC(=O)[C@H](CC(C)C)NC(=O)[C@H](Cc2ccc(O)cc2)NC(=O)[C@H](CO)NC(=O)[C@H](CO)NC(=O)[C@@H](NC(=O)[C@H](CC(=O)O)NC(=O)[C@H](CO)NC(=O)[C@@H](NC(=O)[C@H](Cc2ccccc2)NC(=O)[C@@H](NC(=O)CNC(=O)[C@H](CCC(=O)O)NC(=O)[C@H](C)NC(=O)[C@@H](N)Cc2cnc[nH]2)[C@@H](C)O)[C@@H](C)O)C(C)C)C(=O)N[C@@H](CCC(=O)O)C(=O)N[C@@H](Cc2ccccc2)C(=O)N[C@H](C(=O)N[C@@H](C)C(=O)N[C@@H](Cc2c[nH]c3ccccc23)C(=O)N[C@@H](CC(C)C)C(=O)N[C@H](C(=O)N[C@@H](CCCNC(=N)N)C(=O)NCC(=O)N[C@@H](CCCNC(=N)N)C(=O)NCC(=O)O)C(C)C)[C@@H](C)CC)C(=O)O)nn1)C(=O)NCCOCCOCCOCCOCCC(=O)N[C@@H](CCCCNC(=O)CC[C@H](NC(=O)CCCCCCCCCCCCCCC)C(=O)O)C(=O)OC)C(=O)O,CHEMBL6168155,FC,8.0,,CHEMBL6118751,Binding affinity to CM5-chip immobilized human serum albumin assessed as fold change in equilibrium association constant by SPR analysis relative to semaglutide
CC[C@H](C)[C@H](NC(=O)[C@H](Cc1ccccc1)NC(=O)[C@H](CCC(=O)O)NC(=O)[C@H](CCCCNC(=O)CC[C@H](NC(=O)Cn1cc(CCC(=O)NCCOCCOCCOCCOCCC(=O)N[C@@H](CCCCNC(=O)CC[C@H](NC(=O)CCCCCCCCCCCCCCC(=O)O)C(=O)O)C(=O)NCCOCCOCCOCCOCCC(=O)N[C@@H](CCCCNC(=O)CC[C@H](NC(=O)CCCCCCCCCCCCCCC(=O)O)C(=O)O)C(=O)OC)nn1)C(=O)O)NC(=O)[C@H](C)NC(=O)[C@H](C)NC(=O)[C@H](CCC(N)=O)NC(=O)CNC(=O)[C@H](CCC(=O)O)NC(=O)[C@H](CC(C)C)NC(=O)[C@H](Cc1ccc(O)cc1)NC(=O)[C@H](CO)NC(=O)[C@H](CO)NC(=O)[C@@H](NC(=O)[C@H](CC(=O)O)NC(=O)[C@H](CO)NC(=O)[C@@H](NC(=O)[C@H](Cc1ccccc1)NC(=O)[C@@H](NC(=O)CNC(=O)[C@H](CCC(=O)O)NC(=O)C(C)(C)NC(=O)[C@@H](N)Cc1cnc[nH]1)[C@@H](C)O)[C@@H](C)O)C(C)C)C(=O)N[C@@H](C)C(=O)N[C@@H](Cc1c[nH]c2ccccc12)C(=O)N[C@@H](CC(C)C)C(=O)N[C@H](C(=O)N[C@@H](CCCNC(=N)N)C(=O)NCC(=O)N[C@@H](CCCNC(=N)N)C(=O)NCC(=O)O)C(C)C,CHEMBL6146937,FC,0.2,,CHEMBL6118751,Binding affinity to CM5-chip immobilized human serum albumin assessed as fold change in equilibrium association constant by SPR analysis relative to semaglutide
CC[C@H](C)[C@H](NC(=O)[C@H](Cc1ccccc1)NC(=O)[C@H](CCC(=O)O)NC(=O)[C@H](CCCCNC(=O)CC[C@H](NC(=O)Cn1cc(CCC(=O)NCCOCCOCCOCCOCCC(=O)N[C@@H](CCCCNC(=O)CC[C@H](NC(=O)CCCCCCCCCCCCCCCCC(=O)O)C(=O)O)C(=O)NCCOCCOCCOCCOCCC(=O)N[C@@H](CCCCNC(=O)CC[C@H](NC(=O)CCCCCCCCCCCCCCCCCCC(=O)O)C(=O)O)C(=O)OC)nn1)C(=O)O)NC(=O)[C@H](C)NC(=O)[C@H](C)NC(=O)[C@H](CCC(N)=O)NC(=O)CNC(=O)[C@H](CCC(=O)O)NC(=O)[C@H](CC(C)C)NC(=O)[C@H](Cc1ccc(O)cc1)NC(=O)[C@H](CO)NC(=O)[C@H](CO)NC(=O)[C@@H](NC(=O)[C@H](CC(=O)O)NC(=O)[C@H](CO)NC(=O)[C@@H](NC(=O)[C@H](Cc1ccccc1)NC(=O)[C@@H](NC(=O)CNC(=O)[C@H](CCC(=O)O)NC(=O)C(C)(C)NC(=O)[C@@H](N)Cc1cnc[nH]1)[C@@H](C)O)[C@@H](C)O)C(C)C)C(=O)N[C@@H](C)C(=O)N[C@@H](Cc1c[nH]c2ccccc12)C(=O)N[C@@H](CC(C)C)C(=O)N[C@H](C(=O)N[C@@H](CCCNC(=N)N)C(=O)NCC(=O)N[C@@H](CCCNC(=N)N)C(=O)NCC(=O)O)C(C)C,CHEMBL6168631,FC,77.0,,CHEMBL6118751,Binding affinity to CM5-chip immobilized human serum albumin assessed as fold change in equilibrium association constant by SPR analysis relative to semaglutide
CC[C@H](C)[C@H](NC(=O)[C@H](Cc1ccccc1)NC(=O)[C@H](CCC(=O)O)NC(=O)[C@H](CCCCNC(=O)CC[C@H](NC(=O)Cn1cc(CCC(=O)NCCOCCOCCOCCOCCC(=O)N[C@@H](CCCCNC(=O)CC[C@H](NC(=O)CCCCCCCCCCCCCCCCCCC(=O)O)C(=O)O)C(=O)NCCOCCOCCOCCOCCC(=O)N[C@@H](CCCCNC(=O)CC[C@H](NC(=O)CCCCCCCCCCCCCCCCCCC(=O)O)C(=O)O)C(=O)OC)nn1)C(=O)O)NC(=O)[C@H](C)NC(=O)[C@H](C)NC(=O)[C@H](CCC(N)=O)NC(=O)CNC(=O)[C@H](CCC(=O)O)NC(=O)[C@H](CC(C)C)NC(=O)[C@H](Cc1ccc(O)cc1)NC(=O)[C@H](CO)NC(=O)[C@H](CO)NC(=O)[C@@H](NC(=O)[C@H](CC(=O)O)NC(=O)[C@H](CO)NC(=O)[C@@H](NC(=O)[C@H](Cc1ccccc1)NC(=O)[C@@H](NC(=O)CNC(=O)[C@H](CCC(=O)O)NC(=O)C(C)(C)NC(=O)[C@@H](N)Cc1cnc[nH]1)[C@@H](C)O)[C@@H](C)O)C(C)C)C(=O)N[C@@H](C)C(=O)N[C@@H](Cc1c[nH]c2ccccc12)C(=O)N[C@@H](CC(C)C)C(=O)N[C@H](C(=O)N[C@@H](CCCNC(=N)N)C(=O)NCC(=O)N[C@@H](CCCNC(=N)N)C(=O)NCC(=O)O)C(C)C,CHEMBL6152848,FC,139.0,,CHEMBL6118751,Binding affinity to CM5-chip immobilized human serum albumin assessed as fold change in equilibrium association constant by SPR analysis relative to semaglutide
CC[C@H](C)[C@H](NC(=O)[C@H](Cc1ccccc1)NC(=O)[C@H](CCC(=O)O)NC(=O)[C@H](CCCCNC(=O)CC[C@H](NC(=O)Cn1cc(CCC(=O)NCCOCCOCCC(=O)N[C@@H](CCCCNC(=O)CC[C@H](NC(=O)CCCCCCCCCCCCCCCCC(=O)O)C(=O)O)C(=O)NCCOCCOCCC(=O)N[C@@H](CCCCNC(=O)CC[C@H](NC(=O)CCCCCCCCCCCCCCCCC(=O)O)C(=O)O)C(=O)OC)nn1)C(=O)O)NC(=O)[C@H](C)NC(=O)[C@H](C)NC(=O)[C@H](CCC(N)=O)NC(=O)CNC(=O)[C@H](CCC(=O)O)NC(=O)[C@H](CC(C)C)NC(=O)[C@H](Cc1ccc(O)cc1)NC(=O)[C@H](CO)NC(=O)[C@H](CO)NC(=O)[C@@H](NC(=O)[C@H](CC(=O)O)NC(=O)[C@H](CO)NC(=O)[C@@H](NC(=O)[C@H](Cc1ccccc1)NC(=O)[C@@H](NC(=O)CNC(=O)[C@H](CCC(=O)O)NC(=O)C(C)(C)NC(=O)[C@@H](N)Cc1cnc[nH]1)[C@@H](C)O)[C@@H](C)O)C(C)C)C(=O)N[C@@H](C)C(=O)N[C@@H](Cc1c[nH]c2ccccc12)C(=O)N[C@@H](CC(C)C)C(=O)N[C@H](C(=O)N[C@@H](CCCNC(=N)N)C(=O)NCC(=O)N[C@@H](CCCNC(=N)N)C(=O)NCC(=O)O)C(C)C,CHEMBL6148487,FC,30.0,,CHEMBL6118751,Binding affinity to CM5-chip immobilized human serum albumin assessed as fold change in equilibrium association constant by SPR analysis relative to semaglutide
CC[C@H](C)[C@H](NC(=O)[C@H](Cc1ccccc1)NC(=O)[C@H](CCC(=O)O)NC(=O)[C@H](CCCCNC(=O)CC[C@H](NC(=O)Cn1cc(CCC(=O)NCCOCCOCCOCCOCCOCCOCCC(=O)N[C@@H](CCCCNC(=O)CC[C@H](NC(=O)CCCCCCCCCCCCCCCCC(=O)O)C(=O)O)C(=O)NCCOCCOCCOCCOCCOCCOCCC(=O)N[C@@H](CCCCNC(=O)CC[C@H](NC(=O)CCCCCCCCCCCCCCCCC(=O)O)C(=O)O)C(=O)OC)nn1)C(=O)O)NC(=O)[C@H](C)NC(=O)[C@H](C)NC(=O)[C@H](CCC(N)=O)NC(=O)CNC(=O)[C@H](CCC(=O)O)NC(=O)[C@H](CC(C)C)NC(=O)[C@H](Cc1ccc(O)cc1)NC(=O)[C@H](CO)NC(=O)[C@H](CO)NC(=O)[C@@H](NC(=O)[C@H](CC(=O)O)NC(=O)[C@H](CO)NC(=O)[C@@H](NC(=O)[C@H](Cc1ccccc1)NC(=O)[C@@H](NC(=O)CNC(=O)[C@H](CCC(=O)O)NC(=O)C(C)(C)NC(=O)[C@@H](N)Cc1cnc[nH]1)[C@@H](C)O)[C@@H](C)O)C(C)C)C(=O)N[C@@H](C)C(=O)N[C@@H](Cc1c[nH]c2ccccc12)C(=O)N[C@@H](CC(C)C)C(=O)N[C@H](C(=O)N[C@@H](CCCNC(=N)N)C(=O)NCC(=O)N[C@@H](CCCNC(=N)N)C(=O)NCC(=O)O)C(C)C,CHEMBL6170208,FC,1.7,,CHEMBL6118751,Binding affinity to CM5-chip immobilized human serum albumin assessed as fold change in equilibrium association constant by SPR analysis relative to semaglutide
CCCCCCCCCCCCCCCC(=O)N[C@@H](CCC(=O)NCCCC[C@H](NC(=O)CCOCCOCCOCCOCCOCCOCCNC(=O)CCc1cn(CC(=O)N[C@@H](CCC(=O)NCCCC[C@H](NC(=O)[C@H](C)NC(=O)[C@H](C)NC(=O)[C@H](CCC(N)=O)NC(=O)CNC(=O)[C@H](CCC(=O)O)NC(=O)[C@H](CC(C)C)NC(=O)[C@H](Cc2ccc(O)cc2)NC(=O)[C@H](CO)NC(=O)[C@H](CO)NC(=O)[C@@H](NC(=O)[C@H](CC(=O)O)NC(=O)[C@H](CO)NC(=O)[C@@H](NC(=O)[C@H](Cc2ccccc2)NC(=O)[C@@H](NC(=O)CNC(=O)[C@H](CCC(=O)O)NC(=O)C(C)(C)NC(=O)[C@@H](N)Cc2cnc[nH]2)[C@@H](C)O)[C@@H](C)O)C(C)C)C(=O)N[C@@H](CCC(=O)O)C(=O)N[C@@H](Cc2ccccc2)C(=O)N[C@H](C(=O)N[C@@H](C)C(=O)N[C@@H](Cc2c[nH]c3ccccc23)C(=O)N[C@@H](CC(C)C)C(=O)N[C@H](C(=O)N[C@@H](CCCNC(=N)N)C(=O)NCC(=O)N[C@@H](CCCNC(=N)N)C(=O)NCC(=O)O)C(C)C)[C@@H](C)CC)C(=O)O)nn1)C(=O)NCCOCCOCCOCCOCCOCCOCCC(=O)N[C@@H](CCCCNC(=O)CC[C@H](NC(=O)CCCCCCCCCCCCCCCCC(=O)O)C(=O)O)C(=O)OC)C(=O)O,CHEMBL6172292,FC,19.0,,CHEMBL6118751,Binding affinity to CM5-chip immobilized human serum albumin assessed as fold change in equilibrium association constant by SPR analysis relative to semaglutide
CCCCCCCCCCCCCCCC(=O)N[C@@H](CCC(=O)NCCCC[C@@H](NC(=O)CCOCCOCCOCCOCCNC(=O)CCc1cn(CC(=O)N[C@@H](CCC(=O)NCCCC[C@H](NC(=O)[C@H](C)NC(=O)[C@H](C)NC(=O)[C@H](CCC(N)=O)NC(=O)CNC(=O)[C@H](CCC(=O)O)NC(=O)[C@H](CC(C)C)NC(=O)[C@H](Cc2ccc(O)cc2)NC(=O)[C@H](CO)NC(=O)[C@H](CO)NC(=O)[C@@H](NC(=O)[C@H](CC(=O)O)NC(=O)[C@H](CO)NC(=O)[C@@H](NC(=O)[C@H](Cc2ccccc2)NC(=O)[C@@H](NC(=O)CNC(=O)[C@H](CCC(=O)O)NC(=O)C(C)(C)NC(=O)[C@@H](N)Cc2cnc[nH]2)[C@@H](C)O)[C@@H](C)O)C(C)C)C(=O)N[C@@H](CCC(=O)O)C(=O)N[C@@H](Cc2ccccc2)C(=O)N[C@H](C(=O)N[C@@H](C)C(=O)N[C@@H](Cc2c[nH]c3ccccc23)C(=O)N[C@@H](CC(C)C)C(=O)N[C@H](C(=O)N[C@@H](CCCNC(=N)N)C(=O)NCC(=O)N[C@@H](CCCNC(=N)N)C(=O)NCC(=O)O)C(C)C)[C@@H](C)CC)C(=O)O)nn1)C(=O)NCCOCCOCCOCCOCCC(=O)N[C@H](CCCCNC(=O)CC[C@@H](NC(=O)CCCCCCCCCCCCCCCCC(=O)O)C(=O)O)C(=O)O)C(=O)O,CHEMBL6152319,FC,2.2,,CHEMBL6118751,Binding affinity to CM5-chip immobilized human serum albumin assessed as fold change in equilibrium association constant by SPR analysis relative to semaglutide
CCc1c2c(nc3ccc(OCc4ccc(O[C@@H]5O[C@H](C(=O)O)[C@@H](O)[C@H](O)[C@H]5O)c(NC(=O)CCNC(=O)CCCCCN5C(=O)C=CC5=O)c4)cc13)-c1cc3c(c(=O)n1C2)COC(=O)[C@]3(O)CC,CHEMBL6165070,Activity,99.0,%,CHEMBL6138359,Binding affinity to human serum albumin assessed as binding rate measured within 4 mins by HPLC analysis relative to control
CCc1c2c(nc3ccc(OCc4ccc(O[C@@H]5O[C@H](C(=O)O)[C@@H](O)[C@H](O)[C@H]5O)c(NC(=O)CCNC(=O)COCCOCCNC(=O)COCCOCCNC(=O)CC[C@H](NC(=O)CCCCCCCCCCCCCCCCC(=O)O)C(=O)O)c4)cc13)-c1cc3c(c(=O)n1C2)COC(=O)[C@]3(O)CC,CHEMBL6177738,Activity,95.0,%,CHEMBL6138359,Binding affinity to human serum albumin assessed as binding rate measured within 4 mins by HPLC analysis relative to control
CCc1c2c(nc3ccc(OCc4ccc(O[C@@H]5O[C@H](C(=O)O)[C@@H](O)[C@H](O)[C@H]5O)c(NC(=O)CCNC(=O)COCCOCCNC(=O)COCCOCCNC(=O)CC[C@H](NC(=O)CCCCCCCCCCCCCCCCC(=O)O)C(=O)O)c4)cc13)-c1cc3c(c(=O)n1C2)COC(=O)[C@]3(O)CC,CHEMBL6177738,Activity,94.0,%,CHEMBL6138360,Binding affinity to human serum albumin assessed as binding rate measured after 24 mins by HPLC analysis relative to control
Nc1c2c(nc3ccc(-c4ccncc4)cc13)CCCC2,CHEMBL6168753,Activity,91.4,%,CHEMBL6140523,Binding affinity to HSA relative to control
COc1cc(-c2ccc3nc4c(c(N)c3c2)CCCC4)ccn1,CHEMBL6163299,Activity,94.3,%,CHEMBL6140523,Binding affinity to HSA relative to control
Nc1c2c(nc3ccc(-c4ccc(Cl)nc4)cc13)CCCC2,CHEMBL6172196,Activity,94.3,%,CHEMBL6140523,Binding affinity to HSA relative to control
Nc1c2c(nc3ccc(-c4ccc(F)nc4)cc13)CCCC2,CHEMBL6152748,Activity,90.2,%,CHEMBL6140523,Binding affinity to HSA relative to control
Nc1c2c(nc3ccc(-c4cncnc4)cc13)CCCC2,CHEMBL6174537,Activity,72.1,%,CHEMBL6140523,Binding affinity to HSA relative to control
COc1ncc(-c2ccc3nc4c(c(N)c3c2)CCCC4)cn1,CHEMBL6163473,Activity,85.2,%,CHEMBL6140523,Binding affinity to HSA relative to control
COc1ncc(-c2ccc3nc4c(c(N)c3c2)CCCC4)c(OC)n1,CHEMBL6177054,Activity,73.9,%,CHEMBL6140523,Binding affinity to HSA relative to control
Nc1c2c(nc3ccc(-c4ccoc4)cc13)CCCC2,CHEMBL6166006,Activity,94.7,%,CHEMBL6140523,Binding affinity to HSA relative to control
Cc1ccc(-c2ccc3nc4c(c(N)c3c2)CCCC4)o1,CHEMBL6142020,Activity,95.5,%,CHEMBL6140523,Binding affinity to HSA relative to control
Nc1c2c(nc3ccc(-c4ccsc4)cc13)CCCC2,CHEMBL6173740,Activity,97.1,%,CHEMBL6140523,Binding affinity to HSA relative to control
Nc1c2c(nc3ccc(-c4cccs4)cc13)CCCC2,CHEMBL6172838,Activity,96.8,%,CHEMBL6140523,Binding affinity to HSA relative to control
Nc1c2c(nc3ccc(-c4ccc(Cl)s4)cc13)CCCC2,CHEMBL6164758,Activity,99.2,%,CHEMBL6140523,Binding affinity to HSA relative to control
Cc1csc(-c2ccc3nc4c(c(N)c3c2)CCCC4)c1,CHEMBL6176118,Activity,97.8,%,CHEMBL6140523,Binding affinity to HSA relative to control
CN(C)c1cccc(-c2ccc3nc4c(c(N)c3c2)CCCC4)c1,CHEMBL6171344,Activity,96.2,%,CHEMBL6140523,Binding affinity to HSA relative to control
CC(C)COc1cccc(-c2ccc3nc4c(c(N)c3c2)CCCC4)c1,CHEMBL6151322,Activity,99.3,%,CHEMBL6140523,Binding affinity to HSA relative to control
Cl.[2H]c1ccc2nc3c(c(N)c2c1)CCCC3,CHEMBL6170062,Activity,56.5,%,CHEMBL6140523,Binding affinity to HSA relative to control
Nc1c2c(nc3ccccc13)CCCC2,CHEMBL95,Activity,56.5,%,CHEMBL6140523,Binding affinity to HSA relative to control
Nc1c2c(nc3ccc(Oc4ccccc4)cc13)CCCC2,CHEMBL5590314,Activity,92.9,%,CHEMBL6140523,Binding affinity to HSA relative to control
Cn1cncc1C1=CN(c2ncnc3[nH]cnc23)CCS1,CHEMBL5433617,PB,98.0,%,CHEMBL6187152,Binding affinity to human serum albumin assessed as protein binding at 10 uM by equilibrium dialysis technique relative to control
O=C(N[C@@H](c1ccccc1)[C@H]1CCCN1)C1=CN(c2ncnc3[nH]ccc23)CCS1,CHEMBL6191718,PB,84.0,%,CHEMBL6187152,Binding affinity to human serum albumin assessed as protein binding at 10 uM by equilibrium dialysis technique relative to control
Cc1c[nH]c2ncnc(N3C=C(C(=O)N4CCC[C@@H](N)C4)SCC3)c12,CHEMBL6192536,PB,84.0,%,CHEMBL6187152,Binding affinity to human serum albumin assessed as protein binding at 10 uM by equilibrium dialysis technique relative to control
