Drug,Y
COCCC(Oc1ncnc2c1cnn2-c1ccccc1Cl)C(=O)Nc1ccc(C)cn1,95.43
CCCCCOc1ccc(C(=O)NC(C(=O)O)C(C)C)cc1,98.29
COc1ncc2ccc(=O)n(CCN3CCC(NCc4cc5c(cn4)OCCO5)CC3)c2n1,72.45
CN1CCN(c2ccc3ncc(C(N)=O)c(Nc4ccc(Cl)cc4Cl)c3c2)CC1,98.21
CC1OC(n2cnc3c(N)nc(OCC4CC45CC5)nc32)C(O)C1O,75.12
COCCC(=O)NC(C)c1ccc(Nc2ncc3cc(-c4ccncc4)ccc3n2)cc1,98.17
O=C1COc2ccc(CNC3CCN(CCN4C(=O)COc5ccc([N+](=O)[O-])cc54)CC3)nc2N1,75.12
O=C(O)c1ccccc1N1CCC(CN2CCC(Oc3ccc(Cl)c(Cl)c3)CC2)CC1,82.05
CCc1[nH]c2nc(Sc3cnc4ccc[n+]([O-])c4c3)nc(N3CCC(N)C3)c2c1Cl,79.55
CCC(Nc1c(Nc2cccc(C(=O)N(C)C)c2O)c(=O)c1=O)c1ccc(C)o1,98.21
O=C1C(CC[S+]([O-])c2ccccc2)C(=O)N(c2ccccc2)N1c1ccccc1,99.31
CC(C)Oc1cc2ncc(C(N)=O)c(Nc3ccc(F)cc3F)c2cc1N1CCN(C)CC1,98.29
OC(Cn1cncn1)(Cn1cncn1)c1ccc(F)cc1F,14.23
CC1CC2C3CCC4=CC(=O)C=CC4(C)C3(F)C(O)CC2(C)C1(O)C(=O)CO,71.53
N#Cc1cccc(-c2cc(C(F)(F)F)ccc2OCC(=O)O)c1,98.61
O=CNc1cc(C(O)CNCCc2ccc(NCC(O)c3ccccc3)cc2)ccc1O,71.53
CC(=O)Nc1ccc2c(c1)c(-c1cc(NC3CC3)n3ncc(C#N)c3n1)cn2CCO,98.21
CC(=O)c1cc2ccc(O)cc2oc1=O,98.51
NC(=O)c1cnc(NC2CCCNC2)c2cc(-c3ccc(Cl)cc3)sc12,99.19
CC(C)(C)OC(=O)NCCCSCC1OC(n2cnc3c(N)ncnc32)C(O)C1O,76.39
CCc1nc2ccc(C(=O)NCc3ccc4c(c3)OCO4)cn2c1N(C)Cc1cccs1,99.65
Cc1ccc(-c2ccccn2)cc1NC(=O)c1ccc(OCc2ccccn2)cc1,98.89
COc1cc2ncn(-c3cc(OCc4ccccc4S(C)(=O)=O)c(C#N)s3)c2cc1OC,98.89
COc1ncc(-c2cccc(C)c2CCNC(=O)c2ccc(OCCC(F)(F)F)nc2)cn1,99.5
O=C(c1ccc(OCCN2CCCCC2)cc1)c1c(-c2ccc(O)cc2)sc2cc(O)ccc12,99.5
O=C(O)COc1ccc(Cl)cc1CN1CCN(S(=O)(=O)c2ccc(F)cc2)CC1,98.99
Cc1ccc2c(c1)c(S(=O)(=O)c1ccc(Cl)cc1)c(C)n2CC(=O)O,99.48
CC(C)NC(=O)c1cnc(N2CCC(N3C(=O)OCc4ccccc43)CC2)c(Cl)c1,99.44
O=C(O)CSCC(=O)Nc1nc(-c2ccccc2)cs1,99.03
CC(C)Oc1cc(-n2cnc3cnc(NC(C)c4ncc(F)cn4)nc32)n[nH]1,69.12
CNc1c(Br)cnc2[nH]c(-c3cnn(C4CCN(C)CC4)c3)nc12,77.21
O=C(O)COc1ccc(Cl)cc1CN1CCN(S(=O)(=O)Cc2ccccc2)CC1,99.33
CCn1cc(C2(c3cccc(NC(=O)c4ccc(Cl)cn4)c3)N=C(N)c3c(F)cccc32)cc(C)c1=O,98.29
CCNC(=O)CC1N=C(c2ccc(Cl)cc2)c2cc(OC)ccc2-n2c(C)nnc21,75.97
CCCC(c1ccc(C(=O)O)c(Oc2cccc(Cl)c2)c1)N1CCCC(n2cc(C)c(=O)[nH]c2=O)C1,98.81
CC(CO)Nc1nc(SCc2cccc(F)c2F)nc2nc(NC3CC3)sc12,98.78
Cc1cc(CCCOc2c(Cl)cc(C3=NCCO3)cc2Cl)on1,99.66
Cc1ccc(-c2nccn2C)cc1NC(=O)c1ccc(OCc2ccccn2)cc1,94.9
CCOc1ccc(C(C)Nc2nc(N3CCN(C(C)=O)CC3)nc3c2CN(C(C)C)C3=O)cc1F,66.61
CC(C)(C)S(=O)(=O)CCCN1CCN(CC(=O)NC23CC4CC(CC(C4)C2)C3)CC1,65.06
C[S+]([O-])Cc1ccc(C(=O)Nc2ccc(OCCOCCO)nc2C(=O)NCC2CCC2)c2ccccc12,95.01
CNc1c(Br)cnc2[nH]c(-c3ccc(OCCN4CCOCC4)cc3)nc12,98.51
Nc1scc2c(C(=O)NC3CC3)nn(-c3ccc(Cl)cc3)c(=O)c12,98.21
Cc1cc(OC2CCN(CC3CCN(C(C)(Cc4ccc(F)cc4)C(=O)O)CC3)CC2)ccc1Cl,78.79
N#Cc1ccc2ccc(=O)n(CCN3CCC(NCc4ccc5c(n4)NC(=O)CO5)C(O)C3)c2c1,79.17
O=C(NCC12CC3CC(CC(C3)C1)C2)c1cc(C(=O)N2CC3CNCC(C2)O3)ccc1Cl,69.12
COc1ccc(S(=O)(=O)N2CC(C)N(S(=O)(=O)c3ccc(OC)cc3)CC2C)cc1,99.65
CCS(=O)(=O)c1ccc(-c2cc(Cl)ccc2OCC(=O)O)c(F)c1,95.12
CC(C)(C)C(O)C(=O)N1CCCC1C(=O)NCc1cc(Cl)ccc1CN,42.01
O=C(Nc1nc2ccccc2n1CCCO)c1cccc([N+](=O)[O-])c1,91.99
CC12CCC(=O)C=C1C=CC1C2CCC2(C)C1CCC21CCC(=O)O1,94.06
O=C(Nc1ccc([N+](=O)[O-])cc1O)Nc1ccccc1Br,99.73
COC(=O)NC(C)C#Cc1cnc(Oc2ccc(OC(C)C)cc2)s1,99.66
CC1=C(C(=O)OCc2ccccc2)C(c2cccs2)NC(=O)N1,97.32
c1ccc(C(C(c2ccccc2)N2CCCC2)N2CCCC2)cc1,83.04
COc1ccc(NC(=O)CCc2c(C)nc3nc(C)nn3c2C)cc1,82.39
O=C(NS(=O)(=O)c1ccc(F)cc1)N1CCC(N2CCC(Oc3ccc(Cl)c(Cl)c3)CC2)CC1,80.65
CC(C)N(CCCNC(=O)Nc1ccc(C(C)(C)C)cc1)CC1OC(n2ccc3c(N)ncnc32)C(O)C1O,79.92
Cc1ccc(S(=O)(=O)Nc2c(C(=O)NC3CCOCC3)c(C)nn2-c2ccccc2)cc1,97.38
CC1CC2C(C(O)CC3(C)C2CCC3(O)C(=O)CO)C2(C)C=CC(=O)C=C12,79.92
COc1cc(Nc2nc(NC(C)c3ncc(F)cn3)nc(N3CCOCC3)c2Cl)n[nH]1,92.16
Cc1noc(C)c1-c1ccc(CNS(=O)(=O)c2c(C)noc2C)cc1,92.48
CC(C)(F)CC(NC(c1ccc(-c2ccc(S(C)(=O)=O)cc2)cc1)C(F)(F)F)C(=O)NC1(C#N)CC1,93.94
CC(C(=O)OC1C[N+]2(CC(=O)Nc3cccc(F)c3)CCC1CC2)(c1ccccc1)N1CCCCC1,99.6
O=P(c1ccccc1)(c1ccccc1)N(Cc1ccccn1)Cc1ccccn1,99.51
O=c1cc(-c2cccnc2)[nH]c2cc(Cc3ccccc3)ccc12,99.49
CCOc1ncc(C)c2c1C(c1ccc(C#N)cc1OC)C(C(N)=O)=C(C)N2,92.48
O=C(CC1CCN(Cc2ccn(-c3ccc(C(F)(F)F)cn3)c2)CC1)NC(c1ccc(F)cc1)c1ccc(F)cc1,99.47
CC(C)CC(CO)Nc1nc(SCc2cccc(C#N)c2)nc2nc(N)sc12,99.14
Cc1nc(CSc2nc(NC(C)CO)c3sc(=O)[nH]c3n2)cs1,99.14
COCC#Cc1cccc(C2(c3ccc(OC(F)F)cc3)N=C(N)N3CC(F)(F)CN=C32)c1,98.89
O=C(O)COc1ccccc1N1CCC(CN2CCC(Oc3ccc(Cl)c(Cl)c3)CC2)CC1,98.86
COc1cc2nc(N3CCN(C(=O)C4CCCO4)CC3)nc(N)c2cc1OC,79.55
CC(C)(C)NC(=O)CN1CCN(CC(=O)NC23CC4CC(CC(C4)C2)C3)CC1,70.1
CC(=O)C1(O)CCC2C3CCC4=CC(=O)CCC4=C3C(c3ccc(N(C)C)cc3)CC21C,99.51
COc1ccc(-c2nc3c(NCCCNC(=O)c4cccnc4)c(Br)cnc3[nH]2)cc1,98.7
O=C(NCc1ccccn1)c1cc(-c2ccccc2)nc2ccccc12,98.7
CS(=O)(=O)NC(=O)CCCc1c(-c2ccc(F)cc2)[nH]c2ccc(C#N)cc12,98.7
CC(C)CCOc1ccc(N)cc1,93.24
COc1cc(C(=O)OCCCCNC(=N)N)cc(OC)c1O,38.14
COc1cnc(-c2ccccn2)nc1N1CCCC1,93.39
OC(c1cc(C(F)(F)F)nc2c(C(F)(F)F)cccc12)C1CCCCN1,97.86
CCNc1cc(C(=O)NC(Cc2ccccc2)C(O)CNCc2cccc(C(F)(F)F)c2)c(F)c(N2CCCCS2(=O)=O)c1,98.81
Cc1cn(C2CCCN(S(=O)(=O)c3ccc(O)c(Oc4cc(F)cc(Cl)c4)c3)C2)c(=O)[nH]c1=O,98.81
Cc1c(Sc2ccc(Cl)cc2)c2c(-c3cnccn3)cccc2n1CC(=O)O,98.76
O=C(CC1CCN(Cc2ccn(-c3ccc(C(F)(F)F)cc3)c2)CC1)NC(c1ccncc1)c1ccc(Cl)cc1,98.7
CC(=O)Nc1ccc2ccn(-c3cc(NCCN4CCCC4)n4ncc(C#N)c4n3)c2c1,94.44
Cc1ccc(S(=O)(=O)Nc2ccc3nc(C)oc3c2)cc1,97.91
CC(C)COc1ccc(-c2cc(O)nc(N)n2)cc1,96.26
COCCNCC(=O)NC12CC3CC(CC(C3)C1)C2,50.0
COc1ccc(CCOC2CCCCC2N2CCC(O)C2)cc1OC,37.06
O=C(O)c1cn(Cc2ccccc2)c2ccccc12,98.09
O=C(O)Cc1ccc(N2CCC(CN3CCC(Oc4ccc(Cl)c(Cl)c4)CC3)CC2)cc1,98.0
CCOc1cc2ncc(C(N)=O)c(Nc3cccc(Cl)c3Cl)c2cc1N1CCN(CC)CC1,98.17
COc1cnc(-c2c(C)ccc(F)c2CCNC(=O)c2ccc(COCC(F)(F)F)nc2)cn1,97.6
NC1=NC(c2ccc(F)cc2)Cc2ccc(F)cc21,67.12
COC1CN(CCn2c(=O)ccc3ccc(C#N)cc32)CCC1NCc1cc2c(cn1)OCCO2,51.73
Cn1c(CNc2ccc(C(=N)N)cc2)nc2cc(C(=O)N(CCC(=O)O)c3ccccn3)ccc21,47.12
Cc1ccc(NC(=O)C2CCCN2S(=O)(=O)c2cccc3cccnc23)c(C)c1,97.86
COc1ccccc1CN(C(C)=O)c1cnccc1Oc1ccccc1,93.1
Cc1nc(C(C)C)c(C(N)=O)nc1-c1ccc(C2CCC(CC(=O)O)CC2)cc1,97.38
O=C(Cc1ccc(OCc2ccccc2)cc1)NO,93.67
COc1cncc(NC(=O)c2cc(NC(=O)c3cccc(C(C)(C)C#N)c3)ccc2C)c1,97.49
Cc1ccc(NC(=O)c2ccc(CN3CCN(C)CC3)cc2)cc1Nc1nccc(-c2cccnc2)n1,93.67
CCc1nc(N)nc(N)c1-c1ccc(Cl)cc1,92.64
CCCCNc1nc(SCCC)nc2c1nnn2C1CC(CO)C(O)C1O,97.6
Cc1nc(C)c(-c2ccc(C3CCC(CC(=O)NC(C)(C)C(=O)O)CC3)cc2)nc1C(N)=O,92.16
Cc1ncc(NC(=O)c2cc(NC(=O)c3cccc(C(F)(F)F)c3)ccc2Cl)s1,99.6
O=C(NCC12CC3CC(CC(C3)C1)C2)c1cc(OC2CCCNC2)ccc1Cl,94.56
CN(Cc1cccc2ccccc12)c1cc(N2CCOCC2)nc(=O)[nH]1,94.32
Cc1c(Sc2ccc(Cl)cc2)c2c(S(C)(=O)=O)cccc2n1CC(=O)O,96.5
CCN(CC)S(=O)(=O)c1ccc(-c2nnc(SCC(=O)N3CCc4ccccc43)o2)cc1,99.65
CC(O)C(NC(=O)c1ccc(C#Cc2ccc(CN3CCOCC3)cc2)cc1)C(=O)NO,96.42
CC(C)(C(=O)c1cccnc1)c1cccnc1,11.18
Cc1nn(C2CCCCC2)c(N)c1-c1ccccc1,95.53
O=C(C1CCN(c2nnc(-n3cccc3)s2)CC1)N1CCN(Cc2ccc3c(c2)OCO3)CC1,95.53
CC(C)(C)COc1ccc(-n2cc(C(=O)O)cn2)cc1C#N,97.76
Cc1ccc(S(=O)(=O)Nc2c(C(=O)NC(C)C(C)(C)C)c(C)nn2-c2ccccc2)cc1,98.89
CCOC(=O)Nc1cc2c(c(N)n1)N=C(c1ccccc1)CCN2,94.56
CCCc1cc(=O)[nH]c(=S)[nH]1,40.89
COc1c(N2CC3CCCNC3C2)c(F)cc2c(=O)c(C(=O)O)cn(C3CC3)c12,30.88
COc1ccc(-c2nc3c(NCCCN(C)C(=O)C4CCC4)c(Br)cnc3[nH]2)cc1,99.78
CC(=O)Nc1ccc2ccn(-c3cc(NC4CC4)n4ncc(C#N)c4n3)c2c1,98.61
CC(Nc1nc(Nc2ncc(C#N)s2)cc(N2CCOCC2)n1)c1ccc(F)cn1,94.06
CC(=O)NC(CCN)C(=O)NC(C(=O)NC(CCN)C(=O)NC1CCNC(=O)C(C(C)O)NC(=O)C(CCN)NC(=O)C(CCN)NC(=O)C(CC(C)C)NC(=O)C(Cc2ccccc2)NC(=O)C(CCN)NC1=O)C(C)O,64.54
CCNC(=O)CC1N=C(c2ccc(Cl)cc2)c2cc(OC)ccc2-n2c(C)nnc21,93.1
O=C(NO)C1COC(c2ccc(F)c(C(F)(F)F)c2)=N1,91.64
CC1(C)SC2C(NC(=O)C(C(=O)O)c3ccccc3)C(=O)N2C1C(=O)O,45.41
O=C(O)c1cccnc1,44.84
CNc1nc(C)c(-c2nc(Nc3cccc(N4CCCCC4)c3)ncc2C#N)s1,99.81
O=C(CC12CC3CC(CC(C3)C1)C2)Nc1cccc2nc(NCCNCCO)ccc12,95.43
CC(=O)NCC1CN(c2ccc(N3CCOCC3)c(F)c2)C(=O)O1,22.79
CCCc1cc(C2=NC(C(=O)NO)CO2)cc(OC)c1OC,94.32
Oc1ncc(NCc2ccccc2)c(O)n1,36.53
Cc1cccc(Oc2cc(CN3CCCC(n4cc(C)c(=O)[nH]c4=O)C3)ccc2C(=O)O)c1,96.17
CNC(=O)c1snnc1-c1ccccc1,43.7
CCOC(=O)C1=C(COCCN)NC(C)=C(C(=O)OC)C1c1ccccc1Cl,98.09
COc1cc2ncc(C(N)=O)c(Nc3cccc(Cl)c3Cl)c2cc1NCCN1CCCCC1,97.91
Cc1cc(C)cc(-c2nnc(SCC(=O)N3CCN(C(=O)c4ccco4)CC3)o2)c1,96.79
CSCCC(NC(=O)c1cnccn1)c1nc2ccccc2[nH]1,60.22
CNC(C)C(=O)NC(C(=O)NC1CCCN(S(=O)(=O)c2ccccc2)C1)C(C)(C)C,59.11
CC(C(=O)OC1CC[N+](C)(C)CC1)(c1ccccc1)C1CCCC1,57.99
Cc1ccc(C(=O)N(CCCN)C(c2nc3cc(Cl)ccc3c(=O)n2Cc2ccccc2)C(C)C)cc1,99.19
CN(CCOc1ccc(NS(C)(=O)=O)cc1)CCc1ccc(NS(C)(=O)=O)cc1,66.1
COc1ccc(CC(N)C(=O)NC(Cc2ccccc2C)C(N)=O)cc1,64.01
COc1cc(OC)c(S(=O)(=O)NCc2ccccc2N2CCC(CO)CC2)cc1NC(=O)CCC(=O)O,59.66
Cc1ccc2c(c1)c(-c1ccnc3c(F)cccc13)c(C)n2CC(=O)O,99.1
CC(C(=O)OC1C[N+]2(CCCc3ccncc3)CCC1CC2)(c1ccccc1)N1CCCCC1,51.73
CNCCC(Oc1ccccc1OC)c1ccccc1,51.73
Cc1cc(C)c(C)c(Cn2ccc3c(C=NNC(=O)c4ccc(O)c(C#N)c4)cccc32)c1C,96.0
COc1cc(C)c(S(=O)(=O)N(C)CCOCC(=O)N2CCC(C3CCN(C)CC3)CC2)c(C)c1,51.73
CC(C)NCC(O)COc1ccc(CCOCC2CC2)cc1,27.55
CSc1ccc(N2C(N)=NC(N)=NC2(C)C)cc1,33.39
CCCCCCc1nc2c(N)nc3ccccc3c2n1Cc1ccccc1,99.64
C[N+]1(C)C2CC(OC(=O)C(O)(c3cccs3)c3cccs3)CC1C1OC12,47.7
NC(=O)c1cncc(-c2ccc(C3CCC(CC(=O)O)CC3)cc2)n1,96.5
CCN(Cc1cc(C(F)(F)F)ccc1-c1cc(CC(=O)O)ccc1OC)C(=O)NCc1ccccc1,98.29
CS(=O)(=O)Cc1ccc2ccn(-c3cc(NC4CC4)n4ncc(C#N)c4n3)c2c1,98.21
O=C(Nc1cc(-c2ccncc2)c[nH]c1=O)C(Cc1ccccc1)NC1(c2ccccn2)CC1,97.13
CCC(c1ccc(C(=O)O)c(Oc2cccc(Cl)c2)c1)N1CCCC(n2cc(C)c(=O)[nH]c2=O)C1,98.21
N#CC1=C2C(=NC1=O)c1cccc3c(N4CCSCC4)ccc2c13,98.61
COc1cc2ncnc(Nc3ccc(F)c(Cl)c3)c2cc1NC(=O)C=CCN1CCCCC1,98.21
COc1cc(Nc2nc3c(c(Cc4ccccc4)n2)CN(CCO)CC3)ccc1-n1cnc(C)c1,98.09
C=CC(=O)Nc1cccc(CN2C(=O)N(c3c(Cl)c(OC)cc(OC)c3Cl)Cc3cnc(NCCCCN(CC)CC)nc32)c1,98.0
CCS(=O)(=O)c1ccc(-c2cc(Cl)ccc2OCC(=O)O)c(Cl)c1,97.32
O=C(Nc1ccccc1F)NC1N=C(c2ccccc2)c2ccccc2NC1=O,97.38
COC1CN(CCn2c(=O)ccc3ccc(C#N)cc32)CCC1NCc1ccc2c(n1)NC(=O)CO2,46.55
CCNC(=O)c1cc2c(-n3ccc(C(F)(F)F)n3)c(-c3cncc(-c4n[nH]c(=O)o4)c3)cnc2[nH]1,95.63
CC1CN(Cc2cc(Cl)ccc2OCC(=O)O)CCN1C(=O)Cc1ccc(Cl)cc1,98.13
O=C(CN1CCN(CCC2CCOCC2)CC1)NC12CC3CC(CC(C3)C1)C2,47.12
CN1CCN(C(=O)c2cc(Cc3n[nH]c(=O)c4ccccc34)ccc2F)CC1,71.05
Cc1ccc(NC(=O)c2ccc(C#N)cc2)cc1-n1cnc2ccc(N3CCN(C)CC3)cc2c1=O,68.13
CC(NC(=O)Cc1cc(F)cc(F)c1)C(=O)NC1C(=O)N(C)c2ccccc2-c2ccccc21,99.01
CC(O)(C(=O)Nc1ccc(S(=O)(=O)N2CCOCC2)cc1)C(F)(F)F,62.94
CCNC(=O)Nc1nc2cc(-c3cccnc3)ccc2[nH]1,98.21
CCn1cc(CNC(=O)c2cc(-c3ccc(C)cc3)nc3ccc(Br)cc23)c(C)n1,99.89
CC#CC1(O)CCC2C3CCC4=CC(=O)CCC4=C3C(c3ccc(N(C)C)cc3)CC21C,99.85
CCOc1nc2ccc(OCCC3CCN(c4ccc(C)nn4)CC3)cc2o1,99.72
COc1cc(C(=O)NCC(O)CN2CCC(Oc3ccc(Cl)c(Cl)c3)CC2)ccc1N,99.68
COCCN(c1cccnc1)P(=O)(c1ccccc1)c1ccccc1,91.28
CC(O)(C(=O)Nc1cccc(S(=O)(=O)c2ccccc2)c1)C(F)(F)F,90.91
O=C(O)c1c(O)c(Cc2ccc(Cl)cc2)nc2c3c(ccc12)CCCC3,99.93
CCOc1cc(CN2CCC(NC(=O)c3cncc(C)c3)CC2)cc(OCC)c1-c1ccc(F)cc1,98.51
Cc1cn(C2CCCN(C(CC3CCOCC3)c3ccc(C(=O)O)c(Oc4cccc(Cl)c4)c3)C2)c(=O)[nH]c1=O,89.27
CCN1CCCC1CNC(=O)c1c(O)c(Cl)cc(Cl)c1OC,89.05
COCCC(=O)NC(C)c1ccc(Nc2ncc3cc(-c4ccncc4)ccc3n2)cc1,98.61
CCC(=O)OC1(C(=O)SCF)C(C)CC2C3CC(F)C4=CC(=O)C=CC4(C)C3(F)C(O)CC21C,98.09
CN(C)c1ccccc1S(=O)(=O)NC(=O)N1CCC(N2CCC(Oc3ccc(Cl)c(Cl)c3)CC2)CC1,98.25
Cc1onc(-c2c(Cl)cccc2Cl)c1NC(=O)OCc1c(F)cccc1Cl,99.8
COc1ccccc1C(=O)Nc1ccc(Cc2ccncc2)cc1,99.76
CC(C(=O)OC1C[N+]2(CCCc3cc4ccccc4s3)CCC1CC2)(c1ccccc1)N1CCCCC1,99.68
Cc1ccc(-n2nc(C(C)(C)C)cc2NC(=O)Nc2ccc(OCCN3CCOCC3)c3ccccc23)cc1,99.66
C=CC1(C)CC(=O)C2(O)C(C)(O1)C(OC(C)=O)C(O)C1C(C)(C)CCC(O)C12C,84.0
O=C(Nc1ccc(Cl)c(C(=O)Nc2cncs2)c1)c1cccc(Cl)c1,99.8
c1ccc2[nH]c(CCc3nc4ccccc4[nH]3)nc2c1,84.0
Cc1noc(NS(=O)(=O)c2ccc(N)cc2)c1C,91.28
CC(C)(Cc1cccc(CC(=O)NCc2cccc(-c3ccc(O)cc3)c2)c1)NCC(O)c1ccc(O)c(NS(C)(=O)=O)c1,99.47
O=c1cc(N2CCOCC2)nc2n(Cc3cccc(Cl)c3)ccn12,89.91
CCCCCCCC(=O)NC(CCN)C(=O)NC(C(=O)NC(C)C(=O)NC1CCNC(=O)C(C(C)O)NC(=O)C(CCN)NC(=O)C(CCN)NC(=O)C(CC(C)C)NC(=O)C(Cc2ccccc2)NC(=O)C(CCN)NC1=O)C(C)O,88.82
Nc1ncnc2c1c(COc1cccc(Cl)c1)nn2C1CCOCC1,95.23
NC1=NC(c2cccc(-c3cncnc3)c2)(c2ccnc(C(F)(F)F)c2)c2cccc(F)c21,95.43
Cc1ncccc1Oc1ncnc(OC2CCN(C(=O)OC(C)C)CC2)c1C,99.21
COc1cc2nc(N3CCN(C(=O)c4ccco4)CC3)nc(N)c2cc1OC,96.0
Cc1ncc(NC(=O)c2cc(NC(=O)c3cccc(Cl)c3)ccc2Cl)s1,99.8
Cc1ccc2c(c1)c(-c1ccnc3cc(Cl)ccc13)c(C)n2CC(=O)O,99.82
O=c1[nH]c2c(O)ccc(C(O)CNC3CCCC3OCc3ccccc3)c2s1,93.1
CCOc1cc2ncc(C(N)=O)c(Nc3cc(F)ccc3F)c2cc1N1CCN(C)CC1,92.64
Cc1ccc(S(=O)(=O)Nc2c(C(=O)NC(C)C(C)(C)C)c(C)nn2C2CCSCC2)cc1,94.68
CC1=NC(c2ccc(F)cc2)(c2cccc(-c3cccnc3)c2)N=C1N,95.12
CCN(Cc1cccc2ccccc12)c1cc(N2CCOCC2)nc(=O)[nH]1,96.42
COc1cc2c(Nc3cccc(Cl)c3Cl)c(C(N)=O)cnc2cc1NCCN(C)C,94.56
COc1cc(OC)c(S(=O)(=O)N(c2ccccc2)c2ccccc2)cc1NC(=O)CCC(=O)O,90.72
Cc1ccc(CO)cc1N(C)c1ccnc(Nc2cc(N3CCCOCC3)cc(N3CCOCC3)c2)n1,94.44
CC12Cc3cnn(-c4ccc(F)cc4)c3C=C1CCC2(O)CCc1ccc(F)cc1C(N)=O,96.79
N#CCOc1ccccc1-c1ccc(-c2nc3ccncc3c(O)c2C#N)cc1,99.89
O=C(O)COc1ccc([N+](=O)[O-])cc1-c1ccccc1,99.59
c1cc(-c2ccc3nc(Nc4ccc(OCCN5CCCC5)cc4)ncc3c2)ccn1,97.2
CCCN(c1ccon1)P(=O)(c1ccccc1)c1ccccc1,96.26
Cn1cc(C2=C(c3cn(C4CCN(Cc5ccccn5)CC4)c4ccccc34)C(=O)NC2=O)c2ccccc21,99.83
Cc1cc(C(C)Nc2ccccc2)c2nc(N3CCOCC3)cc(=O)n2c1,94.68
N#Cc1cccc(C(=O)NCC(O)CN2CCC(Oc3ccc(Cl)c(Cl)c3)CC2)c1,93.53
Nc1nc2ccc(-c3ccncc3)cc2s1,88.11
O=c1[nH]c(C2CCCN2)nc2c1oc1ccc(Br)cc12,94.9
CNC(C)C(=O)NC(C(=O)NC1CCCN(CCc2ccccc2F)C1)C1CCCCC1,73.81
Cn1cnc([N+](=O)[O-])c1Sc1ncnc2nc[nH]c12,67.63
COc1ccccc1CCNCc1ccc(CCNCC(O)c2ccc(O)c3[nH]c(=O)sc23)cc1,95.53
CC(C)(C)NC(=O)C1CC2CCCCC2CN1CC(O)C(Cc1ccccc1)NC(=O)C(CC(N)=O)NC(=O)c1ccc2ccccc2n1,98.86
COc1ccc2nc(C)cc(N3CC(CNC(=O)C4CC4)OC3=O)c2c1,67.63
Cc1cc(Nc2nc(OC(C)c3ncc(F)cn3)ncc2Cl)n[nH]1,75.12
Cc1ccccc1-n1c(Cn2cnc3c(N)ncnc32)nc2cccc(C)c2c1=O,98.64
O=C(O)COn1c(-c2ccccc2)nc2ccc([N+](=O)[O-])cc21,98.61
CN1C(=O)CN=C(c2ccccc2)c2cc(Cl)ccc21,98.61
Cc1cn(C2CCCN(C(C)c3ccc(C(=O)O)c(Oc4cccc(Cl)c4)c3)C2)c(=O)[nH]c1=O,98.44
COc1c(C)c2c(c(O)c1CC=C(C)CCC(=O)O)C(=O)OC2,98.4
CNC(=O)c1cc(C(=O)c2ccc(Cl)cc2)c(Br)[nH]1,98.61
Cc1ccc(CO)cc1N(c1ccnc(Nc2cc(N3CCOCC3)cc(S(C)(=O)=O)c2)n1)C(C)C,95.91
CC(C)COc1ccc(-c2cc(O)nc(N)n2)cc1C#N,95.91
COc1cnc(-c2ccccn2)nc1N(C)c1ccccc1,96.0
CC(NC(=O)c1cc(O)nc2ccccc12)c1ccccc1,64.01
CCC(CC)NC(=O)c1c(C)nn(C(C)C)c1NS(=O)(=O)c1ccc(C)cc1,96.5
O=C1CCc2cc(-c3cncc4ccccc34)ccc2N1,96.42
O=c1[nH]c2ccccc2n1CCCN1CCC(n2c(=O)[nH]c3cc(Cl)ccc32)CC1,96.65
CCOc1cc2ncc(C(N)=O)c(Nc3ccc(F)cc3F)c2cc1N1CCCN(C)CC1,69.61
COc1ccccc1OC(c1ccccc1)C1CNCCO1,69.12
COc1ccc(CCN2C(=O)N(NS(C)(=O)=O)CC2c2ccc(OC)cc2)cc1,95.23
O=C1N(c2ccccc2)c2ccccc2C1(Cc1ccncc1)Cc1ccncc1,99.6
C[N+](C)(Cc1ccc(NC(=O)c2ccc(Cl)c(Cl)c2)cc1)C1CCOCC1,82.05
N#Cc1cnn2c(N)cc(-c3ccccc3)nc12,95.01
COc1ccc2c(Oc3ccc(CC(=O)Nc4cn(C)nc4C)c(OC)c3)ccnc2c1,98.89
O=C(CCS(=O)(=O)c1ccc(Br)cc1)Nc1ccc2c(c1)OCO2,98.81
CC(C)Oc1cc(Nc2nc(NC(C)c3ccc(F)cc3)nc(NC(CO)CO)c2Cl)n[nH]1,96.42
Cc1c(N)cccc1Cn1ccc(OCCc2cccs2)cc1=O,95.01
CCOc1cc2nnc(C(N)=O)c(Nc3ccc(F)cc3F)c2cc1N1CCN(C)CC1,96.17
Cc1ccc(NC(=O)c2cccc(C(C)(C)C#N)c2)cc1C(=O)Nc1cnc(N)c(Cl)c1,96.09
Cc1nn(-c2ccccc2)c(N)c1-c1ccccc1,98.7
O=S(=O)(NC(CO)C(C(F)(F)F)C(F)(F)F)c1ccc(Cl)s1,90.91
CC(C(=O)OC1CC[N+](C)(C)C1)(c1ccccc1)C1CCCC1,77.21
Nc1ncnc2c1ncn2C1OC(CSCCCNC(=O)NCc2ccccc2)C(O)C1O,84.6
CC1=C2CC3C(CC=C4CC(O)CCC43C)C2CCC12OC1CC(C)CNC1C2C,93.24
Cc1ccc(C(=CCN2CCCC2)c2ccccn2)cc1,35.46
O=C(O)c1cn(C2CC2)c2cc(N3CCNCC3)c(F)cc2c1=O,34.42
COc1ccccc1-c1csc(-n2ncc(C#N)c2N)n1,40.89
Cc1cn(C2CCCN(S(=O)(=O)c3ccc(O)c(Oc4cccc(Br)c4)c3)C2)c(=O)[nH]c1=O,98.61
CCCCNc1cc(C(=O)O)cc(S(N)(=O)=O)c1Oc1ccccc1,98.44
Cc1nnc(-c2ccc(N3CCC(Oc4cc(F)ccc4Cl)CC3)nn2)o1,98.21
Cc1ccc(-c2ccc3c(ccc4sc5c(c43)NCC(C)NC5=O)n2)cn1,84.9
O=C(Nc1ccc(N2CCNCC2)cc1)c1ccc(-c2ccc(Cl)cc2)o1,97.32
O=C1Nc2ccc(Cl)cc2C(c2ccccc2)=NC1O,96.17
CC(C(=O)OC1C[N+]2(CCCc3ccc4ncsc4c3)CCC1CC2)(c1ccccc1)N1CCCCC1,95.72
COc1cc2nnc(C(N)=O)c(Nc3ccc(F)cc3F)c2cc1OC,95.53
O=S(=O)(CCCOCCc1ccccc1)CCNCCc1ccc(O)c2nc(O)sc12,94.44
CC(Nc1ncc(Cl)c(Nc2cc(C3CC3)[nH]n2)n1)c1ncc(F)cn1,94.32
CN(C)CCOc1cc(NS(=O)(=O)c2c(Cl)cc(C(F)(F)F)cc2Cl)ccc1Cl,99.71
CN(C)CCCN1c2ccccc2Sc2ccccc21,89.91
CC(c1nc2ncccc2c(=O)n1-c1ccc(Cl)cc1)N(CC1CCS(=O)(=O)CC1)C(=O)Cc1ccc(C(F)(F)F)c(F)c1,89.05
CC#Cc1cncc(-c2csc(C3(C)CC(=O)N(C)C(=N)N3)c2)c1,88.11
COc1cccc2c(-c3c(C)n(CC(=O)O)c4ccc(C)cc34)ccnc12,98.21
CC(=O)Nc1ccc2ccn(-c3cc(NC4COC4)n4ncc(C#N)c4n3)c2c1,87.62
COc1ccc2c(c1)N(CCN1CCC(NCc3ccc4c(n3)NC(=O)CO4)CC1)C(=O)CO2,88.82
COc1ncc(-c2cccc3c2CC(NC(=O)c2ccc(COCC(F)(F)F)nc2)CO3)cn1,96.34
CCCNC(=O)NS(=O)(=O)c1ccc(Cl)cc1,96.0
COc1ccnc(CCc2nc3cc(Br)cnc3[nH]2)c1,95.91
CS(=O)(=O)c1ccc(-c2cc(C(F)(F)F)ccc2OCC(=O)O)c(Cl)c1,95.82
NC(=O)c1c(OC2CCN(CC(O)CNC(=O)c3c[nH]c(=O)c4ccccc34)CC2)ccc(Cl)c1Cl,78.79
CNc1c(Br)cnc2[nH]c(-c3cccc(N)c3)nc12,90.12
O=C1CN(C(=O)c2ccco2)C(c2ccccc2)c2cc(Cl)ccc2N1,89.91
CC(=O)Nc1nc(CCc2ccc(NC(=N)N)cc2)cs1,53.45
COc1nc(Br)cnc1NS(=O)(=O)c1ccc(Cl)s1,99.87
COc1ccc(N(C(=O)Oc2c(C)cccc2C)c2ccnc(Nc3ccc(N4CCN(C)CC4)cc3)n2)c(OC)c1,99.83
Nc1[nH]ncc1-c1cc(Cl)ccc1Oc1cc(F)c(S(=O)(=O)Nc2cscn2)cc1Cl,99.76
Cc1ccc(C(=O)c2ccc(CC(=O)O)n2C)cc1,99.72
c1ccc2[nH]c(CCCc3nc4ccccc4[nH]3)nc2c1,99.69
CNC(C)C(=O)NC(C(=O)NC1CCCN(CCc2ccc(C(F)(F)F)cc2)C1)C(C)(C)C,90.72
CC(C)(C)OC(=O)NCC1CCC(CNC(=O)c2cc(-c3ccccc3)nc3ccccc23)CC1,99.92
Cc1ccc(S(=O)(=O)NCCSc2nnnn2-c2ccc(C(N)=O)cc2)cc1,89.91
CN(CCNCCc1ccc(O)c2nc(O)sc12)C(=O)CCOCCc1ccccc1,89.27
CNc1c(Br)cnc2[nH]c(-c3ccc(OCCN4CCCCC4)cc3)nc12,88.82
CCOc1cc2ncc(C(N)=O)c(Nc3ccc(F)cc3F)c2cc1N1CCC(O)CC1,91.1
CN(CCCOCCOCCc1ccccc1)CCc1ccc(O)c2nc(O)sc12,90.12
Cc1c(Oc2ccc(Cl)cc2)c2c(NS(C)(=O)=O)cccc2n1CC(=O)O,96.26
CCC(c1ccc(C(=O)O)c(Oc2cccc(Cl)c2)c1)N1CCCC(n2cc(C)c(=O)[nH]c2=O)C1,96.17
Cc1ccc(-c2csc3ncnc(O)c23)cc1,96.09
CC(C)(C)S(=O)(=O)NC1CCC(C(=O)Nc2ccc(C(F)(F)F)cn2)CC1,95.91
CCS(=O)(=O)c1ccc(-c2cc(C(F)(F)F)ccc2OC(C)C(=O)O)c(C)c1,95.82
CNCCC(Oc1ccc(C(F)(F)F)cc1)c1ccccc1,95.72
CC(=O)Nc1ccc2ccn(-c3cc(NCCN4CCOCC4)n4ncc(C#N)c4n3)c2c1,88.82
Cc1cc(Nc2cncc(NC(C)c3ccc(F)cn3)n2)n[nH]1,78.01
COc1ccc2c(c1)N(CCN1CCC(NCc3cc4c(cn3)OCCO4)CC1)C(=O)CO2,82.39
Cc1cc(C2(c3cccc(-c4cncnc4)c3)N=C(N)c3c(F)cccc32)cn(C)c1=O,81.01
CC(C)(C)NS(=O)(=O)c1cncc(-c2ccc3nc(NC(=O)NCC(=O)N4CCCC4)nn3c2)c1,67.12
CC(C)(C(=O)O)c1ccc(C(O)CCCN2CCC(C(O)(c3ccccc3)c3ccccc3)CC2)cc1,62.94
CN(Cc1cnc2nc(N)nc(N)c2n1)c1ccc(C(=O)NC(CCC(=O)O)C(=O)O)cc1,46.55
N=C(N)c1ccc(CNC(=O)C2(NC(=O)C(NCC(=O)O)C3CCCCC3)Cc3ccccc3C2)cc1,45.98
CNC(C)C(=O)NC(C(=O)NC1CCCN(C(=O)c2ccccc2)C1)C1CCCCC1,44.84
COc1cc(C)c(S(=O)(=O)N(C)CCOCC(=O)N2CCN(C3CCN(C)CC3)CC2)c(C)c1,42.01
CCOc1ccc(NC(C)=O)cc1,34.94
O=C(Nc1ccc(Cl)c(C(=O)Nc2cncs2)c1)c1cccc(C(F)(F)F)c1,99.6
Cc1ccc2c(c1)c(-c1cc(C)nc3ccccc13)c(C)n2CC(=O)O,99.6
CC(C)c1nc2ccccc2n1-c1nc(N2CCOCC2)c2nc(OC3CN(C4CCS(=O)(=O)CC4)C3)n(C)c2n1,78.01
CNc1cc2[nH]c(=O)n(-c3ccc(NC(=O)NS(=O)(=O)c4ccc(Cl)s4)cc3)c(=O)c2cc1F,99.58
CCCN(c1cccc(C#N)c1)P(=O)(c1ccccc1)c1ccccc1,99.44
O=C(O)C(c1ccccc1)N1CCOC(CN2CCC(Oc3ccc(Cl)c(Cl)c3)CC2)C1,99.36
CC(NC1=CC(=O)CNC1)c1ccc(Nc2ncc3cc(-c4ccncc4)ccc3n2)cc1,96.42
O=C(NCc1ccc(OC(F)(F)F)cc1)C1c2ccccc2C(=O)N1CCc1ccccn1,96.42
CC(C(N)=O)c1ccc(OS(=O)(=O)C(F)(F)F)cc1,86.59
c1cncc(Nc2ncc(-c3ccncn3)c(-c3ccco3)n2)c1,86.05
COc1ccccc1C(=O)C=Cc1ccccc1C(F)(F)F,99.91
CS(=O)(=O)c1ccc2c(c1)N(CCN1CCC(NCc3ccc4c(n3)NC(=O)CO4)CC1)C(=O)CO2,85.48
CC(=O)Nc1ccc2cnn(-c3cc(NC4CC4)n4ncc(C#N)c4n3)c2c1,98.09
COCCNC(=O)c1ccc(Nc2ncc3cc(-c4cnccc4C)ccc3n2)cc1,97.38
Cc1ccc(S(=O)(=O)Nc2c(C(=O)N(C)C3CCCCC3)cnn2-c2ccccc2)cc1,98.29
O=P(c1ccccc1)(c1ccccc1)N(Cc1ccccn1)c1cccnc1,97.66
CC(CS)C(=O)N1CCCC1C(=O)O,90.12
CN(C)CCCN1c2ccccc2CCc2ccccc21,87.87
COc1cc(OC)c(S(=O)(=O)N2c3ccccc3CCC2C)cc1NC(=O)CSCC(=O)O,87.37
Cc1nc(C)c(-c2ccc(C3CCC(CC(N)=O)CC3)cc2)nc1C(N)=O,87.11
N#Cc1ccc(C(=O)N2CCC3(CC2)N=C(N)c2c(F)ccc(F)c2N3)cn1,86.59
COc1cccc(CNCc2cccc(CCNCC(O)c3ccc(O)c4[nH]c(=O)sc34)c2)c1,86.32
CCNC(=O)c1cc2c(-n3ccc(C(F)(F)F)n3)c(-c3cncc(C(=O)NC)c3)cnc2[nH]1,85.19
COCCOc1cc2ncc(C(N)=O)c(Nc3ccc(C)cc3F)c2cc1N1CCN(C)CC1,84.9
COc1cnc(-c2ccccn2)nc1N(C)C,83.68
COc1cc2c(ccc(=O)n2CCN2CCC(NCc3cc4c(cn3)OCCO4)CC2)cn1,83.37
CCCc1nn(C)c2c(=O)[nH]c(-c3cc(S(=O)(=O)N4CCN(C)CC4)ccc3OCC)nc12,95.53
Cc1cc(Nc2nc(NC(C)c3ccc(F)cn3)c(C#N)cc2Cl)n[nH]1,96.42
O=C(NC(Cc1ccc(Cl)cc1)C(=O)N1CCC(Cn2cncn2)(C2CCCCC2)CC1)C1Cc2ccccc2CN1,99.3
Nc1ccc(OCCc2ccccc2)cc1,96.57
Cc1cc(C(O)C(C)(OCc2ccc(-c3ccccc3)cc2)C(=O)NO)no1,96.72
O=C(NCC(O)CN1CCC(Oc2ccc(Cl)c(Cl)c2)CC1)c1c[nH]c(=O)c2ccccc12,98.17
Cc1cn(C2CCCN(Cc3ccc(C(=O)O)c(Oc4cccc(Br)c4)c3)C2)c(=O)[nH]c1=O,98.09
O=C(O)C=Cc1cccc(-c2cnc3[nH]ccc3c2)c1,97.81
Cc1onc(-c2ccccc2)c1-c1ccc(S(N)(=O)=O)cc1,97.55
CC(=O)Nc1cnc2ccn(-c3cc(NC4CC4)n4ncc(C#N)c4n3)c2c1,97.49
Cc1ncsc1C(=O)N(Cc1cc(=O)[nH]c2c(F)cccc12)c1cccc(Cl)c1,97.91
Oc1nc(-c2ccc(C(F)(F)F)cc2)nc2c1CSCC2,97.6
CCN(CC)CCCC(C)Nc1c2ccc(Cl)cc2nc2ccc(OC)cc12,88.59
COc1cc(OC)c(S(=O)(=O)NCc2ccccc2N2CCC(CC(=O)O)CC2)cc1NC(=O)CCC(=O)O,91.28
Cc1c(F)cc(C(=O)NC2CC2)cc1-c1ccc(C(=O)NCC(C)(C)C)cn1,88.11
Cc1cc(C)c(S(=O)(=O)NCc2ccncc2)c(C)c1,86.05
CNc1nc(C)c(-c2nc(Nc3cccc(N4CCNCC4)c3)ncc2C#N)s1,86.05
CS(=O)(=O)c1ccc(-c2cc(Cl)ccc2OCC(=O)O)c(Cl)c1,97.49
CC(CO)Nc1nc(SCc2ccccc2)nc2[nH]c(=O)sc12,99.71
COc1ccc(CNC(=O)Nc2ncc([N+](=O)[O-])s2)cc1,99.68
CN(C)c1ccc(S(=O)(=O)NC(=O)N2CCC(N3CCC(Oc4ccc(Cl)c(Cl)c4)CC3)CC2)cc1,99.83
CN(C)c1cc(NC(=O)Nc2cccc(Cl)c2)c2ccccc2n1,99.86
COCCOC(=O)C1=C(C)NC(C)=C(C(=O)OC(C)C)C1c1cccc([N+](=O)[O-])c1,98.17
N#CCNC(=O)c1ccc(-c2ccnc(Nc3ccc(N4CCOCC4)cc3)n2)cc1,89.7
CCOc1cc2nnc(C(N)=O)c(Nc3cc(C)ccc3F)c2cc1N1CCN(C)CC1,89.27
COc1ccc(CCN(C)CCCC(C#N)(c2ccc(OC)c(OC)c2)C(C)C)cc1OC,89.27
CNCCC=C1c2ccccc2CCc2ccccc21,86.85
COCCC(Oc1ncnc2c1cnn2-c1ccccc1OC)C(=O)Nc1ccc(C)cn1,86.05
COc1ccc2nc(NC(=O)CCc3ccc(OC)c(OC)c3)sc2c1,99.94
COc1nc(Cl)c(Cl)nc1NS(=O)(=O)c1ccc(Cl)s1,99.92
COc1ccc(C2(O)CCC(N3CCC(NC(=O)CNC(=O)c4cccc(C(F)(F)F)c4)C3)CC2)cn1,78.79
O=C(O)CNC(=O)c1ncccc1O,76.81
COc1cc(Nc2cc(N3CCOCC3)nc(NC(C)c3ncc(F)cn3)n2)n[nH]1,72.45
CCS(=O)(=O)c1ccc2c(c1)N(CCN1CCC(NCc3ccc4c(n3)NC(=O)CO4)CC1)C(=O)CO2,69.61
COc1cc(-n2cnc3cc(-c4ccc(Cl)cc4)sc3c2=O)ccc1OCC(O)C1CC1,99.79
O=C(CSc1nc2c(c(=O)n1-c1ccccc1)SCC2)Nc1ncc(-c2ccccc2)s1,99.77
CN(C(=O)Cc1ccc(-n2cnnn2)cc1)C1CCN(Cc2ccc(C(F)(F)F)cc2)CC1,91.28
CCN(CCO)C(=O)c1cc2cccnc2n1-c1cccc(C(F)(F)F)c1,90.72
CCN1CCN(C(=O)NC(C(=O)NC2C(=O)N3C(C(=O)O)=C(CSc4nnnn4C)CSC23)c2ccc(O)cc2)C(=O)C1=O,90.12
O=C(NCC1(O)CCCCCC1)c1cc(-n2ncc(=O)[nH]c2=O)ccc1Cl,75.97
CC(C)Cn1c(=O)n(C)c(=O)c2c(C(=O)N3CC(O)CO3)c(Cc3c[nH]c4ncccc34)sc21,75.55
Cc1ccc2c(c1)c(Sc1cccc(Cl)c1)c(C)n2CC(=O)O,99.64
O=C(Nc1cccc2cccnc12)c1ccc(N2C(=O)C3C4C=CC(C4)C3C2=O)cc1,98.89
Cc1cn(C2CCCN(C(CC(C)C)c3ccc(C(=O)O)c(Oc4cccc(Cl)c4)c3)C2)c(=O)[nH]c1=O,98.89
COc1cc(NC(=O)Nc2cccc(CNC(=O)OC3CCOC3)c2)ccc1-c1cnco1,98.7
CNC(C)C(=O)NC(C(=O)NC1CCCN(C2CCCc3ccccc32)C1)C1CCCCC1,93.24
CC(C)Oc1cc(-n2cnc3ccc(NC(CO)c4ccc(F)cn4)nc32)n[nH]1,91.82
COc1ccc(NC(=O)c2ccc(C[S+](C)[O-])c3ccccc23)c(C(=O)NCC2CCOCC2)n1,94.56
CC1=NC(c2cccc(-c3cncc(Cl)c3)c2)(C2CC2)N=C1N,93.53
O=C(NCc1ccc(OC(F)(F)F)cc1)C1c2ccccc2C(=O)N1C1CCOCC1,90.52
Cc1nnc(SCC2=C(C(=O)O)N3C(=O)C(NC(=O)Cn4cnnn4)C3SC2)s1,90.32
CC1CC1CNc1cc(C(=O)NC(Cc2ccccc2)C(N)CF)cc(N(C)S(=O)(=O)C(C)C)n1,95.53
O=c1cc(N2CCOCC2)nc(NCc2c(Cl)cccc2Cl)[nH]1,96.0
O=C(Nc1ccc(Cl)nc1)c1ccc(F)c(F)c1,90.72
CCOC(=O)Nc1ccc(NCc2ccc(F)cc2)cc1N,86.05
C=CC1CN2CCC1CC2C(O)c1ccnc2ccc(OC)cc12,85.48
Cc1cc(Nc2nc(OC(C)c3ccc(F)cn3)c(C#N)nc2C)n[nH]1,94.06
COc1ccc(C2(c3cccc(-c4cncnc4)c3)N=C(C)C(N)=N2)cc1C,93.8
CNC(C)C(=O)NC(C(=O)NC1CCCN(CCc2ccc(Cl)cc2)C1)C(C)(C)C,97.07
COc1cc(OC)c(S(=O)(=O)N2c3ccccc3CCC2C)cc1NC(=O)CSc1ccncc1,97.07
Cc1cn(C2CCCN(Cc3ccc(C(=O)O)c(Oc4cccc(C(F)(F)F)c4)c3)C2)c(=O)[nH]c1=O,97.07
COc1cnc(-c2cccc(F)c2C(F)(F)CNC(=O)c2ccc(COCC(F)(F)F)nc2)cn1,96.72
CC(C)Oc1cc2ncc(C(N)=O)c(Nc3ccc(Cl)c(Cl)c3)c2cc1N1CCN(C)CC1,99.01
CNC(C)C(=O)NC1CN(C(=O)CC(C)C)CCC2CCC(C(=O)NC(c3ccccc3)c3ccccc3)N2C1=O,74.69
CC(C)N(CCCNC(=O)Nc1ccc(C(C)(C)C)cc1)CC1OC(n2cnc3c(N)ncnc32)C(O)C1O,71.53
CS(=O)(=O)c1ccc2c(C(=O)NCC(O)CN3CCC(Oc4ccc(Cl)c(Cl)c4)CC3)c[nH]c(=O)c2c1,90.32
CS(=O)(=O)c1ccc2c(C(=O)NCC(O)CN3CCC(Oc4ccc(C#N)c(Cl)c4)CC3)c[nH]c(=O)c2c1,68.13
CNc1c(C(N)=O)cnc2[nH]c(-c3ccc(OCCN4CCOCC4)cc3)nc12,78.79
Cc1cc(Nc2nc(NC(C)c3ncc(F)cn3)nc(N3CCOCC3)c2Cl)n[nH]1,77.21
CN(C)c1nc(Cc2ccc(NC(=O)c3ccc(C(F)(F)F)cc3)cc2)nc(N(C)C)c1CC(=O)O,99.61
Cc1cc(-c2ccc(-c3nc4ccncc4c(O)c3C#N)cc2)ccn1,99.59
CN(C)S(=O)(=O)NC(=O)CCCc1c(-c2ccc(F)cc2)[nH]c2ccc(C#N)cc12,99.59
CC(C)NC(=O)c1ccc2c(Nc3ccc(Cl)cc3)nc(N3CCOCC3)nc2c1,99.49
CC(C)Oc1ccc2c(=O)c(-c3ccccc3)coc2c1,99.47
CCc1nc2cc(O)ccc2c(Oc2ccc(C=CC(=O)O)cc2)c1-c1ccccc1,99.44
O=C1COc2nccc(-c3ccccc3F)c2CN1Cc1cc(C(F)(F)F)cc(C(F)(F)F)c1,99.37
COc1cccc(S(=O)(=O)c2c(C)n(CC(=O)O)c3ccc(C)cc23)c1,99.37
CC(=O)CC(c1ccccc1)c1c(O)c2ccccc2oc1=O,99.31
CC(C)(C)OC(=O)NCC1CCC(CNC(=O)c2cc(N3CCC(CCO)CC3)nc3ccccc23)CC1,99.3
CCC(CC)NC(=O)c1nnn(-c2ccccc2)c1NS(=O)(=O)c1ccc(C)cc1,99.28
CC(C)C(C(=O)Nc1nccs1)c1ccc(Cl)cc1,99.26
COc1cc2ncc(C(N)=O)c(Nc3ccccc3C)c2cc1OC,99.19
Cc1ccc(S(=O)(=O)Nc2c(C(=O)NCC(C)(C)C)c(C)nn2-c2ccccc2)cc1,99.18
CCNC(=O)C1OC(n2cnc3c(NCC(c4ccccc4)c4ccccc4)nc(C(=O)NCCNC(=O)NC4CCN(c5ccccn5)CC4)nc32)C(O)C1O,99.1
COc1ncc(-c2ccccc2C(F)(F)CNC(=O)c2ccc(COCC(F)(F)F)nc2)cn1,99.01
CCCC(C)(C)CC(c1ccc(C(=O)O)c(Oc2cccc(Cl)c2)c1)N1CCCC(n2cc(C)c(=O)[nH]c2=O)C1,99.01
Cc1ccc(CNC(=O)CCS(=O)(=O)c2ccc(Br)cc2)cc1,98.7
CCCCC(NC(C)=O)C(=O)NC1CC(=O)NCCCCC(C(=O)O)NC(=O)C(Cc2c[nH]c3ccccc23)NC(=O)C(CCCNC(=N)N)NC(=O)C(Cc2ccccc2)NC(=O)C(Cc2cnc[nH]2)NC1=O,27.09
CC1N=C(N)N=C(N)N1c1ccc(Cl)cc1,25.31
O=C1COc2ccc(CNC3CCN(CCN4C(=O)COc5ccc(F)cc54)CC3)nc2N1,83.04
O=C(CO)N1CCC(c2[nH]nc(-c3ccc(Cl)cc3F)c2-c2ccncn2)CC1,74.69
CC(C)Oc1cc(Nc2nc(NC(C)c3ccc(F)cn3)nc(OC(CO)CO)c2Cl)n[nH]1,82.39
COc1ccc2ncc(=O)n(CCN3CCC(NCc4ccc5c(n4)NC(=O)CO5)C(OC)C3)c2c1,82.05
Cc1ccc(S(=O)(=O)Nc2c(C(=O)NC(C)C(C)(C)C)c(C)nn2C2CCOCC2)cc1,79.17
CC(Nc1ncc(F)c(Nc2cc(C3CC3)[nH]n2)n1)c1ncc(F)cn1,77.62
N#Cc1ccc2c(c1)NC(=O)C2c1ncnc2cc(OCCCN3CCOCC3)ccc12,98.7
CN1CCN(c2ccc3ncc(C(N)=O)c(Nc4ccc(Cl)c(Cl)c4)c3c2)CC1,94.19
Clc1ccc(C(c2ccccc2)N2CCNCC2)cc1,94.19
C[N+]1(C)CCC(OC(=O)C(O)(c2ccccc2)C2CCCC2)C1,28.95
CC(C)c1ccc(C=NNC(=O)c2ccc(O)cc2)cc1,94.32
COc1cc2nnc(C(N)=O)c(Nc3cc(C)ccc3F)c2cc1N1CCN(C)CC1,92.95
CCC(N)C(=O)NC(C#N)Cc1ccc(-c2ccccc2)cc1,91.99
CN1C(=N)NC(C)(c2cc(-c3cccc(C#N)c3)cs2)CC1=O,91.64
CC(C)Cn1c(=O)n(C)c(=O)c2c(C(=O)N3CC(O)CO3)c(Cc3ccccc3C(F)(F)F)sc21,94.79
N#Cc1ccc(CC(C(=O)O)N2CCC(CN3CCC(Oc4ccc(Cl)c(Cl)c4)CC3)CC2)cc1,94.79
CCc1nc2c(N)nc3ccccc3c2n1CCCCNS(C)(=O)=O,66.61
COCCOc1cc2ncc(C(N)=O)c(Nc3cccc(Cl)c3F)c2cc1N1CCN(C)CC1,60.77
N#Cc1ccc(Cl)cc1SC(CCN)c1ccccc1,41.45
N#Cc1ccc2[nH]c(-c3ccc(F)cc3)c(CCCC(=O)NS(N)(=O)=O)c2c1,98.54
CCOc1cc2ncc(C(N)=O)c(Nc3cccc(Cl)c3Cl)c2cc1N1CCN(CCOC)CC1,98.29
Cc1c(Cl)ccc(OC2CCN(CC(O)CNC(=O)c3c[nH]c(=O)c4ccc(S(C)(=O)=O)cc34)CC2)c1Cl,92.32
O=c1cc(N2CCOCC2)nc(NCc2cccc(Cl)c2)[nH]1,92.95
O=C(NCC1CCCCN1)c1cc(OCC(F)(F)F)ccc1OCC(F)(F)F,38.14
CC(C)(C)NCC(O)COc1nsnc1N1CCOCC1,40.34
O=C1NCCc2[nH]c(-c3ccncc3)cc21,41.45
O=C(NCC12CC3CC(CC(C3)C1)C2)c1cc(CC2CCNCC2)ccc1Cl,91.28
Cc1cc(Oc2ncc(C(F)(F)F)cc2Cl)ccc1CC1SC(=O)NC1=O,99.94
COc1cccc(C(=O)NCCN2CCC(Oc3ccc(Cl)c(Cl)c3)CC2)c1,99.92
Fc1ccc(-c2cnc(C3CCN(Cc4ccn(-c5ccc(C(F)(F)F)cc5)c4)CC3)[nH]2)cc1,99.91
COc1ccc(Cl)cc1C(=O)NCCc1ccc(S(=O)(=O)NC(=O)NC2CCCCC2)cc1,99.88
Cc1oc(-c2ccccc2)cc1C(=O)Nc1cccc(C(=O)O)c1,99.8
COc1ccc(OC)c(CNC(=O)c2cccnc2Oc2ccccc2)c1,99.8
COc1cc2nnc(C(N)=O)c(Nc3ccc(F)cc3F)c2cc1N1CCN(C)CC1,90.52
COc1ccc2c(c1)N(CCN1CCC(NCc3cc4c(cn3)OCCO4)CC1)C(=O)CS2,90.52
COc1cc2ncc(C(N)=O)c(Nc3cccc(Cl)c3Cl)c2cc1NCCN(C)C,89.7
NS(=O)(=O)c1ccc(N2N=C(c3ccc(Br)cc3)CC2c2ccc(F)cc2)cc1,89.49
COc1ccc(-c2c(C(=O)N3CCCC3CO)cc3cccnn23)cc1,89.05
Clc1ccc2c(c1)C(N1CCNCC1)=Nc1ccccc1O2,89.05
COc1cc(OC)c2nc(C)c3c(c2c1)N(c1ccc(O)cc1)CC3,88.82
O=C(O)C(Cc1ccc(F)cc1)N1CCC(CN2CCC(Oc3ccc(Cl)c(Cl)c3)CC2)CC1,88.59
Cc1oc(CN2CCNCC2)cc1C(=O)NCC12CC3CC(CC(C3)C1)C2,85.19
COCCOc1cc2ncc(C(N)=O)c(Nc3cc(C)ccc3F)c2cc1N1CCN(C)CC1,83.68
COc1cc2c(Nc3ccc(F)cc3F)c(C(N)=O)cnc2cc1NCCN(C)C,55.73
CCOC(=O)c1ncn2c1CN(C)C(=O)c1cc(F)ccc1-2,55.73
CCNC(=O)c1cc2c(-n3nc(C(F)(F)F)cc3C)c(-c3cncc(C(=O)O)c3)cnc2[nH]1,54.59
CCOc1cc2nnc(C(N)=O)c(Nc3cccc(Cl)c3F)c2cc1N1CCN(C)CC1,98.09
CC(NC1=CC(=O)CC1)c1ccc(Nc2ncc3cc(-c4ccncc4)ccc3n2)cc1,98.0
O=C(NCC12CC3CC(CC(C3)C1)C2)c1cc(CN2CCNCC2)ccc1Cl,91.28
CC(C)(C)NC(=O)NCCN1CCC(CNC(=O)c2cc(Cl)cc(Cl)c2)C1,90.32
CCCCc1oc2ccc(NS(C)(=O)=O)cc2c1C(=O)c1ccc(OCCCN(CCCC)CCCC)cc1,99.91
CC(C(=O)OC1C[N+]2(CC(=O)Nc3ccccn3)CCC1CC2)(c1ccccc1)N1CCCCC1,88.35
Cc1cc(Nc2nc(NC(C)c3ccc(F)cn3)cnc2C)n[nH]1,84.0
COc1ccc2ncc(=O)n(CCN3CCC(NCc4cc5c(cn4)OCCO5)C(OC)C3)c2c1,83.37
CN(C)CCNCc1ccc(Nc2ncc3cc(-c4ccncc4)ccc3n2)cc1,95.01
CCOc1cccc(C=C2SC(=O)NC2=O)c1N1CCCC(N)C1,94.79
O=C(Nc1ccncc1)c1cccc2ccccc12,93.1
Cc1ccc2nc(C[N+]34CCC(CC3)C(OC(=O)C(C)(c3ccccc3)N3CCCCC3)C4)oc2c1,92.95
CCOc1cc2ncc(C(N)=O)c(Nc3cccc(Cl)c3F)c2cc1N1CCN(C)CC1,92.95
CC(C)(C)NC(=O)NCCN1CCCC(NC(=O)c2cc(Cl)cc(Cl)c2)C1,97.2
Cc1ccc(CCNC(=O)c2ccc3sc(CO)nc3c2)cc1,97.07
COc1cc2ncc(C(N)=O)c(Nc3ccc(Cl)cc3Cl)c2cc1N1CCN(C)CC1,96.79
CCC(CO)Nc1nc(SCc2ccccc2)nc2nc(N)sc12,96.65
O=C(c1cccc(N2Cc3cccc(Cl)c3C2=O)c1)N1CCC2(CC1)CCN(c1ccncc1)CC2,99.05
COc1ccc2c(c1)c(CC(=O)O)c(C)n2-c1ccnc2cc(Cl)ccc12,99.01
Cc1c(Sc2ccc(Cl)cc2)c2c(NS(C)(=O)=O)cccc2n1CC(=O)O,98.96
Oc1nc(-c2ccccc2)nc2ccccc12,98.81
O=C1COc2ccc(CNC3CCN(CCN4C(=O)COc5ccc(Cl)cc54)CC3)nc2N1,92.8
COc1cccc(CNc2nc(NC(C)C)nc3ccsc23)c1OC,99.73
COc1ccnc(CCc2nc3c(C)ccnc3[nH]2)c1,80.29
CC1CC2C3CCC4=CC(=O)C=CC4(C)C3(Cl)C(O)CC2(C)C1(OC(=O)c1ccco1)C(=O)CCl,99.77
CCC(CO)Nc1nc(SCc2ccccc2)nc2[nH]c(=O)sc12,99.84
CC(C(=O)OC1C[N+]2(CCOCCc3ccccc3)CCC1CC2)(c1ccccc1)N1CCCCC1,97.49
CCn1cc(C(=O)O)c(=O)c2cc(F)c(N3CCNCC3)nc21,34.42
N=C(N)NC(=O)c1nc(Cl)c(N)nc1N,27.09
COc1ccc(OC)c(C(O)CN)c1,21.99
CNC(C)C(=O)NC(C(=O)NC1CCN(CCCc2ccccc2)C1)C1CCCCC1,64.01
CNC(C)C(=O)NC(C(=O)NC1CCCN(C(=O)Cc2ccccc2)C1)C1CCCCC1,62.4
Cc1cc(F)ccc1OC1CCN(CC2CCN(C(C)(Cc3ccc(F)cc3)C(=O)O)CC2)CC1,53.45
Cc1sc2c(c1C)c(=O)n(-c1ccc(F)cc1)c(=O)n2CC(=O)NCc1ccco1,97.32
CCOc1ccc(NC(=O)CCc2c(C)nc3nc(C)nn3c2C)cc1,82.05
CC(CC(=O)OC(C)(C)C)NC(=O)C1=NOC(C(O)(C(F)(F)F)C(F)(F)F)C1,80.65
CC(O)(C(=O)Nc1ccc(S(=O)(=O)N2CCCC2)cc1)C(F)(F)F,78.01
Nc1nc(OCC2CCC2)nc2c1ncn2C1OC(CF)C(O)C1O,77.21
CC(NC(=O)c1cccc2c1N(Cc1ccc(Cl)cc1)CC2)c1ccc(C(=O)O)cc1,98.67
Cc1ccc(N2CC(COc3ccc(-c4noc(C)n4)cc3)C2)nn1,93.8
Cc1ccc(S(=O)(=O)Nc2c(C(=O)NC(C)C(C)(C)C)c(C)nn2C2CCOC2)cc1,92.64
Cc1ccc(-c2c[nH]cn2)cc1NC(=O)c1ccc(OCc2ccccn2)cc1,94.9
COc1c(C)cc(C2(c3cccc(-c4cncnc4)c3)N=C(N)c3c(F)cccc32)nc1C,96.57
CCOc1noc2cc(OCCC3CCN(c4ccc(C)nn4)CC3)ccc12,99.86
CC(C(=O)OC1C[N+]2(CCc3c[nH]c4ccccc34)CCC1CC2)(c1ccccc1)N1CCCCC1,99.81
COC1(NC(=O)CSCC#N)C(=O)N2C(C(=O)O)=C(CSc3nnnn3C)CSC21,80.65
Cc1cc(N2CCCC2C(=O)NCCc2ccc3c(c2)OCO3)nc(-n2ccnc2)n1,81.01
CN(C)CCC1CCN(c2cc(C(=O)NCC3CCC(CNC(=O)OC4CCOCC4)CC3)c3ccccc3n2)CC1,82.05
COc1cc2c(cc1OC)C(=O)C(CC1CCN(Cc3ccccc3)CC1)C2,89.49
Cc1cc2c(s1)Nc1ccccc1N=C2N1CCN(C)CC1,89.27
CC(=O)Nc1cccc(Nc2nc(NC3CC3)n3ncc(C#N)c3n2)c1,89.27
Cc1ccc(Sc2ccccc2CN(C)C)c(N)c1,89.05
O=C(NCC(O)CN1CCC(Oc2ccc(Cl)c(Cl)c2)CC1)c1c[nH]c(=O)cc1C(F)(F)F,88.82
Nc1ncc2cc(-c3c(Br)cccc3Br)c(N)nc2n1,88.59
CC(CO)Nc1nc(SCc2ccco2)nc2nc(N)sc12,88.35
CCc1nc2c(N)nc3ccccc3c2n1CC(C)C,88.35
Cc1ccc(S(=O)(=O)Nc2c(C(=O)NC(C)C(C)(C)C)c(C)nn2C2CCN(CC(F)(F)F)CC2)cc1,88.35
COc1cc(OC)c(S(=O)(=O)NCc2ccccc2N2CCC(CO)CC2)cc1NC(C)=O,87.37
CNCCCC12CCC(c3ccccc31)c1ccccc12,87.37
Oc1ncnc2scc(-c3ccccc3)c12,86.32
O=c1nc(N2CCOCC2)cc(N(CCO)Cc2cccc3ccccc23)[nH]1,86.05
Cc1ccc(CCC[N+]23CCC(CC2)C(OC(=O)C(C)(c2ccccc2)N2CCCCC2)C3)cn1,86.05
CN(C)CCNc1cc(-c2ccncc2)nc2ccccc12,85.77
Cc1nc2n(c(=O)c1CCN1CCC(c3noc4cc(F)ccc34)CC1)CCCC2,84.6
CCN(CCO)C(=O)c1oc2cccnc2c1-c1cccc(C(F)(F)F)c1,91.28
Cc1cn(C2CCCN(S(=O)(=O)c3ccc(O)c(Oc4cccc(F)c4)c3)C2)c(=O)[nH]c1=O,95.43
O=C(NCC12CC3CC(CC(C3)C1)C2)c1cc(CN2CC3CNCC(C2)O3)ccc1Cl,95.33
Nc1nc(O)c(Cl)c(-c2ccccc2)n1,95.23
CCOc1cc2ncc(C(N)=O)c(Nc3cccc(Cl)c3Cl)c2cc1N1CCN(CCO)CC1,95.23
CC(C)(C)NC(=O)NCCN1CC(NC(=O)c2cc(Cl)cc(Cl)c2)C1,90.72
O=C(O)c1ccc2[nH]c(C(F)(F)F)nc2c1,89.91
COCCC(C)n1nc(C)c(C(=O)NC(C)C(C)(C)C)c1NS(=O)(=O)c1ccc(C)cc1,89.91
Cc1nccn1-c1ccc(COc2cc(F)cc(C3(C(N)=O)CCOCC3)c2)cc1,89.91
CCCCC(NCC1Cc2cccc(c2)CCCCc2cc(cc(N(CCC)S(C)(=O)=O)c2)C(=O)N1)C(=O)NCC(C)C,99.6
Cc1c(S(=O)(=O)c2ccc(Cl)cc2)c2cc(F)ccc2n1CC(=O)O,99.57
O=C(Nc1c(Cl)cncc1Cl)c1ccc(OC(F)F)c(OCC2CC2)c1,99.5
CCCC(c1ccc(C(=O)O)c(Oc2cccc(Cl)c2)c1)N1CCCC(n2cc(C)c(=O)[nH]c2=O)C1,99.3
Cc1cc(Nc2nc(NC(C)c3ccc(F)cc3)ncc2Cl)n[nH]1,99.1
COc1cc(OC)c(S(=O)(=O)N2c3ccccc3CCC2C)cc1NC(=O)CCC(=O)O,81.36
CC(Nc1ccc2ncn(-c3cc(C4CC4)[nH]n3)c2n1)c1ncc(F)cn1,78.79
Cc1ccc(S(=O)(=O)Nc2c(C(=O)NC(C)C(C)(C)C)c(C(F)(F)F)nn2-c2ccccc2)cc1,99.57
CNCc1ccc(-c2[nH]c3cc(F)cc4c3c2CCNC4=O)cc1,76.81
CN1CCCC1CCNC(=O)c1ccc(Nc2ncc3cc(-c4ccncc4)ccc3n2)cc1,99.19
C[S+]([O-])Cc1ccc(C(=O)Nc2cccnc2C(=O)NCC2CCC2)c2ccccc12,98.7
O=C(c1ccc(F)cc1)C1CCN(CCn2c(=O)[nH]c3ccccc3c2=O)CC1,90.32
CS(=O)(=O)N1CCC(NC(=O)NC23CC4CC(CC(C4)C2)C3)CC1,71.05
CSc1ccc2c(c1)N(CCC1CCCCN1C)c1ccccc1S2,99.63
COc1ccc2ccc(=O)n(CCN3CCC(NCc4cc5c(cn4)OCCO5)CC3)c2n1,68.63
Fc1ccc(-c2c3cccc(C(F)(F)F)c3nn2Cc2ccc(F)cc2Cl)cc1,99.94
FC(F)(F)Oc1ccc(-c2nnc(CCCCc3ccc4cccnc4n3)o2)cc1Cl,99.92
CC(C)Cc1nn(C)c(=O)c2c(SCCCO)n(Cc3cccc4ccccc34)cc12,99.73
CC(C)Nc1nc(NCc2ccccc2)c2sccc2n1,99.71
N=C(N)c1cc2c(-c3ccccc3)cccc2s1,89.91
COCCNCc1ccc(Nc2ncc3cc(-c4ccncc4)ccc3n2)cc1,89.7
CNc1ccc(-c2nc3ccc(O)cc3s2)cc1,98.89
O=c1cc(N2CCOCC2)nc(NCc2ccccc2)[nH]1,73.36
CCN(CC)CCN1C(=O)C(O)(c2ccccc2Cl)c2c1cc(C(N)=O)cc2C(F)(F)F,71.05
COc1cnc(-c2ccccc2C(F)(F)CNC(=O)c2ccc(COCC(F)(F)F)nc2)cn1,99.31
Cc1nc(C(=O)C(C)Oc2ccc(SCCCCCc3ccccc3)cc2)sc1CCCC(=O)O,99.3
CC(C)c1noc(C2CCN(c3ncnc(Nc4ccc(S(C)(=O)=O)cc4F)c3[N+](=O)[O-])CC2)n1,99.01
CC(=O)NCc1cccc(C(=O)O)c1,83.04
CCCS(=O)(=O)N1N=Cc2cc(Cl)ccc2B1O,83.04
CNC(C)C(=O)NC(C(=O)N1CCCC1C(=O)NC(C(=O)OC)C(c1ccccc1)c1ccccc1)C1CCCCC1,82.39
CC(N)(Cc1ccccc1)c1ccccc1,82.05
COc1cc(OC)c(S(=O)(=O)N(C)c2ccccc2)cc1NC(C)=O,82.05
NC(=O)c1cnc(NC2CCCNC2)c2cc(Br)sc12,82.05
NC(=O)C(Cc1ccccc1)NC(=O)OCc1ccccc1,81.01
CC(NC1=CC(=O)CCC1)c1ccc(Nc2ncc3cc(-c4ccncc4)ccc3n2)cc1,98.64
CC(=O)SC1CC2=CC(=O)CCC2(C)C2CCC3(C)C(CCC34CCC(=O)O4)C12,75.97
COc1cc(Nc2nc(NC(C)c3ncc(F)cn3)nc(N3CCOCC3)c2F)n[nH]1,74.69
CN1CCN(c2ccc3ncc(C(N)=O)c(Nc4ccc(F)cc4F)c3c2)CC1,74.25
COc1ccc(C2CNC(=O)C2)cc1OC1CCCC1,82.72
Cc1cc(Nc2nc(NC(C)c3ccc(F)cn3)c(C#N)nc2C)n[nH]1,82.72
Nc1ccc2nc(SCC(=O)NC3CCN(Cc4ccc(Cl)c(Cl)c4)CC3)sc2c1,73.81
Cc1csc(NC(=O)COc2ncnc3c2cnn3-c2ccccc2Cl)n1,99.18
O=C(NCC(O)CN1CCC(Oc2ccc(Cl)c(Cl)c2)CC1)c1c[nH]c(=O)c2cc(F)ccc12,98.92
Cc1ncc(NC(=O)c2cc(NC(=O)c3cccc(C(F)(F)F)c3)ccc2C)s1,98.81
COc1cc(OC)c(S(=O)(=O)NCc2ccccc2N2CCC(C(=O)O)CC2)cc1NC(=O)CCC(=O)O,80.65
COc1ccc2ncc(=O)n(CCN3CCC(NCc4cc5c(cn4)OCCO5)C(O)C3)c2c1,80.65
CNC(C)C(=O)NC(C(=O)NC1CCCCN(Cc2ccccc2)C1)C1CCCCC1,80.29
Nc1nc2nc(-c3cccs3)cc(C(F)(F)F)n2n1,79.92
CC(Nc1ncc(F)c(Nc2cc(N(C)C)[nH]n2)n1)c1ncc(F)cn1,78.01
CC(C)(C)NC(=O)NCCN1CCC(O)(CNC(=O)c2cc(Cl)cc(Cl)c2)CC1,76.81
COc1nccnc1NS(=O)(=O)c1ccc(N)cc1,76.81
NC(=O)c1ccc(-c2cc3c(NC4CCCNC4)ncc(C(N)=O)c3s2)cc1,73.81
CCOc1cc(CN2CCC(Nc3nc4cc(S(N)(=O)=O)ccc4o3)CC2)cc(OCC)c1N,70.1
COc1ccc2c(c1O)-c1cccc3c1C(C2)N(C)CC3,93.8
Cc1cn(C2CCCN(S(=O)(=O)c3ccc(O)c(Oc4ccccc4)c3)C2)c(=O)[nH]c1=O,93.8
Nc1nc(-c2nn(Cc3ccccc3F)c3ncccc23)nc(N)c1N1CCOCC1,92.32
CN1CCCCC1CCN1c2ccccc2Sc2ccc([S+](C)[O-])cc21,92.32
CC#Cc1cncc(-c2ccc3c(c2)C2(N=C(C)C(N)=N2)C2(CCC(OC)CC2)C3)c1,91.99
CC(Nc1ncc(F)c(Nc2cc(C3CC3)[nH]n2)n1)c1ccc(F)cn1,91.99
COc1cccc(C=C2SC(=O)NC2=O)c1N1CCCC(N)C1,91.64
COCC(C)n1nc(C)c(C(=O)NC(C)C(C)(C)C)c1NS(=O)(=O)c1ccc(C)cc1,91.64
Cc1ccccc1CC(C(=O)O)N1CCC(CN2CCC(Oc3ccc(Cl)c(Cl)c3)CC2)CC1,91.64
CC(C)Cn1c(=O)n(C)c(=O)c2c(C(=O)N3CCC(O)C3)c(Cc3c[nH]c4ccccc34)sc21,91.46
CC(CO)Nc1nc(SCc2cccc(F)c2F)nc2[nH]c(=O)cnc12,98.86
CCOc1cc2ncc(C(N)=O)c(Nc3ccc(F)cc3F)c2cc1N1CCOCC1,91.64
Cc1ccc(S(=O)(=O)Nc2c(C(=O)NC(C)C(C)(C)C)c(C)nn2CC(F)(F)F)cc1,98.58
CN(C)CCCN1c2ccccc2CCc2ccc(Cl)cc21,96.26
CC(C)(C)NC(=O)c1ccc(Oc2cc(F)c(CC(=O)O)cc2Cl)c(NS(=O)(=O)c2ccc(C3CC3)cc2Cl)c1,99.85
COc1ccccc1S(=O)(=O)NC(=O)N1CCC(N2CCC(Oc3ccc(Cl)c(Cl)c3)CC2)CC1,95.91
OCCOC1CC(n2nnc3c(NC4CC4c4ccc(F)c(F)c4)nc(SCCC(F)(F)F)nc32)C(O)C1O,99.85
CCOC(=O)C(CCc1ccccc1)NC(C)C(=O)N1Cc2ccccc2CC1C(=O)O,95.82
Cc1ccc(NC(=O)Nc2nnc(-c3ccncc3)s2)cc1,99.39
NC(=O)c1cncc(-c2ccc(C3CCC(CC(=O)O)CC3)cc2)c1,97.32
Nc1nc2ccc(OC(F)(F)F)cc2s1,97.13
Cc1cc(CN2Cc3ccccc3C2C(=O)Nc2ccc(Cl)cc2Cl)ccc1OCC(=O)O,99.87
Cc1ncc(NC(=O)c2cc(NC(=O)c3cc(F)cc(C(F)(F)F)c3)ccc2Cl)s1,99.65
CC(C)CC(CO)Nc1nc(SC(C)c2ccccc2F)nc2nc(N)sc12,99.89
Nc1n[nH]cc1-c1cc(C(F)(F)F)ccc1Oc1cc(F)c(S(=O)(=O)Nc2cscn2)cc1Cl,99.66
O=C(NCc1ccc(F)c(OC(F)(F)F)c1)C1c2ccccc2C(=O)N1CCc1ncc(F)cn1,96.79
O=C(CSc1nc2c(c(=O)n1-c1ccccc1)SCC2)Nc1ccc(-c2ccccc2)cn1,99.83
O=C(O)C(c1ccccc1)N1CCC(CN2CCC(Oc3ccc(Cl)c(Cl)c3)CC2)CC1,83.37
CC(C)Cn1c(=O)n(C)c(=O)c2c(C(=O)N3CCC(O)C3)c(Cc3c[nH]c4ncccc34)sc21,68.63
Cn1c(=O)c2c(ncn2C)n(C)c1=O,24.45
COc1ccc(C2(c3cccc(-c4cncnc4)c3)N=C(N)c3c(F)cccc32)cc1,97.32
CNC(C)C(=O)NC(C(=O)NC1CCCN(S(=O)(=O)Cc2ccccc2)C1)C(C)(C)C,48.85
CC(CO)Nc1nc(SCc2cccc(F)c2F)nc2[nH]ncc12,96.5
CC(NC(=O)C(O)C(C)C)C(=O)NC1C(=O)N(C)CCc2ccccc21,19.71
Cn1cc[nH]c1=S,18.99
Cc1cc(Nc2nc(NC(C)c3ncc(F)cn3)ncc2F)n[nH]1,52.88
COc1ccc2nnc(=O)n(CCN3CCC(NCc4ccc5c(n4)NC(=O)CO5)CC3)c2c1,55.73
OCC(CO)Nc1nc(SCc2cccc(F)c2F)nc2nc(NC3CC3)sc12,94.9
CC(C)C(NC(=O)c1cc(Cl)ccc1C(F)(F)F)C(=O)c1ccc(C#N)cc1,97.38
Cc1cccc(Oc2cc(S(=O)(=O)N3CCCC(n4cc(C)c(=O)[nH]c4=O)C3)ccc2C(=O)O)c1,94.32
COc1ccc(CC(C)(C)NCC(O)c2cc(O)cc3c2OCC(=O)N3)cc1,59.11
CCCNCC(O)COc1ccccc1C(=O)CCc1ccccc1,92.95
CCN(CC)CCNc1ncnc2c1sc1nc(N3CCOCC3)c3c(c12)CCCC3,92.16
COc1cc2nnc(C(N)=O)c(Nc3cccc(Cl)c3F)c2cc1N1CCN(C)CC1,92.16
Cc1cc(Nc2cc(N3CCOCC3)nc(NC(C)c3ncc(F)cn3)n2)n[nH]1,45.98
COc1cc2ncc(C(N)=O)c(Nc3cccc(Cl)c3Cl)c2cc1N1CCN(C)CC1,95.53
c1ccc(-c2nnc3ccc(NC4CC4)nn23)cc1,95.43
Cc1ccc(S(=O)(=O)Nc2c(C(=O)NC(C)C(C)(C)C)c(C)nn2C(C)C)cc1,95.43
COc1cc2nc(Nc3ccc(C(C)NC(C)=O)cc3)ncc2cc1-c1ccncc1,97.38
O=C1COc2ccc(CNC3CCN(CCN4C(=O)COc5ccc(OC(F)(F)F)cc54)CC3)nc2N1,97.91
CN1CCN(C2=Nc3ccccc3Nc3ccc(OS(=O)(=O)C(F)(F)F)cc32)CC1,96.42
Cc1ccc(NC(=O)c2ccnc(N3CCOCC3)c2)cc1NC(=O)c1ccc(OCc2ccccn2)cc1,98.51
CNC(C)C(=O)NC(C(=O)N1CCC2CCC(NC(=O)c3cccc4ccccc34)C21)C(C)(C)C,98.4
O=C(O)CCc1ccc(OCc2cc(Cl)ccc2-c2ccccc2)cc1,99.8
CCOc1cc2ncc(C(N)=O)c(Nc3cccc(Cl)c3Cl)c2cc1N1CCCN(C)CC1,98.37
O=c1cc(O)oc2c1c(=O)n(-c1ccccc1)c1ccccc21,98.17
CNc1c(Br)cnc2[nH]c(-c3ccnc(N)c3)nc12,97.32
CNc1c(Cl)cnc2[nH]c(-c3ccc(OCCN4CCOCC4)cc3)nc12,98.09
CCCCNC(=O)c1ccc(Oc2ccc(CC(=O)O)cc2OC)c(NS(=O)(=O)c2ccc(Cl)cc2Cl)c1,99.8
Cn1c(-c2cc(=O)c(O)c[nH]2)nn(S(=O)(=O)NC(=O)N2CC(NC(=O)C(=NOC(C)(C)C(=O)O)c3csc(N)n3)C2=O)c1=O,95.53
COc1ncc(-c2c(C)ccc(F)c2CCNC(=O)c2ccc(OCC(F)(F)F)nc2)cn1,99.8
O=S(=O)(c1ccccc1)N(CC(F)(F)F)c1ccc(C(O)(C(F)(F)F)C(F)(F)F)cc1,99.56
CC(C=CC1=C(C)CCCC1(C)C)=CC=CC(C)=CC(=O)Nc1ccc(O)cc1,99.81
O=C(NCc1ccc(OC(F)(F)F)cc1)C1c2ccccc2C(=O)N1CCc1ncc(F)cn1,95.23
CCOc1cc2c(c(F)c1OCC)C(=N)N(CC(=O)c1cc(N3CCOCC3)c(OC)c(C(C)(C)C)c1)C2,99.79
CC(C)Oc1cc2ncc(C(N)=O)c(Nc3cccc(Cl)c3Cl)c2cc1N1CCN(C)CC1,98.61
CCCSc1ccc2nc(NC(=O)OC)[nH]c2c1,95.43
CN(CC(=O)O)NC(=O)CC(N)CC(O)CN,12.63
NC(=O)c1cnc(NC2CCCNC2)c2cc(-c3ccc(Cl)c(F)c3)sc12,98.94
Cc1ccc(-c2cc(C(F)(F)F)nn2-c2ccc(S(N)(=O)=O)cc2)cc1,98.94
Cc1cc(-c2cc(=O)[nH]c(NCc3cccc4ccccc34)n2)ccn1,99.75
COc1ccc2ncc(=O)n(CCN3CCC(NCc4cc5c(cn4)OCCO5)C(O)C3)c2c1,85.77
O=S1(=O)CC(O)C(N2CCC(c3ccccc3)CC2)C1,43.14
COc1cccc(C(O)C2CCN(CCc3ccc(F)cc3)CC2)c1OC,34.94
CS(=O)(=O)c1ccc(C(O)C(CF)NC(=O)C(Cl)Cl)cc1,32.37
CC(C)(C)c1ccc2c(c1)CCC2NC(=O)Nc1cccc2[nH]ncc12,99.78
CC(C(=O)OC1C[N+]2(Cc3cc(-c4ccccc4)on3)CCC1CC2)(c1ccccc1)N1CCCCC1,98.0
COc1ccc(Cl)cc1NC(=O)CCS(=O)(=O)c1ccc(C)cc1,97.81
CC(C)(C)NC(=O)NCCN1CCC(CNC(=O)c2cc(Cl)cc(Cl)c2)CC1,89.05
CC1CN(Cc2cc(Cl)ccc2OCC(=O)O)CCN1C(=O)Cc1ccccc1,97.38
CCCCC(=O)N(Cc1ccc(-c2ccccc2-c2nnn[nH]2)cc1)C(C(=O)O)C(C)C,99.78
NC(=O)c1cc(C(N)=O)n(-c2cccc(-c3cc(C(F)(F)F)ccc3C(F)(F)F)c2)n1,96.72
CC(=O)Nc1ccc(-c2ccnc(Nc3ccc(N4CCOCC4)cc3)n2)cc1,93.24
Cc1ccc(-c2ncc(C(F)(F)F)[nH]2)cc1NC(=O)c1ccc(OCc2ccccn2)cc1,98.81
COc1ccc(S(=O)(=O)NC(=O)N2CCC(N3CCC(Oc4ccc(Cl)c(Cl)c4)CC3)CC2)cc1,98.73
CCOc1cc2ncc(C(N)=O)c(Nc3ccc(F)cc3F)c2cc1N1CCCN(C2CC2)CC1,97.81
O=C(O)CC(O)CC(O)C=Cc1c(C2CC2)nc2ccccc2c1-c1ccc(F)cc1,98.0
CCOC(=O)c1cnc2c(N)cccc2c1O,79.92
COc1ccc(-c2cc(O)nc(N)n2)cc1C#N,87.37
O=C(CSc1nccn(-c2ccc(F)c(F)c2)c1=O)NC1CCCC1,71.99
CC(C(O)c1ccc(O)cc1)N1CCC(O)(c2ccccc2)CC1,31.87
COC1CN(CCn2c(=O)ccc3ccc(C#N)cc32)CCC1NCc1ccc2c(n1)NC(=O)CO2,72.45
COc1ccc2c(c1)C(=O)C(=O)N2CC1COc2ccccc2O1,99.34
Cc1nc(C)c(-c2ccc(C3CCC(CC(=O)NS(C)(=O)=O)CC3)cc2)nc1C(N)=O,89.05
O=C(Cc1cccs1)Nc1ccon1,43.7
N#Cc1cc(S(=O)(=O)Nc2ncc(Cl)s2)ccc1Oc1ccc(Cl)cc1-c1ccnn1C1CNC1,99.19
Cc1cccc(Nc2nc(NCc3ccco3)c3ccccc3n2)c1,99.93
N#CN=C(N)c1sc(Nc2ccccc2)nc1N,89.7
O=c1[nH]cnc2scc(-c3cccs3)c12,98.89
NC(=O)c1cnc(NC2CCCNC2)c2cc(-c3ccc(F)cc3)sc12,97.38
COc1ccc(CC(=O)NCc2ccccc2-c2ccccc2C(=O)NCCc2cccnc2)cc1,99.34
COCCCCC(=NOCCN)c1ccc(C(F)(F)F)cc1,73.36
O=C(Nc1ccc(CCO)cc1)c1cc2cc(Cl)ccc2[nH]1,98.61
NC(=NC(=O)c1nc(Cl)c(N)nc1N)NCCCCc1ccc(OCC(O)CO)cc1,75.12
CC(CN(C(=O)c1ccc(C#N)cc1)c1ccccn1)N1CCN(c2cccc3c2OCCO3)CC1,99.1
COc1cccc(C(=O)N2C(C(=O)O)CSC2c2ccccc2Cl)c1,98.61
CNC(=O)c1cc(Oc2ccc3c(c2)nc(Nc2ccc(C(F)(F)F)cc2)n3C)ccn1,99.5
COCCC#Cc1cccc(C2(c3ccc(OC(F)F)cc3)N=C(N)N3CC(F)(F)CN=C32)c1,97.71
COC1CN(CCn2c(=O)ccc3ccc(C#N)cc32)CCC1NCc1cc2c(cn1)OCCO2,84.0
O=C(O)COc1ccc(Cl)cc1CN1CCCN(S(=O)(=O)Cc2ccccc2)CC1,84.3
O=C(NC12CC3CC(CC(C3)C1)C2)OCCNC1CCCCC1,89.05
Cc1ccc2cc(C)c3nnc(SCC(=O)N4CCN(C(=O)c5ccco5)CC4)n3c2c1,99.05
COc1cc(OC)c(S(=O)(=O)N2c3ccccc3Oc3ccccc32)cc1NC(=O)Cc1ccnc(F)c1,99.01
CC#Cc1cncc(-c2cccc(C3(c4cc(C)c(=O)n(CC)c4)N=C(N)c4c(F)cccc43)c2)c1,98.92
COc1ccc(S(=O)(=O)N2CCCC(n3cc(C)c(=O)[nH]c3=O)C2)cc1Oc1cccc(Cl)c1,97.49
CCN1CCCC1CNC(=O)c1cc(Br)cc(OC)c1OC,45.98
Cc1sc2c(c1C)C(c1ccc(Cl)cc1)=NC(CC(=O)OC(C)(C)C)c1nnc(C)n1-2,99.14
COc1cc2ncc(C(N)=O)c(Nc3ccc(F)cc3F)c2cc1NCCN(C)C,55.73
Cc1cnc(-c2c(F)ccc(F)c2CCNC(=O)c2ccc(COCC(F)(F)F)nc2)cn1,91.99
CCCCC(NC(C)=O)C(=O)NC1CC(=O)NCCCCC(C(N)=O)NC(=O)C(Cc2c[nH]c3ccccc23)NC(=O)C(CCCNC(=N)N)NC(=O)C(Cc2ccccc2)NC(=O)C(Cc2cnc[nH]2)NC1=O,55.73
COCC(O)Cn1c(=O)cnn(-c2ccc(Cl)c(C(=O)NCC3(O)CCCCCC3)c2)c1=O,58.55
Cn1cc(C(=O)NCC(O)CN2CCC(Oc3ccc(Cl)c(Cl)c3)CC2)c(C(F)(F)F)cc1=O,93.53
CC(C)c1ccc(NC(=O)NCCCSCC2OC(n3cnc4c(N)ncnc43)C(O)C2O)cc1,92.16
COc1cc2ncc(C(N)=O)c(Nc3ccc(F)cc3F)c2cc1NCCN1CCOCC1,92.16
O=C(O)c1ccccc1CN1CCC(CN2CCC(Oc3ccc(Cl)c(Cl)c3)CC2)CC1,70.1
Cc1[nH]c(C(=O)NC2CCN(c3ncc(C(=O)O)s3)CC2)c(Cl)c1Cl,97.07
O=c1n(CCCN2CCN(c3cccc(Cl)c3)CC2)nc2ccccn12,97.0
O=c1cc(N2CCOCC2)nc2n(Cc3cccc4ccccc34)ccn12,96.93
COc1cc2nnc(C(N)=O)c(Nc3cc(C)ccc3F)c2cc1OC,96.87
O=C1COc2c(CCNCCN(C(=O)CCNCCc3ccc(Cl)c(Cl)c3)C3CCCCC3)ccc(O)c2N1,96.87
CN1CCN(CC(=O)N2c3ccccc3C(=O)Nc3cccnc32)CC1,24.03
Cc1cnc(Nc2cc(N3CCOCC3)nc(NC(C)c3ncc(F)cn3)n2)s1,92.64
CNC(C)C(=O)NC(C(=O)NC1CCN(C(=O)Cc2ccccc2)C1)C1CCCCC1,32.88
CCCN(c1cccc(S(C)(=O)=O)c1)P(=O)(c1ccccc1)c1ccccc1,96.79
Cc1ccc(S(=O)(=O)Nc2c(C(=O)NC(C)C(C)(C)C)c(C)nn2C2CCN(C)CC2)cc1,54.59
COCC1=C(C(=O)O)N2C(=O)C(NC(=O)C(=NOC)c3csc(N)n3)C2SC1,53.45
O=C(O)c1cn(Cc2ccccc2)c2cc(N3CCNCC3)c(F)cc2c1=O,70.1
CCc1cnn2c(NCc3ccc[n+]([O-])c3)cc(N3CCCCC3CCO)nc12,90.12
Clc1cccc(-c2cnc3ccc(NC4CCOCC4)nn23)c1,99.1
CNC(C)C(=O)NC(C(=O)NC1CCN(C(=O)c2ccccc2)C1)C1CCCCC1,33.9
O=C(NS(=O)(=O)c1ccc(Cl)cc1)N1CCC(N2CCC(Oc3ccc(Cl)c(Cl)c3)CC2)CC1,67.12
CNC(C)C(=O)NC(C(=O)NC1CCCN(CCc2ccccc2)C1)C1CCCCC1,67.12
COc1cc(Cc2cnc(N)nc2N)cc(OC)c1OC,66.1
CC(NC(C)(C)C)C(=O)c1cccc(Cl)c1,45.98
CCCNC(=O)CSc1ccc(S(=O)(=O)N2CCCC2)cn1,65.06
NS(=O)(=O)c1ccc(CCNc2ccc3nnc(-c4ccccc4)n3n2)cc1,96.79
Cc1cnc(C(=O)c2ncnc3[nH]ccc23)c(NS(=O)(=O)c2ccc(Cl)c(C(F)(F)F)c2)c1,99.91
CNC(C)C(=O)NC(C(=O)NC1CCN(Cc2ccccc2)C1)C1CCCCC1,48.85
CCCSc1nc(N)c2ncn(C3OC(CO)C(O)C3O)c2n1,51.73
CNC(C)C(=O)NC(C(=O)NC1CCN(CCc2ccccc2)C1)C1CCCCC1,55.73
Nc1c2c(nc3ccccc13)CCCC2,53.45
CC(C)Cn1c(=O)n(C)c(=O)c2c(C(=O)N3CCC(O)C3)c(Cc3ccnc4ccccc34)sc21,64.54
CCOc1cc2ncc(C(N)=O)c(Nc3ccc(F)c(Cl)c3)c2cc1N1CCN(C)CC1,96.57
COC1CCC2(CC1)Cc1ccc(OCC(C)C)cc1C21N=C(C)C(N)=N1,79.92
Cc1cc(Cl)ccc1OC1CCN(CC(O)CNC(=O)c2c[nH]nc2C(F)(F)F)CC1,96.42
O=C(NCc1ccc(OC(F)(F)F)cc1)C1c2ccccc2C(=O)N1CC1CCCO1,96.42
Cc1ncc(-c2nc(Nc3ccc(C(=O)N4CCC(N(C)C)C4)cc3)ncc2F)n1C(C)C,74.25
O=S(=O)(Nc1ncns1)c1cc(F)c(Oc2ccc(Cl)cc2-c2ccnn2C2CNC2)cc1F,98.0
CC(C)Cn1c(=O)n(C)c(=O)c2c(C(=O)N3CC(O)CO3)c(Cc3ccnc4ccccc34)sc21,75.12
Cc1ccc(S(=O)(=O)Nc2c(C(=O)NC(C)C(C)(C)C)c(C)nn2C2CCC2)cc1,98.17
COc1ccc2ncc(=O)n(CCN3CCC(NCc4cc5c(cn4)OCCO5)CC3)c2n1,53.45
CNC(=O)c1[nH]cnc1C(=O)Nc1ccc(Cl)cc1,97.32
CC(CO)(CO)Nc1nc(SCc2cccc(F)c2F)nc2nc(N)sc12,87.11
CCOc1ccc(-n2c(C(C)N(CC3CCN(C)CC3)C(=O)Cc3ccc(F)c(C(F)(F)F)c3)nc3ncccc3c2=O)cc1,87.11
O=C(NCc1ccc(OC(F)(F)F)cc1)C1c2cccc(O)c2C(=O)N1CCc1ncc(F)cn1,98.21
Cc1cc(C)nc(SCC(N)=O)n1,21.21
COc1cccc2c1c(NS(=O)(=O)c1ccc(Cl)s1)nn2Cc1cccc(CNC(=O)C2COCCN2)c1,98.4
O=c1cc(N2CCOCC2)nc(NCc2cccc3ccccc23)[nH]1,96.79
CC(C)Cc1c(C(=O)C(N)=O)c2c(OCC(=O)O)cccc2n1Cc1ccccc1,96.87
COc1ccc(-c2ccc3nc(N)sc3c2)cn1,96.17
COc1cc2nnc(C(N)=O)c(Nc3ccc(C)cc3F)c2cc1N1CCN(C)CC1,93.67
CNC(=O)CCCN(C)C(=O)c1ccc2c(c1)c1c(n2C)CCC(C2CCOCC2)C1,96.34
Cc1nc(Cl)c(Cl)n1Cc1sc2c(c1C(=O)N1CCC(O)C1)c(=O)n(C)c(=O)n2CC(C)C,91.1
COc1ccc2ncc(C#N)c(CCN3CCC(NCc4cc5c(cn4)OCS5)CC3)c2c1,91.1
CNS(=O)(=O)c1ccc2c(C(=O)NCC(O)CN3CCC(Oc4ccc(Cl)c(Cl)c4)CC3)c[nH]c(=O)c2c1,91.46
CCOC(=O)C(CCc1ccccc1)NC1CCc2ccccc2N(CC(=O)O)C1=O,95.91
Cc1ccc(S(=O)(=O)Nc2c(C(=O)NC3CCCCC3C)c(C)nn2-c2ccccc2)cc1,99.34
CC(=O)Nc1ccc2c(c1)c(-c1cc(NC3CC3)n3ncc(C#N)c3n1)cn2CCCO,98.81
Cc1nccn1-c1sc(Nc2cnccn2)nc1-c1cccc(C#N)c1,95.63
O=C(O)COc1cccc(N2CCC(CN3CCC(Oc4ccc(Cl)c(Cl)c4)CC3)CC2)c1,97.32
CC(=O)N1CCN(c2ccc(OCC3COC(Cn4ccnc4)(c4ccc(Cl)cc4Cl)O3)cc2)CC1,97.2
CNC(C)C(=O)NC(C(=O)NC1CCCN(CCc2ccc([N+](=O)[O-])cc2)C1)C(C)(C)C,73.81
O=c1cc(OCc2ccccc2)ccn1-c1ccc2c(cnn2CCN2CCCC2)c1,83.04
O=C(NC1COc2cccc(-c3ccc(CO)nc3)c2C1)c1ccc(OCC(F)(F)F)nc1,96.26
COc1ccc(-c2nc3c(OCC4CCNCC4)c(Br)cnc3[nH]2)cc1,86.59
COc1ccc2ncc(=O)n(CCN3CCC(NCc4ccc5c(n4)NC(=O)CO5)C(O)C3)c2c1,86.32
Cc1cc(CCC[N+]23CCC(CC2)C(OC(=O)C(C)(c2ccccc2)N2CCCCC2)C3)ccn1,23.19
CN(CCOc1ccc(CC2SC(=O)NC2=O)cc1)c1ccccn1,99.74
CN(C)C(=O)C(O)C(Cc1ccccc1)NC(=O)c1cc2cc(Cl)ccc2[nH]1,97.81
COc1ccc2c(C)cc(NC3CCC(NCc4cn(C)c5cccnc45)C3)nc2c1,97.38
CC(C)N1C(=O)C(NC(=O)C(Cc2ccccc2OC(F)(F)F)NC(=O)OC(C)(C)C)CCc2ccccc21,99.7
O=C(O)Cc1ccccc1Nc1c(Cl)cccc1Cl,99.68
COCCNC(=O)c1ccc(Nc2ncc3cc(-c4ccncc4C)ccc3n2)cc1,98.61
Cc1nc2ccc(NS(=O)(=O)c3ccc4c(c3)OCCO4)cc2s1,99.67
COc1ccc(N(C(=O)c2ccccc2)C(C(=O)NC2CCCC2)c2ccccc2F)c(OC)c1,99.67
O=C(NCC12CC3CC(CC(C3)C1)C2)c1cc(CN2CC3CC2CN3)ccc1Cl,90.32
Cc1cn(C2CCCN(S(=O)(=O)c3ccc(C#N)c(Oc4cccc(Cl)c4)c3)C2)c(=O)[nH]c1=O,97.71
CC(C)Cc1c(C(=O)C(N)=O)c2c(OCC(=O)NS(C)(=O)=O)cccc2n1Cc1ccccc1,97.49
CC(C)C(=O)Nc1nc(-c2ccccn2)cc2ccccc12,97.55
Cc1nn(-c2ccc(F)cc2)c(NS(=O)(=O)c2ccc(C(F)(F)F)cc2)c1C(=O)NC(C)C(C)(C)C,98.64
O=C(O)c1cc(-c2ccc(F)cc2F)ccc1O,99.79
O=C1Nc2cc(C(F)(F)F)ccc2C1(O)c1cc(Cl)ccc1O,98.51
Cc1ccc(S(=O)(=O)Nc2ccc3nc(C)sc3c2)cc1,99.79
COCCNC(=O)c1ccc(Nc2ncc3cc(-c4ccncc4OC)ccc3n2)cc1,99.8
COc1cnc(-c2ccccn2)nc1N1CCOCC1,66.1
NC(=O)Nc1sc(-c2ccc(CN3CCCCC3)cc2)cc1C(N)=O,66.61
O=c1cc(N2CCOCC2)nc(NCc2cccc(Cl)c2Cl)[nH]1,97.91
CNC(C)C(=O)NC(C(=O)NC1CCCN(CCCc2ccccc2)C1)C1CCCCC1,66.61
COc1ccc2cc(S(=O)(=O)NC(CC(=O)NC(Cc3ccc(CN4C(C)CCCC4C)cc3)C(=O)N(C)C(C)C)c3ccc4c(c3)OCO4)ccc2c1,96.0
OCC1CC(n2nnc3c(NC4CC4c4ccc(F)c(F)c4)nc(SCCC(F)(F)F)nc32)C(O)C1O,99.85
O=C(Nc1ccc(Cl)cc1)Nc1nnc(-c2ccncc2)s1,99.83
COC(=O)CCn1cc(-c2cc(NC3CC3)n3ncc(C#N)c3n2)c2cc(NC(C)=O)ccc21,98.4
N#Cc1cnn2c(NC3CC3)cc(-c3cccs3)nc12,98.4
Cc1cc(Nc2nc(OC(C)c3ccc(F)cn3)c(C#N)nc2C)n[nH]1,97.81
CC(C(=O)NCCN1CCCC1)c1ccc(OS(=O)(=O)C(F)(F)F)cc1,67.63
CNC1(c2ccccc2Cl)CCCCC1=O,42.01
Cc1nn(-c2ccccc2)c(NS(=O)(=O)C2CCCCC2)c1C(=O)NC(C)C(C)(C)C,98.51
COc1ccc(Cl)cc1C1(F)C(=O)Nc2cc(C(F)(F)F)ccc21,99.83
CCOc1cc2ncc(C(N)=O)c(Nc3cccc(Cl)c3Cl)c2cc1N1CCN(C(=O)CO)CC1,83.68
O=C(CCCc1ccc2cccnc2n1)NCc1cc(-c2ccc(F)c(C(F)(F)F)c2)no1,99.91
Cc1ccccc1CN1CCC(N2CCC(n3c(=O)[nH]c4ccccc43)CC2)CC1,64.54
CC(C(=O)OC1CC[N+](C)(C)CC1)(c1ccccc1)N1CCCCC1,21.99
NC1=NC(c2ccc(F)cc2)Cc2ccccc21,64.01
NCCCCCc1c[nH]c2ccc(F)cc12,64.01
CC(CC(=O)OC(C)(C)C)NC(=O)C1=NOC(C(O)(C(F)(F)F)C(F)(F)F)C1,84.0
CC(CCc1ccccc1)NCC(O)c1ccc(O)c(C(N)=O)c1,62.4
O=C(c1cccc(Cc2nnc(O)c3ccccc23)c1)N1CCOCC1,58.55
Cc1ncc(NC(=O)c2cc(NC(=O)c3cc(F)cc(Cl)c3)ccc2Cl)s1,99.6
O=C(NC(CO)C(O)c1ccc([N+](=O)[O-])cc1)C(Cl)Cl,56.3
CC(C)Oc1cc(-n2cnc3ccc(NC(C)c4ccc(F)cn4)nc32)n[nH]1,94.19
Cc1ccc2c(c1)c(-c1ccnc3c(S(C)(=O)=O)cccc13)c(C)n2CC(=O)O,93.94
CCN(CC)CCNC(=O)c1ccc(NS(C)(=O)=O)cc1,15.1
N#Cc1ccc(C(F)(F)F)nc1OC(CCN)c1ccno1,44.27
CCC(CO)Nc1nc(SCc2ccccc2)nc2nc(N)sc12,98.7
Cc1cc(=O)n(-c2ccccc2)n1C,19.35
COc1cccc2c1c(NS(=O)(=O)c1ccc(Cl)s1)nn2Cc1cccc(CNC(=O)C2COCCN2)c1,98.44
CCCn1c(=O)[nH]c(=O)c2[nH]cnc21,67.12
COCCNC(=O)c1ccc(Nc2ncc3cc(-c4ccncc4)ccc3n2)cc1,98.29
CC(C)NCC(O)COc1cccc2ccccc12,86.05
CN1CCN(C(=O)c2cccc(Cc3n[nH]c(=O)c4ccccc34)c2)CC1,65.06
CN(C)c1nc(NCC2CCC(CNS(=O)(=O)c3ccc(Br)cc3OC(F)(F)F)CC2)nc2ccccc12,99.95
O=C(Cc1ccc(Oc2ccccc2)cc1)NO,98.0
COCCNc1nc(N)c2nc(O)n(Cc3ccccc3)c2n1,79.17
CC(C(=O)OC1C[N+]2(CCc3ccccc3)CCC1CC2)(c1ccccc1)N1CCCCC1,97.6
CCS(=O)(=O)c1ccc(-c2cc(C(F)(F)F)ccc2CCC(=O)O)c(C)c1,97.44
CC(C)C(NC(=O)c1ccccc1)C(=O)c1ccc(C#N)cc1,90.72
CC(=O)NC(C)c1ccc(Nc2ncc3cc(-c4ccncc4)ccc3n2)cc1,98.7
COc1cc2ncc(C(N)=O)c(Nc3cc(F)ccc3F)c2cc1OC,94.56
Clc1ccc2ncc(-c3cccc(NC4CNC4)n3)n2c1,83.68
CS(=O)(=O)c1ccc(-c2nnc(C=Cc3nnc(-c4ccc(C#N)cc4)o3)n2-c2ccccc2Cl)nc1,93.67
Cc1cc(OCCCS(C)(=O)=O)cc(C)c1-c1cccc(COc2ccc3c(c2)OCC3CC(=O)O)c1,99.64
Nc1nnc(-c2cccc(Cl)c2Cl)c(N)n1,55.73
CC(=O)Nc1ccc2c(c1)N(c1cc(NC3CC3)n3ncc(C#N)c3n1)CC2,97.49
O=C(NCCc1ccccc1)c1cc(-n2ncc(=O)[nH]c2=O)ccc1Cl,97.49
c1ccc2c(c1)CC(N1CCN(c3cccc4c3OCCO4)CC1)C2,97.38
Cc1cc(I)cc2c1NC(C(=O)O)C1CC=CC21,99.8
O=c1[nH]c(C2CCCN2)nc2c1oc1ccc(Cl)cc12,92.8
CCCC(CNC(=O)c1nc(Cl)c(N)nc1N)[N+](C)(C)CCCc1ccc(OC)cc1,48.85
CC(NC(=O)Cc1ccc(C2CC2)cc1)c1ccc(OCC(F)(F)F)cn1,99.59
COc1ccc2ccc(=O)n(CCN3CCC(NCc4cc5c(cn4)OCCO5)CC3)c2c1,69.12
N#Cc1c(N)nc2c(c1N)CC(COc1ccccc1)O2,89.05
N#Cc1ccc2ccc(=O)n(CCN3CCC(NCc4ccc5c(n4)NC(=O)CO5)C(F)C3)c2c1,79.55
CCN(CC)CCOc1ccc2c(c1)C(=O)c1cc(OCCN(CC)CC)ccc1-2,48.27
Cc1cc(Nc2nc(NC(C)c3ncc(F)cn3)c(C#N)nc2C)n[nH]1,69.61
Cc1cc(Nc2nc(NC(C)c3ccc(F)cn3)c(C#N)cc2F)n[nH]1,94.68
CC(=O)Nc1ccc2c(c1)N(c1cc(NC3CC3)n3ncc(C#N)c3n1)CCO2,92.48
CCCCCCCC(=O)NC(CCN)C(=O)NC(C)C(=O)NC(CCN)C(=O)NC1CCNC(=O)C(C(C)O)NC(=O)C(CCN)NC(=O)C(CCN)NC(=O)C(CC(C)C)NC(=O)C(Cc2ccccc2)NC(=O)C(CCN)NC1=O,92.32
O=C(CCCN1CCC(O)(c2cccc(C(F)(F)F)c2)CC1)c1ccc(F)cc1,92.32
N=c1c(S(=O)(=O)c2ccc(Cl)cc2)cc2c(=O)n3ccccc3nc2n1C1CCCC1,50.0
CC12NC(Cc3ccccc31)c1ccccc12,47.12
Nc1ncnc2c1ncn2C1OC(CSCCCNC(=O)Nc2ccc(Cl)cc2)C(O)C1O,91.64
CNC1CCC(c2ccc(Cl)c(Cl)c2)c2ccccc21,98.54
Cc1nccc(-c2ccc(-c3nc4ccncc4c(O)c3C#N)cc2)c1Cl,99.86
COc1cc(C2c3cc4c(cc3C(OC3OC5COC(C)OC5C(O)C3O)C3COC(=O)C23)OCO4)cc(OC)c1O,98.17
NC(=O)c1cnc(NC2CCCCC2N)nc1Nc1cccc(-n2nccn2)c1,91.82
O=C(NC1COc2cccc(-c3ccc(CO)nc3)c2C1)c1ccc(OCCOCC(F)(F)F)nc1,95.91
N#Cc1cnn2c(NC3CC3)cc(-n3ccc4ccc(CO)cc43)nc12,98.09
O=C(NO)C1(CS(=O)(=O)c2ccc(Oc3ccc(Cl)cc3)cc2)CCOCC1,98.0
CCCN(c1cccnc1)P(=O)(c1ccccc1)c1ccccc1,97.95
COc1ccc2c(O)cc(=O)n(Cc3ccc(-c4ccccc4-c4nn[nH]n4)cc3)c2c1,99.89
CC1(C(=O)Nc2ccc(F)nc2)CCCN1c1nc(Nc2cc(C3CC3)n[nH]2)c2cccn2n1,97.91
CC(C)CC(CO)Nc1nc(SC(C)c2ccccc2)nc2[nH]c(=O)sc12,99.9
CNC(C)C(=O)NC(C(=O)NC1CCCN(CCc2ccc(Br)cc2)C1)C(C)(C)C,97.71
CCC(CC)NC(=O)c1cn(-c2ccccc2)nc1NS(=O)(=O)c1ccc(C)cc1,99.87
COc1ccc(CCN2CCC(Nc3nc4ccccc4n3Cc3ccc(F)cc3)CC2)cc1,97.38
Cc1cn(C2CCCN(S(=O)(=O)c3cccc(Oc4ccccc4)c3)C2)c(=O)[nH]c1=O,97.38
CC(=O)c1cn(Cc2ccccc2)c(=O)n(Cc2ccc(F)cc2)c1=O,97.55
Cc1cn(C2CCCN(C(C)c3ccc(C(=O)O)c(Oc4cccc(Cl)c4)c3)C2)c(=O)[nH]c1=O,97.71
CC(C)C(NC(=O)c1ccccc1)C(=O)c1ccc([N+](=O)[O-])cc1,95.82
CN(c1ccccc1)S(=O)(=O)c1ccc(NC(=O)C(C)(O)C(F)(F)F)cc1,97.71
Cc1c(Cl)ccc(OC2CCN(C3CCN(C(=O)NS(=O)(=O)c4ccc(N(C)C)cc4)CC3)CC2)c1Cl,97.76
COc1ccc(CCC[N+](C)(CCCc2ccc(OC)cc2)CCNC(=O)c2nc(Cl)c(N)nc2N)cc1,83.68
CC(C)(C)NCC(O)c1ccc(O)c(CO)c1,22.79
O=C(O)CCc1nc(-c2ccccc2)c(-c2ccccc2)o1,99.95
CC(=O)Nc1ccc(O)cc1,26.64
NS(=O)(=O)c1cc2c(cc1Cl)NCNS2(=O)=O,71.99
CCCC(CO)Nc1nc(SC(C)c2cccc(C#N)c2)nc2[nH]c(=O)sc12,99.93
O=C(NCc1ccc(OCC(F)(F)F)nc1)C1c2ccccc2C(=O)N1CCc1ccccn1,90.72
O=c1nc(NCc2ccccc2)sn1Cc1ccccc1,99.88
COc1ccc(-c2nc3cc(C4=NNC(=O)CC4C)ccc3[nH]2)cc1,89.05
CC(c1ccc(F)cc1CCCC(=O)O)N(c1cc(F)ccc1F)S(=O)(=O)c1ccc(Cl)cc1,99.9
CCC(=C(c1ccccc1)c1ccc(C=CC(=O)O)cc1)c1ccccc1,99.67
CCCCc1nc(Cl)c(C(=O)O)n1Cc1ccc(-c2ccccc2-c2nn[nH]n2)cc1,99.51
CC#Cc1ccnc(-c2cc(C3(C4CC4)N=C(C)C(N)=N3)ccc2O)c1,99.4
O=C(NCC(O)CN1CCC(Oc2ccc(Cl)c(Cl)c2)CC1)c1cc(=O)[nH]c2ccccc12,98.17
Cc1ncc2n1-c1ccc(Cl)cc1C(c1ccccc1F)=NC2,98.25
N#Cc1ccc(NC(=O)Nc2ccccc2Br)c2nn[nH]c12,99.58
CC(C)(C)OC(=O)NC(Cc1ccccc1C(F)(F)F)C(=O)NCc1nc2cccnc2n1Cc1ccccc1,98.89
Oc1ccc2cc(CNCCc3ccc(Br)cc3)c(-c3ccsc3)nc2c1,99.85
Cc1cc(C(=O)Cn2cc(C(F)(F)F)ccc2=O)c(C)n1Cc1ccccc1,98.4
N#Cc1c(-c2ccc(-c3ccccc3O)cc2)nc2ccncc2c1O,99.74
CCOc1cc2nnc(C(N)=O)c(Nc3ccc(C)cc3F)c2cc1N1CCN(C)CC1,98.4
O=C1Cc2cc(CCN3CCN(c4nsc5ccccc45)CC3)c(Cl)cc2N1,99.9
O=C(CCCN1CC[Si](O)(c2cccc(C(F)(F)F)c2)CC1)c1ccc(F)cc1,95.91
Cc1c(C)c2c(c(C)c1O)CCC(C)(COc1ccc(CC3SC(=O)NC3=O)cc1)O2,99.91
COC(=O)C=CC(=O)O,86.05
O=C(CN1C2=NCCN2c2ccccc21)c1ccc(Cl)cc1,66.1
Cc1ccc(-c2cn(C)cn2)cc1NC(=O)c1ccc(OCc2ccccn2)cc1,90.52
O=C(NCc1ccc(OC(F)(F)F)cc1)C1c2ccccc2C(=O)N1C1CCC(F)(F)CC1,98.0
Cc1c[nH]c(-c2cnc(NCCNc3ccc(C#N)cn3)nc2-c2ccc(Cl)cc2Cl)n1,98.13
NS(=O)(=O)c1cc(C(=O)O)c(NCc2ccco2)cc1Cl,98.37
NC(=O)c1ccc(N(C(N)=O)c2c(F)cccc2F)nc1-c1ccc(F)cc1F,60.77
COc1cc(NC(C)CCCN)c2ncccc2c1,59.66
CCc1c2c(nc3ccc(OC(=O)N4CCC(N5CCCCC5)CC4)cc13)-c1cc3c(c(=O)n1C2)COC(=O)C3(O)CC,57.99
N#CC1(NC(=O)C(N)Cc2cccs2)CC1c1ccccc1,54.02
N#Cc1c(-c2ccc(-c3ccncc3Cl)cc2)nc2ccncc2c1O,99.45
CC1(c2cc(-c3cncnc3)c(F)cc2F)CCSC(N)=N1,54.02
COCCOc1nc(N)c2[nH]c(=O)n(Cc3ccccc3)c2n1,89.49
C#CCC(C(=O)NC(C=CC(=O)OCC)CC1CCNC1=O)n1cccc(NC(=O)c2cc(C)on2)c1=O,55.73
CNC(C)C(=O)NC(C(=O)NC1CCCN(CCc2ccccc2)C1)C(C)(C)C,49.42
CN(C)CCNC(=O)c1ccc(Nc2ncc3cc(-c4ccncc4)ccc3n2)cc1,98.89
O=C(Nc1ccc(F)cc1)c1ccc(Cl)[n+]([O-])c1,53.45
Cc1c(OCC(F)(F)F)ccnc1C[S+]([O-])c1nc2ccccc2[nH]1,98.4
COC1CCC2(CC1)Cc1ccc(-c3cncc(Br)c3)cc1C21N=C(C)C(N)=N1,86.05
Nc1nc2ccc(F)cc2s1,84.0
NC(=O)c1cccc2c3c([nH]c12)CCCC3,71.99
COc1cccc2c1c(NS(=O)(=O)c1ccc(Cl)s1)nn2Cc1cccc(CNC(=O)C(C)(C)O)c1,98.67
O=C1NC(=O)C(=Cc2cccc(Cl)c2N2CCNCC2)S1,92.16
CN1CCN(S(=O)(=O)c2ccc(-c3cnc(N)c(C(=O)Nc4cnccc4CN4CCCC4)n3)cc2)CC1,92.16
Cc1nc(C(F)F)c(C(N)=O)nc1-c1ccc(C2CCC(CC(=O)O)CC2)cc1,94.56
c1ccc(-c2[nH]nc3ccccc23)cc1,96.93
CC(C)(C)OC(=O)NCC1CCC(CNC(=O)c2cc(N3CCC(CCN4CC(O)C4)CC3)nc3ccccc23)CC1,97.0
CN1CCc2cc(Cl)c(O)cc2C(c2ccccc2)C1,91.99
NC1=NC(c2ccnc(C(F)(F)F)c2)(c2ccc(F)c(-c3cncnc3)c2)c2cccc(F)c21,97.07
CCc1ccc(OCC(=O)O)c(-c2ccc(S(C)(=O)=O)cc2)c1,94.32
Cc1cc(Nc2nc(NC(C)c3ncc(F)cn3)nc(N3CCOCC3)c2F)n[nH]1,91.64
Cc1ccc(S(=O)(=O)Nc2c(C(=O)NC(C)C(C)(C)C)c(C)nn2C2CCCC2)cc1,97.86
CS(=O)(=O)Nc1ccc2[nH]c(Cc3ccc(Oc4ccccc4)cc3)nc2c1,99.45
CC(NC(=O)C1CCCCN1C)c1ccc(Nc2ncc3cc(-c4ccncc4)ccc3n2)cc1,96.17
CNC(C)C(=O)NC(C(=O)N1CCCC1C(=O)NC1CCCc2ccccc21)C(C)(C)C,91.99
O=C(O)C(c1ccccc1)N1CCC(CN2CCC(Oc3ccc(Cl)c(Cl)c3)CC2)CC1,91.46
COc1cc(OC)c(S(=O)(=O)N2c3ccccc3Oc3ccccc32)cc1NC(=O)CCC(=O)O,97.6
O=c1cc(Cn2c(C3CCC3)nc3nccnc32)c2ccc(F)c(F)c2[nH]1,79.92
Cc1cnc(Nc2cc(N3CCN(C)CC3)nc(NC(C)c3ccc(F)cn3)n2)s1,95.33
NC1=Nc2ccccc2Sc2cccc(F)c21,94.32
COc1cc2c(cc1-c1c(C)noc1C)ncc1[nH]c(=O)n(C(C)c3ccccn3)c12,97.66
O=C(Nc1ccccc1Cl)c1cc[nH]n1,93.39
CC(=O)Nc1ccc2ccn(-c3cc(NCCCN4CCCC4)n4ncc(C#N)c4n3)c2c1,93.24
CS(=O)(=O)c1ccc(C2=C(c3ccccc3)C(=O)OC2)cc1,93.1
CC(C)Cn1c(=O)n(C)c(=O)c2c(C(=O)N3CC(C)(O)C3)c(Cc3ccccc3C(F)(F)F)sc21,93.1
COc1cnc(-c2ccccn2)nc1NC1CCCC1,93.94
CCS(=O)(=O)c1ccc(-c2cc(C(F)(F)F)ccc2OCC(=O)O)c(C)c1,95.72
Cc1cccc(-c2nc3cc(Cl)ccc3[nH]2)n1,98.89
O=C(O)c1cncc(-c2ccc(Cl)c(C(=O)NCC34CC5CC(CC(C5)C3)C4)c2)c1,99.01
Cc1cnc(Nc2ccc(N3CCN(C)CC3)cc2)nc1Nc1cccc(S(=O)(=O)NC(C)(C)C)c1,92.48
O=C(O)CNCCNc1ccc(Cl)c(C(=O)NCC23CC4CC(CC(C4)C2)C3)c1,92.8
CCC(CO)Nc1nc(SCc2cccc(F)c2F)nc2nc(N)sc12,98.51
COc1ccc(-c2nc3c(NCCCNC(C)=O)c(Br)cnc3[nH]2)cc1,97.38
Cc1c(Cl)ccc(OC2CCN(C3CCN(C(=O)c4cccc(S(C)(=O)=O)c4)CC3)CC2)c1Cl,96.5
OCCN1CCN(CCCN2c3ccccc3Sc3ccc(Cl)cc32)CC1,98.51
Cc1nccn1-c1ccc(Sc2cccc(C3(C(N)=O)CCOCC3)c2)cc1,93.1
O=C1Nc2ccc(Cl)cc2C(c2ccccc2Cl)=NC1O,92.8
COc1ccc(NC(=O)c2ccnc(N)n2)cc1,71.05
Cc1cnc(Nc2cc(N3CCOCC3)nc(NC(C)c3ccc(F)cn3)n2)s1,97.38
CC1(C)C(NC(=O)C(=NOCc2cc(=O)c(O)cn2O)c2csc(N)n2)C(=O)N1OS(=O)(=O)O,69.12
COCCNC(=O)c1ccc(Nc2ncc3cc(-c4ccncc4)ccc3n2)cc1C,99.6
CC(NC(=O)C1CCNCC1)c1ccc(Nc2ncc3cc(-c4ccncc4)ccc3n2)cc1,95.23
CC(Oc1ccc(Cl)cc1CN1CCN(C(=O)Cc2ccc(Cl)cc2)C(C)C1)C(=O)O,97.44
O=C(NCc1ccc(F)c(C(F)(F)F)c1)C1c2ccccc2C(=O)N1CCc1ncc(F)cn1,95.23
COc1cc(OC)c(S(=O)(=O)N2c3ccccc3Oc3ccccc32)cc1NC(=O)C=CC(=O)O,97.6
O=C(c1ccccc1)N1CCC(c2nc3ccccc3o2)CC1,95.43
Cc1c(Cl)ccc(OC2CCN(CC(O)CNC(=O)c3c[nH]c(=O)cc3C(F)(F)F)CC2)c1Cl,96.65
O=C1COc2ccccc2N1CCN1CCC(NCc2cc3c(cn2)OCCO3)CC1,74.69
COc1cc(-n2cnc3cc(-c4ccc(Cl)cc4)sc3c2=O)ccc1OCC(OP(=O)(O)O)C1CC1,99.39
O=c1cc(N2CCOCC2)nc2n(Cc3cccc(Cl)c3Cl)ccn12,96.34
CNC(C)C(=O)NC(C(=O)NC1CCCN(CCc2ccccc2OC)C1)C(C)(C)C,74.25
CC(=O)Nc1cccc2c1c(S(=O)(=O)c1ccc(Cl)cc1)c(C)n2CC(=O)O,95.72
O=C(CCS(=O)(=O)c1ccc(Br)cc1)NCc1ccc(F)cc1,95.72
CNC(C)C(=O)NC(C(=O)NC1CCCCN(CCc2ccccc2)C1)C1CCCCC1,73.81
COc1cc(OC)c(S(=O)(=O)N2c3ccccc3CCC2C)cc1NC(=O)COCC(=O)O,73.36
C#CCN(C)C(C)Cc1ccccc1,72.91
Cc1ccccc1-n1c(Cn2nc(-c3ccc(O)c(F)c3)c3c(N)ncnc32)nc2cccc(C)c2c1=O,98.0
COc1ccc2ncc(=O)n(CCN3CCC(NCc4ccc5c(n4)NC(=O)CO5)C(OC)C3)c2c1,71.99
O=C(O)Cc1ccccc1N1CCC(CN2CCC(Oc3ccc(Cl)c(Cl)c3)CC2)CC1,99.4
O=C(NCCc1ccccc1Cl)c1cc(-n2ncc(=O)[nH]c2=O)ccc1Cl,97.2
COc1ccc(C2Sc3ccccc3N(CCN(C)C)C(=O)C2OC(C)=O)cc1,75.97
Cc1ccc2c(c1)c(Sc1ccc(S(C)(=O)=O)cc1)c(C)n2CC(=O)O,99.19
COc1c(C)cc(C2(c3cccc(-c4cncnc4)c3)N=C(C)C(N)=N2)cc1C,95.63
O=C(c1c2ccccc2cc2ccccc12)N1CCC(N2CCCC(C(=O)N3CCOCC3)C2)CC1,93.39
O=C(Nc1cccc2cccnc12)C1CCC(N2C(=O)C3C4CCC(C4)C3C2=O)CC1,98.4
COc1ccc2ncc(F)c(CCN3CCC(NCc4cc5c(cn4)OCCO5)CC3)c2n1,82.72
CN(C)CCC1CCN(c2cc(C(=O)NCC3CCC(CNC(=O)OC(C)(C)C)CC3)c3ccccc3n2)CC1,96.65
O=C(NS(=O)(=O)c1ccccc1)N1CCC(N2CCC(Oc3ccc(Cl)c(Cl)c3)CC2)CC1,81.36
N#Cc1cccc(-c2cc(Cl)ccc2OCC(=O)O)c1,99.25
O=C(NCC(O)CN1CCC(Oc2ccc(Cl)c(Cl)c2)CC1)c1c[nH]c(=O)c2cc(S(=O)(=O)N3CCC3)ccc12,95.01
CC1Cc2ccccc2N1NC(=O)c1ccc(Cl)c(S(N)(=O)=O)c1,79.55
COc1cc(N2CCC(N3CCN(C)CC3)CC2)ccc1Nc1ncc(Cl)c(Nc2ccccc2S(=O)(=O)C(C)C)n1,96.72
CC(C)(N)C(=O)NC(COCc1ccccc1)C(=O)N1CCC2(CC1)CN(S(C)(=O)=O)c1ccccc12,76.81
Cc1ccsc1C(=CCCN1CCCC(C(=O)O)C1)c1sccc1C,94.9
CNC(C)C(=O)NC(C(=O)N1CCC2CCN(CCc3ccccc3)CC21)C1CCCCC1,94.32
Cc1ccc(S(=O)(=O)NC(=O)N2CCC(N3CCC(Oc4ccc(Cl)c(C)c4Cl)CC3)CC2)cc1,82.05
CCNC(=O)C1OC(n2cnc3c(N)nc(NCCc4ccc(CCC(=O)O)cc4)nc32)C(O)C1O,57.99
COCCOc1cc2ncc(C(N)=O)c(Nc3ccc(F)cc3F)c2cc1N1CCN(C)CC1,54.59
CN(C)CCC1CCN(c2cc(C(=O)NCC3CCC(CNC(=O)OCC(C)(C)C)CC3)c3ccccc3n2)CC1,98.61
CC(C(=O)OC1C[N+]2(CCCOc3ccc(F)cc3)CCC1CC2)(c1ccccc1)N1CCCCC1,96.87
COc1cc(-c2ccncc2)cc2cnc(Nc3ccc(C(C)NC(C)=O)cc3)nc12,96.57
Cc1ccc(S(=O)(=O)N2N=Cc3ccccc3B2O)cc1,91.64
COCCCCC(=NOCCN)c1ccc(C(F)(F)F)cc1,75.55
CNc1c(Br)cnc2[nH]c(-c3ccc(S(C)(=O)=O)cc3)nc12,95.23
COc1ccc(C2Sc3ccccc3N(CCN(C)C)C(=O)C2OC(C)=O)cc1,35.46
COCCC(=O)N(C)c1ccc(Nc2ncc3cc(-c4ccncc4)ccc3n2)cc1,97.38
Cc1nc(C(C)C)c(-c2ccc(C3CCC(CC(=O)O)CC3)cc2)nc1C(N)=O,97.81
CC(CO)Nc1nc(SCc2ccccc2)nc2nc(N)sc12,95.43
CC(CO)Nc1nc(SCc2cccc(F)c2F)nc2nc(N)cnc12,95.53
CCNC(=O)c1cc2c(-n3ccc(C(F)(F)F)n3)c(-c3cncc(C(N)=O)c3)cnc2[nH]1,64.01
O=C(NCc1cccc(OC(F)(F)F)c1)C1c2ccccc2C(=O)N1CCc1ncc(F)cn1,95.53
N#CCC(C1CCCC1)n1cc(-c2ncnc3[nH]ccc23)cn1,94.68
NC(=O)NC(=O)C(Nc1ccc2c(c1)CCC2)c1ccccc1,97.0
COc1ccc2ncc(=O)n(CCN3CCC(NCc4ccc5c(n4)NC(=O)CO5)C(O)C3)c2c1,94.68
Cc1cn(C2CCCN(S(=O)(=O)c3ccc(C(=O)O)c(Oc4cccc(Cl)c4)c3)C2)c(=O)[nH]c1=O,96.0
CC1CN(c2ccc3c(n2)NC(=O)CO3)C(c2ccccc2)CO1,93.67
CCCCc1nc2c(N)nc3ccccc3c2n1CC(C)C,93.8
O=C1CN(C(=O)c2ccccc2)C(c2ccccc2)c2cc(Cl)ccc2N1,93.94
CC(=O)Nc1ccc2ccn(-c3cc(NCCCCO)n4ncc(C#N)c4n3)c2c1,95.91
Cc1cn(C2CCCN(Cc3cccc(Oc4ccccc4)c3)C2)c(=O)[nH]c1=O,98.89
COc1ccc2c(c1)N(CCN1CCC(NCc3ccc4c(n3)NC(=O)CO4)CC1)C(=O)CC2,95.82
O=C(O)c1cccc(C(=O)N2CCC(N3CCC(Oc4ccc(Cl)c(Cl)c4)CC3)CC2)c1,95.01
CCN(CCO)C(=O)c1cc2cccnn2c1-c1cccc(C(F)(F)F)c1,95.72
N#Cc1ccc(OC2CCN(CC(O)CNC(=O)c3c[nH]c(=O)c4ccccc34)CC2)cc1Cl,80.29
O=c1cc(-c2cccnc2)[nH]c2cc(C(O)c3ccccc3)ccc12,97.32
Cc1cn(C2CCCN(C(CC(C)C)c3ccc(C(=O)O)c(Oc4cccc(Cl)c4)c3)C2)c(=O)[nH]c1=O,97.26
CC(CN(C)C)CN1c2ccccc2CCc2ccccc21,93.1
CC(C)N(CCNCCc1ccc(O)c2[nH]c(=O)sc12)C(=O)CCOCCc1ccccc1,97.2
CCC(=O)N1CCN(C(=O)c2cc(Cc3n[nH]c(=O)c4ccccc34)ccc2F)CC1,62.94
Cc1cnc(-c2cc(NC(=O)c3ccc(C(F)(F)F)nc3C)ccc2Cl)[nH]1,96.09
CC(C)(C)NS(=O)(=O)c1cncc(-c2ccc3nc(N)nn3c2)c1,62.94
COCCC(=O)Nc1ccc(Nc2ncc3cc(-c4ccncc4)ccc3n2)cc1,98.21
O=C(O)COc1cccc(C(=O)N2CCC(N3CCC(Oc4ccc(Cl)c(Cl)c4)CC3)CC2)c1,98.7
COc1ccccc1Oc1c(NS(=O)(=O)c2ccc(C(C)(C)C)cc2)nc(-c2ncccn2)nc1OCCO,98.7
Cc1ccc2c(c1)c(-c1ccnc3c(C(F)(F)F)cccc13)c(C)n2CC(=O)O,99.62
CCC(CC)NC(=O)c1c(C)nn(-c2ccccc2)c1NS(=O)(=O)c1ccc(C)cc1,99.51
CCC1CN(Cc2cc(Cl)ccc2OCC(=O)O)CCN1S(=O)(=O)c1ccccc1,99.31
Cc1ccc(S(=O)(=O)N(C)C(=O)N2CCC(N3CCC(Oc4ccc(Cl)c(Cl)c4)CC3)CC2)cc1,98.29
CCC(C)NC(=O)c1c(C)nn(-c2ccccc2)c1NS(=O)(=O)c1ccc(C)cc1,99.41
CCOc1cc2ncc(C(N)=O)c(Nc3cccc(Cl)c3Cl)c2cc1N1CCN(C(C)C)CC1,98.54
CC(C)(C)c1ccc(C(O)CCCN2CCC(C(O)(c3ccccc3)c3ccccc3)CC2)cc1,99.16
Cc1nnc2n1-c1ccc(Cl)cc1C(c1ccccc1)=NC2,71.05
Cc1ccc2c(c1)c(-c1ccnc3c(C)cccc13)c(C)n2CC(=O)O,99.51
CC(C)N1CCC(N(C(=O)Cc2ccccc2)c2ccc(Cl)cc2)CC1,71.05
Cc1cc(Nc2nc(NC(C)c3ncc(F)cn3)ncc2C)n[nH]1,71.99
COc1ccc(OC)c(CNc2n[nH]c3ccnc(Oc4ccccc4)c23)c1,98.58
Cc1[nH]c2ccc(-c3nnc(SCC(=O)N4CCCc5ccccc54)o3)cc2c1C,99.48
CC1(C)C2CCC1(CS(=O)(=O)N1CCN(c3ccc(C(F)(F)F)cn3)CC1)C(=O)C2,99.08
CC(C)n1c(C=CC(O)CC(O)CC(=O)O)c(-c2ccc(F)cc2)c2ccccc21,99.52
Nc1nc(-c2ccc(Cl)c(Cl)c2)c(-c2ccncc2)s1,99.26
O=C(NCc1cccc(F)c1)NC1CCN(Cc2ccn(-c3ccc(C(F)(F)F)cc3)c2)CC1,97.32
Nc1ncnc2nc(-c3ccc(N4CCOCC4)nc3)cc(-c3cccc(Br)c3)c12,96.57
O=C(NCC12CC3CC(CC(C3)C1)C2)c1cc(N2CCNCC2)ccc1Cl,97.32
Cc1cn(C2CCCN(Cc3ccc(C(=O)O)c(Oc4cccc(Cl)c4)c3)C2)c(=O)[nH]c1=O,97.32
COc1ccc2ncc(=O)n(CCN3CCC(NCc4cc5c(cn4)OCCO5)C(O)C3)c2c1,82.05
Cc1ccc(S(=O)(=O)Nc2c(C(=O)NC(C)C(C)(C)C)c(C)nn2-c2ccccc2)cc1,98.73
COC(=O)C1C(c2ccc(I)cc2)CC2CCC1N2CCCF,79.92
COCc1c(C(C)C)nc(C(C)C)c(C=CC(O)CC(O)CC(=O)O)c1-c1ccc(F)cc1,99.01
CNc1nc(C)c(-c2nc(Nc3cccc(N4CCCN(C(C)=O)CC4)c3)ncc2C#N)s1,98.21
O=C(O)c1ccc(-c2ccc(Cl)c(C(=O)NCC34CC5CC(CC(C5)C3)C4)c2)cc1,99.23
CC(C)(C)C(NC(=O)c1ccccc1)C(=O)c1ccc(Cl)cc1,99.4
COc1cc2c(Nc3cccc(Cl)c3Cl)c(C(N)=O)cnc2cc1NCCN1CCCCC1,99.4
Cc1nnc(NS(=O)(=O)c2ccc(N)cc2)s1,93.53
Cc1onc(-c2ccccc2)c1C(=O)N(C)c1ccc(Cl)cc1,95.82
CC(C)Cn1c(=O)n(C)c(=O)c2c(-c3ccncc3)n(Cc3cccc4ccccc34)nc21,98.76
CNC(C)C(=O)NC(C(=O)NC1CCCN(CCc2ccc(F)cc2)C1)C(C)(C)C,92.16
COc1cc2ncc(C(N)=O)c(Nc3ccc(F)cc3F)c2cc1NCCN1CCCCC1,79.92
Cc1ccc(-c2ccc(N)nn2)cc1NC(=O)c1ccc(OCc2ccccn2)cc1,94.79
N#Cc1cnn2c(N)cc(-c3ccc(F)cc3)nc12,94.56
COc1ccc2c(C)nc(NC(=N)N)nc2c1,78.79
CCN(CCNCCc1ccc(O)c2[nH]c(=O)sc12)C(=O)CCOCCc1ccccc1,94.56
CCCNC(=O)c1cc2c(-n3ccc(C(F)(F)F)n3)c(-c3cncc(C(=O)O)c3)cnc2[nH]1,92.32
N#Cc1ccc(F)c(-c2cc(C(F)(F)F)ccc2OCC(=O)O)c1,97.07
CC1CN(Cc2cc(Cl)ccc2OCC(=O)O)CCN1C(=O)Cc1ccc(F)cc1,97.13
Cc1cc(Nc2cncc(NC(C)c3ncc(F)cn3)n2)n[nH]1,91.46
CC(Cc1ccccn1)N1C(=O)c2ccccc2C1C(=O)NCc1ccc(OC(F)(F)F)cc1,98.89
COc1cccc(-c2cc3c(NC4CCCNC4)ncc(C(N)=O)c3s2)c1,95.63
CN(C)C(=O)C(CCN1CCC(O)(c2ccc(Cl)cc2)CC1)(c1ccccc1)c1ccccc1,92.64
CN(C)CCCC1(c2ccc(F)cc2)OCc2cc(C#N)ccc21,59.66
CC(C(=O)OC1C[N+]2(CC(=O)Nc3ccccc3)CCC1CC2)(c1ccccc1)N1CCCCC1,98.58
CC(C)NC(=O)c1nn(-c2ccc(Cl)cc2)c(=O)c2c(N)scc12,99.01
OCc1cc(C(O)CNCCCCCCOCCCCc2ccccc2)ccc1O,93.39
NC1=NC(c2cccc(-c3cncnc3)c2)(c2ccnc(C3CC3)c2)c2cccc(F)c21,98.51
CON(C)C(=O)c1c(Cn2c(C)nc(Cl)c2Cl)sc2c1c(=O)n(C)c(=O)n2CC(C)C,64.01
CC(=O)NC(C)c1ccc(Nc2ncc3cc(-c4ccncc4)ccc3n2)cc1,98.51
CC(=O)c1c(C)c2cnc(Nc3ccc(N4CCNCC4)cn3)nc2n(C2CCCC2)c1=O,77.21
Cc1csc(N)c1C(N)=O,67.63
Cc1[nH]c(C=C2C(=O)Nc3ccc(F)cc32)c(C)c1C(=O)NCCN(C)C,82.72
CC(C)C(NC(=O)CC(NC(=O)C=Cc1ccccc1)c1ccccc1)C(=O)C1C(=O)NC(=O)C1C,98.4
Cc1cnc(Nc2nc(NC(C)c3ncc(F)cn3)nc(N3CCOCC3)c2F)s1,93.1
COc1cc2ncc(C(N)=O)c(Nc3ccc(Cl)c(Cl)c3)c2cc1N1CCN(C)CC1,96.42
CC(C)(O)c1ccc(Nc2nc3ccc(C#N)cc3[nH]2)cc1,92.8
Cc1ccc(-c2cn(C)c(C)n2)cc1NC(=O)c1ccc(OCc2ccccn2)cc1,94.44
CC(NC(=O)C1CCCNC1)c1ccc(Nc2ncc3cc(-c4ccncc4)ccc3n2)cc1,94.56
CC(C)=CCC[N+]12CCC(CC1)C(OC(=O)C(C)(c1ccccc1)N1CCCCC1)C2,91.46
O=C(CN1CCCC1)N1c2ccccc2Sc2ccc(C(F)(F)F)cc21,97.71
CC1CN(Cc2cc(Cl)ccc2OCC(=O)O)CCN1S(=O)(=O)c1ccccc1,99.49
N#Cc1c(O)nc(N)nc1-c1ccccc1,96.34
COc1ccc(CC(=O)Nc2nc3ccccc3[nH]2)cc1,96.26
O=C1Nc2ccccc2B(O)N1c1ccccc1,82.05
CC(C(=O)OC1C[N+]2(CC(=O)Nc3ccncn3)CCC1CC2)(c1ccccc1)N1CCCCC1,87.11
COc1ncc(-c2cccc(F)c2CCNC(=O)c2ccc(OCCC(F)(F)F)nc2)cn1,99.5
NC(=O)c1ccc(Oc2cccc3cccnc23)c([N+](=O)[O-])c1,96.17
Cc1ccc(-c2c(C)nn(C)c2C)cc1NC(=O)c1ccc(OCc2ccccn2)cc1,98.21
COc1ncc(-c2cccc(C#N)c2CCNC(=O)c2ccc(OCCC(F)(F)F)nc2)cn1,88.11
c1ccc2c(c1)CCCC2Nc1nc2ccccc2[nH]1,99.3
Cc1cnc(NC(=O)C2C(=O)c3ccccc3S(=O)(=O)N2C)s1,99.57
CCCc1nc2c(C)cc(-c3nc4ccccc4n3C)cc2n1Cc1ccc(-c2ccccc2C(=O)O)cc1,99.23
Cc1onc(-c2c(Cl)cccc2Cl)c1CC(=O)NCc1ccc(OCC(F)(F)F)nc1,99.1
COc1ccc(CCN2C(=O)N(NS(C)(=O)=O)CC2c2ccc(OC)cc2)cc1,93.67
Cc1ccccc1S(=O)(=O)NC(=O)N1CCC(N2CCC(Oc3ccc(Cl)c(Cl)c3)CC2)CC1,89.49
CCCCN(CCNCCc1ccc(O)c2[nH]c(=O)sc12)C(=O)CCOCCc1ccccc1,94.68
Br.CCOC(=O)C1=CC(OC(CC)CC)C(NC(C)=O)C(NC(C)=N)C1,34.8
Br.COc1ccc2c3c1OC1CC(O)C=CC31CCN(C)C2,18.0
C#CC1(O)C(COC(Cc2ccc(N3CCCNC3=O)cc2)(C(=O)O)C(=O)O)OC(n2cnc3c(N)nc(Cl)nc32)C1O,60.0
C#CCN(C)Cc1ccc(O)c2ncccc12,69.02
C#CCONC(=O)OC1C(O)C(Oc2ccc3c(O)c(NC(=O)c4ccc(O)c(CC=C(C)C)c4)c(=O)oc3c2C)OC(C)(C)C1OC,0.044
C#CCn1c(=O)c2c(-c3cncn3C)n(Cc3ccnc4ccc(Cl)cc34)nc2n(CC2CC2)c1=O,4.0
C(#Cc1cccc(CN2CCOCC2)c1)CCN1CCCCC1,45.0
C=C(C(=O)OCC)C(O)c1ccccc1Cl,65.0
C=C(C)C1CCC2(C(=O)O)CCC3(C)C(CCC4C5(C)CC=C(c6cccc(N)c6)C(C)(C)C5CCC43C)C12,49.84
C=C(C)C1CCC2(C(=O)O)CCC3(C)C(CCC4C5(C)CC=C(c6cccc(O)c6)C(C)(C)C5CCC43C)C12,66.64
C=C(F)COc1ccc(Cl)cc1C1CC1CN.Cl,68.0
C=CC1(C)CC(OC(=O)CSC2CCC(N)CC2O)C2(C)C(C)CCC3(CCC(=O)C32)C(C)C1O,66.0
C=CC1=C(C(=O)O)N2C(=O)C(NC(=O)C(=NOCC(=O)O)c3csc(N)n3)C2SC1,65.0
C=CCOC1(C)CC(C)NC(=O)C(C)C(O)C(C)(O)C(CC)OC(=O)C(C)C(OC(=O)CCNCCNc2cc3c(=O)c(C(=O)O)cn(C4CC4)c3cc2Cl)C(C)C1OC1OC(C)CC(N(C)C)C1O,49.0
C=CCOc1ccc(C2CC(=O)Nc3nc(N)[nH]c(=O)c32)cc1OC,59.55
C=CCn1c(=O)c2cnc(Nc3ccc(N4CCN(C)CC4)cc3)nc2n1-c1ccc2c(n1)C(C)(O)CC2,63.0
C=CCn1c(=O)c2cnc(Nc3ccc(N4CCN(C)CC4)cc3)nc2n1-c1ccc2c(n1)C(O)(CC)CC2,66.0
C=CCn1c(=O)c2cnc(Nc3ccc(N4CCN(C)CC4)cc3)nc2n1-c1cccc(C(C)(C)O)n1,69.95
C=CCn1c(=O)c2cnc(Nc3ccc(N4CCN(C)CC4)cc3)nc2n1-c1cccc(C2(O)COC2)n1,61.0
CC#CCOc1ccc(C(=O)NC(C(=O)NO)C(C)(C)N)cc1,22.8
CC(=Cc1cc(F)c(OCC(F)C2CC2)cc1F)C(=O)NC1C(O)C(O)C2OCOC2C1O,13.95
CC(=N)N1CCC(Oc2ccc(C(Cc3ccc4ccc(C(=N)N)cc4c3)C(=O)O)cc2)C1,60.0
CC(=O)N(C)Cc1cc2nc(-c3cnc(N)nc3)nc(N3CCOCC3)c2s1,47.0
CC(=O)N(C)Cc1sc2c(N3CCOCC3)nc(-c3cnc(N)nc3)nc2c1C,51.0
CC(=O)N1CC2(CC(NC(=O)c3cc(-c4ccccc4)no3)C2)C1,59.0
CC(=O)N1CC2(CC2)CC1C(=O)NC(CC1CCNC1=O)C(=O)COC(F)(F)F,1.0
CC(=O)N1CCC(C(=O)N(CCCN2CCC(Cc3ccc(C(N)=O)cc3)CC2)c2ccc(C)c(Cl)c2)CC1,53.0
CC(=O)N1CCC(COc2ccc(-c3ccn[nH]3)nc2)CC1,65.85
CC(=O)N1CCC(NC(=O)NC23CC4CC(CC(C4)C2)C3)CC1,50.0
CC(=O)N1CCC(Nc2ncc3cc(Oc4ccc(F)cc4F)c(=O)n(C)c3n2)CC1,3.3
CC(=O)N1CCN(C2CC(n3cc(-c4ccc(Cl)c(N)c4)c4c(N)ncnc43)C2)CC1,64.4
CC(=O)N1CCN(c2cc(-c3ccccc3O)nnc2N)CC1C,69.0
CC(=O)N1CCN(c2nc3c(c(N(C)Cc4cc5ccccc5cn4)n2)CN(C(C)C)C3=O)CC1,66.1
CC(=O)NC(C(=O)N1CC(O)CC1C(=O)NC(C)c1ccc(-c2scnc2C)cc1)C(C)(C)C,54.25
CC(=O)NC(CCN1C2CCC1CC(n1c(C)nc3c1CCN(C(=O)C(C)C)C3)C2)c1cccc(F)c1,54.5
CC(=O)Nc1cc(-c2ccc(C#N)cc2C)n2ncnc2c1,51.4
CC(=O)Nc1cccc(N2CCN(CCCCNS(=O)(=O)CC(C)C)CC2)c1,57.0
CC(=O)O.CC1C=CC=CCCC=CC=CC=CC=CC(OC2OC(C)C(O)C(N)C2O)CC2OC(O)(CC(O)C(O)CCC(O)CC(O)CC(O)CC(=O)OC(C)C(C)C1O)CC(O)C2C(=O)NCCO,59.0
CC(=O)OC1CCC2(C)C(CCC3(C)C2CCC2C4C(c5cc6c(c(-c7ccccc7)c5)C(=O)N(c5nccs5)C6=O)CCC4(C(=O)O)CCC23C)C1(C)C,57.49
CC(=O)OCC1=C(C(=O)O)N2C(=O)C(NC(=O)Cc3cccs3)C2SC1,64.9
CC(=O)c1ccc2c(c1)c1cc(C(C)=O)ccc1n2CCN1CCCN(C)CC1,55.0
CC(=O)c1ccc2c(c1)c1cc(C(C)=O)ccc1n2CCNCCN(C)C,44.0
CC(C(=O)NCCCN1CCCC1)c1ccc(OS(=O)(=O)C(F)(F)F)cc1,62.0
CC(C(=O)OC1CC[N+](C)(C)CC1)(c1ccccc1)C1CCCC1.[Br-],58.0
CC(C(=O)OC1CC[N+](C)(C)CC1)(c1ccccc1)N1CCC(F)(F)CC1,37.6
CC(C(=O)OC1C[N+]2(CC(N)=O)CCC1CC2)(c1ccccc1)N1CCCCC1,63.8
CC(C)(C(=O)O)c1cccc(CCCN2CCC(=C3c4ccc(Cl)cc4CCc4cccnc43)CC2)c1,67.6
CC(C)(C)C(C)(O)C1CC23CCC1(OCCF)C1Oc4c(O)ccc5c4C12CCN(CC1CC1)C3C5,53.5
CC(C)(C)C(NC(=O)C(Cc1ccncc1)NC(=O)CNC(=O)CCC(NS(=O)(=O)c1ccc(Cl)c(C(F)(F)F)c1)C(=O)O)C(=O)N1CCCC1CC(N)=O,68.30000000000001
CC(C)(C)C(NC(=O)C(F)(F)F)C(=O)N1CC2C(C1C(=O)NC(C#N)CC1CCNC1=O)C2(C)C,39.4
CC(C)(C)CCC1(C(=O)c2ccc3[nH]ncc3c2)CCCN1,49.0
CC(C)(C)N.CCCC(NC(C)C(=O)N1C(C(=O)O)CC2CCCCC21)C(=O)OCC,60.0
CC(C)(C)NC(=O)C(=O)N1CC2C(C1C(=O)NC(CC1CCNC1=O)C(=O)COC(F)(F)F)C2(C)C,53.6
CC(C)(C)NC(=O)C(=O)N1CC2CCCC2C1C(=O)NC(CC1CCNC1=O)C(=O)COC(F)(F)F,39.8
CC(C)(C)NC(=O)C1CN(Cc2cccnc2)CCN1CC(O)CC(Cc1ccccc1)C(=O)NC1c2ccccc2CC1O.O,62.94
CC(C)(C)OC(=O)N1CCN(c2ncc(-c3ccc(OCC#N)cc3)cn2)CC1,0.1
CC(C)(C)OC(=O)N1CCN(c2ncc(OCc3ccc(S(C)(=O)=O)cc3)cn2)CC1,3.3
CC(C)(C)OC(=O)Nc1cccn(C(CC2CC2)C(=O)NC(CC2CCNC2=O)C(=O)C(N)=O)c1=O,66.5
CC(C)(C)c1cnc(CSc2cnc(NC(=O)C3CCNCC3)s2)o1,62.0
CC(C)(C)c1ncc(CSc2cnc(NC(=O)C3CCNCC3)s2)o1,66.0
CC(C)(CC(=O)NC1CC1)CC(=O)NC1C2CC3CC1CC(C(N)=O)(C3)C2,20.0
CC(C)(CC(=O)NC1CC1)CC(=O)NC1C2CC3CC1CC(O)(C3)C2,40.0
CC(C)(CCCS(C)(=O)=O)S(=O)(=O)c1cncnc1Nc1ccc(C#N)cc1,65.1
CC(C)(CNc1ccc(-c2cccc(C(N)=O)c2)cn1)c1ccc(F)cc1,1.0
CC(C)(CNc1ccc(-c2cccc(C(N)=O)c2)nn1)c1ccc(F)cc1,8.0
CC(C)(CNc1cnc(-c2cccc(C(N)=O)c2)cn1)c1ccc(F)cc1,2.0
CC(C)(CNc1nc(-c2cccc(C(N)=O)c2)ns1)c1ccc(F)cc1,2.0
CC(C)(CNc1ncc(-c2cccc(C(N)=O)c2)cn1)c1ccc(F)cc1,2.0
CC(C)(NC(=O)c1cnc(-n2cccn2)nc1O)c1ccccc1,1.9500000000000002
CC(C)(O)C(=O)NC1CCC2(S(=O)(=O)c3ccc(F)cc3)c3ccc(C(F)(C(F)(F)F)C(F)(F)F)nc3CCC12,2.3
CC(C)(O)C12CC(NC(=O)c3cnc4nc(C5CC5)ccc4c3)(C1)C2,69.0
CC(C)(O)C1CC23CCC1(OCCF)C1Oc4c(O)ccc5c4C12CCN(CC1CC1)C3C5,38.5
CC(C)(O)C1CCC(NC(=O)c2cnc3nc(C4CC4)ncc3c2)CC1,64.0
CC(C)(O)C1CCC(NC(=O)c2cnc3nc(N4CCC4)ncc3c2)CC1,54.0
CC(C)(O)CC(=O)NC1CCC2(S(=O)(=O)c3ccc(F)cc3)c3ccc(C(F)(C(F)(F)F)C(F)(F)F)cc3CCC12,0.4
CC(C)(O)CC(=O)NC1CCC2(S(=O)(=O)c3ccc(F)cc3)c3ccc(C(F)(C(F)(F)F)C(F)(F)F)nc3CCC12,1.8
CC(C)(O)CN1C(=O)C(F)CC1C(=O)N1CCC2(S(=O)(=O)c3ccc(F)cc3)c3ccc(C(F)(C(F)(F)F)C(F)(F)F)cc3CCC12,1.9
CC(C)(O)c1cc2nc(C3CCC(CN4CC5(CC(CCNc6cccc7c6C(=O)N(C6CCC(=O)NC6=O)C7=O)C5)C4)CC3)sc2cc1NC(=O)c1cccc(C(F)(F)F)n1,0.033
CC(C)(O)c1cc2nn(C3CCC(CN4CCC(OC5CC(Nc6cccc7c6C(=O)N(C6CCC(=O)NC6=O)C7=O)C5)CC4)CC3)cc2cc1NC(=O)c1cccc(C(F)(F)F)n1,0.096
CC(C)(O)c1cc2nn(C3CCC(CN4CCC5(CC4)CC(CNc4cccc6c4C(=O)N(C4CCC(=O)NC4=O)C6=O)C5)CC3)cc2cc1NC(=O)c1cccc(C(F)(F)F)n1,0.025
CC(C)(O)c1cc2nn(C3CCC(CN4CCC5(CC4)CC(Nc4cccc6c4C(=O)N(C4CCC(=O)NC4=O)C6=O)C5)CC3)cc2cc1NC(=O)c1cccc(C(F)(F)F)n1,0.079
CC(C)(O)c1ccc(-c2cnc3c(n2)N(CC2CCOCC2)CC(=O)N3)cn1,65.0
CC(C)(O)c1cncc(-c2ccc3c(c2)CCc2nnc(C(F)(F)F)n2-3)c1,30.0
CC(C)(ON=C(C(=O)NC1C(=O)N2C(C(=O)[O-])=C(C[N+]3(CCNC(=O)c4ccc(O)c(O)c4Cl)CCCC3)CSC12)c1csc(N)n1)C(=O)O,19.9
CC(C)(ON=C(C(=O)NC1C(=O)N2C(C(=O)[O-])=C(C[n+]3ccccc3)CSC12)c1csc(N)n1)C(=O)O,9.0
CC(C)=CCCC(C)=CCNCCNC1C2CC3CC(C2)CC1C3,6.0
CC(C)C(=O)NC1OC(C)C(O)C(O)C1O,16.5
CC(C)C(N)C(=O)OC1C(CO)OC(n2ccc(N)nc2=O)C1(C)O.Cl.Cl,7.0
CC(C)C(NC(=O)c1cc2ccccc2[nH]1)C(=O)Nc1nccs1,10.0
CC(C)C(NC(=O)c1cc2ccccc2oc1=O)C(=O)Nc1nccs1,10.0
CC(C)C(NC(=O)c1cccs1)C(=O)Nc1nccs1,10.0
CC(C)C1(C)SC(NC2CC3CC2CC3O)=NC1=O,40.9
CC(C)C1CCC2(C(=O)O)CCC3(C)C(CCC4C5(C)CC6=C(C7C(=O)N(c8ccccc8)C(=O)C7C=C6C(F)(F)F)C(C)(C)C5CCC43C)C12,59.66
CC(C)C1CNC(=O)c2cc(N3CCOCC3)nn21,11.5
CC(C)C1CNC(=O)c2cc(N3CCOCC3C)nn21,18.0
CC(C)C1NC(=O)C(Cc2ccc(F)cc2)NC(=O)C(Cc2ccc(O)cc2)NC(=O)CCCSCC(C(=O)N2CCCC2C(=O)NCCCCNC(=N)N)NC(=O)C(CC(N)=O)NC1=O,31.0
CC(C)C1NC(=O)C(Cc2ccccc2)NC(=O)C(Cc2ccc(O)cc2)NC(=O)CCSSCC(C(=O)N2CCCC2C(=O)NC(CCCNC(=N)N)C(=O)NCC(N)=O)NC(=O)C(CC(N)=O)NC1=O,31.0
CC(C)C1NC(=O)C(Cc2cccs2)NC(=O)C(Cc2ccc(O)cc2)NC(=O)CCCSCC(C(=O)N2CCCC2C(=O)NC(CCCNC(=N)N)C(=O)NCc2ccccc2)NC(=O)C(CC(N)=O)NC1=O,45.0
CC(C)C1NC(=O)C(Cc2cccs2)NC(=O)C(Cc2ccc(O)cc2)NC(=O)CCCSCC(C(=O)N2CCCC2C(=O)NC(CO)CCCNC(=N)N)NC(=O)C(CC(N)=O)NC1=O,15.0
CC(C)C1NC(=O)C(Cc2cccs2)NC(=O)C(Cc2ccc(O)cc2)NC(=O)CCCSCC(C(=O)N2CCCC2C(=O)NCCCCN)NC(=O)C(CC(N)=O)NC1=O,42.0
CC(C)C1NC(=O)C(Cc2cccs2)NC(=O)C(Cc2ccc(O)cc2)NC(=O)CCSCCC(C(=O)N2CCCC2C(=O)NC(CO)CCCNC(=N)N)NC(=O)C(CC(N)=O)NC1=O,26.0
CC(C)C=CC(=O)N1CC2(CC2)CC1C(=O)NC(CC1CCNC1=O)C(=O)COC(F)(F)F,43.5
CC(C)CC(=O)C(=O)N1CC2(CC2)CC1C(=O)NC(CC1CCNC1=O)C(=O)COC(F)(F)F,54.8
CC(C)CC(=O)Nc1n[nH]c2c1CN(C(=O)C1CCN(C)CC1)C2(C)C,54.0
CC(C)CC(CN)CC(=O)O,50.0
CC(C)CC(N)C(=O)NC(Cc1cn(C)c2ccccc12)C(=O)O,50.0
CC(C)CC(NC(=O)C(=O)NC12CC(F)(C1)C2)C(=O)NC(CC1CCNC1=O)C(=O)COC(F)(F)F,47.3
CC(C)CC(NC(=O)C(=O)NCC(F)(F)F)C(=O)NC(CC1CCNC1=O)C(=O)COC(F)(F)F,31.7
CC(C)CC(NC(=O)C(=O)Nc1ccccc1F)C(=O)NC(CC1CCNC1=O)C(=O)CO,51.8
CC(C)CC(NC(=O)C1CCCO1)C(=O)NC(CC1CCNC1=O)C(=O)COC(F)(F)F,34.3
CC(C)CC(NC(=O)CNC(=O)C(C)NC(=O)c1ccc(S(=O)(=O)NCC2OC(C)C(O)C(O)C2O)cc1)C(=O)NC(C)C(=O)NC1CCN(c2cc3c(cc2F)c(=O)c(C(=O)O)cn3C2CC2)C1,40.6
CC(C)CC(NC(=O)OCc1ccccc1)C(=O)NC(CC1CCNC1=O)C(O)S(=O)(=O)[O-].[Na+],68.0
CC(C)CC(NC(=O)c1cc(C(C)(C)F)on1)C(=O)NC(CC1CCNC1=O)C(=O)COC(F)(F)F,67.5
CC(C)CC(NC(=O)c1cc2ccccc2s1)C(=O)N1CCN(C(=O)C(CO)NS(=O)(=O)c2ccc(Cl)cc2Cl)CC1,0.2
CC(C)CC(NC(=O)c1cc2ccccc2s1)C(=O)NCCCN(C)S(=O)(=O)c1ccc(Cl)cc1Cl,0.003
CC(C)CC(O)C(=O)N1CC(C(F)(F)F)CC1C(=O)NC(CC1CCNC1=O)C(=O)COC(F)(F)F,50.1
CC(C)CC(O)C(=O)N1CC2(CC2)CC1C(=O)NC(CC1CCNC1=O)C(=O)COC(F)(F)F,36.3
CC(C)CC1(C(=O)c2ccc3[nH]ncc3c2)CCCN1,16.5
CC(C)CC1C(=O)NC(C2Cc3ccccc3C2)C(=O)N1C(C(=O)N(C)C)c1ccc(O)nc1,55.0
CC(C)CC1NC(=O)C(Cc2ccccc2)NC(=O)C(CCN)NC(=O)C(NC(=O)C(CN)NC(=O)C(NC(=O)C(CCN)NC(=O)c2ccc(=O)n(-c3ccccc3)c2)C(C)O)CCNC(=O)C(C(C)O)NC(=O)C(CCN)NC(=O)C(CCN)NC1=O,46.0
CC(C)CCCCC(=O)NC(CCN)C(=O)NC(C(=O)NC(CCN)C(=O)NC1CCNC(=O)C(C(C)O)NC(=O)C(CCN)NC(=O)C(CCN)NC(=O)C(CC(C)C)NC(=O)C(CC(C)C)NC(=O)C(CCN)NC1=O)C(C)O,41.7
CC(C)CCOc1ccc(CN2CC(C(=O)O)C2)cc1,37.0
CC(C)Cc1ccc(C(C)C(=O)OC(C)C)cc1,65.0
CC(C)Cc1ccc(C(C)C(=O)OCC(O)CO)cc1,23.0
CC(C)Cc1ccc(C(C)C(=O)OCc2ccccc2)cc1,37.0
CC(C)N(C)C(=O)n1cnc(S(=O)(=O)C2CC3CCC2C3)n1,58.0
CC(C)N1CCN(C(=O)c2ccc(CN3CCOCC3)cc2)CC1.O=C(O)C=CC(=O)O,12.4
CC(C)NCC(C(=O)N1CCN(c2ncnc3c2C(C)CC(=O)N3)CC1)c1ccc(Cl)cc1,50.5
CC(C)NCC(O)COc1ccc(CC(N)=O)cc1,4.0
CC(C)NCC(O)COc1ccc(COCCOC(C)C)cc1,24.47
CC(C)NCC(O)COc1cccc2[nH]ccc12,41.45
CC(C)NCC(O)c1ccc(NS(C)(=O)=O)cc1,17.5
CC(C)OCC1(C(=O)c2ccc(N)c(Cl)c2)CCCN1,56.0
CC(C)Oc1ccccc1C(=O)Nc1ccccc1C(=O)Nc1cccc(S(=O)(=O)C(F)(F)F)c1,0.02
CC(C)Oc1ccn2c(-c3cccc(NC4CNCCC4F)n3)cnc2c1,4.8
CC(C)Oc1ccn2c(-c3ccnc(NC4CNCCC4F)n3)cnc2c1,11.2
CC(C)Oc1ccn2c(-c3nc(NC4CNCCC4F)c(F)cc3F)cnc2c1,2.6
CC(C)c1cc(C(=O)N2CCC(NC(=O)C3CC3)C2)[nH]n1,40.0
CC(C)c1cc(C(=O)N2Cc3ccc(C(=O)N4CCN(C)CC4)cc3C2)c(O)cc1O,67.5
CC(C)c1cc(C(=O)N2Cc3ccc(C4(O)CCN(C)CC4)cc3C2)c(O)cc1O,64.0
CC(C)c1cc(C(=O)N2Cc3ccc(CN(C)C)cc3C2)c(O)cc1O,64.0
CC(C)c1cc(C(=O)N2Cc3ccc(N4CCNCC4)cc3C2)c(O)cc1O,64.0
CC(C)c1cc(C(=O)N2Cc3ccc(NC4CCN(C)CC4)cc3C2)c(O)cc1O,64.0
CC(C)n1nnnc1C(c1ccccc1F)N1CCN(c2cccc(Cl)c2)CC1,0.55
CC(CCC(=O)O)C1CCC2C3C(O)CC4CC(OC5OC(CO)C(O)C(O)C5O)CCC4(C)C3CC(O)C12C,53.6
CC(CCN1Cc2cc(C#CC#CC3CN(CCO)C3)cn2C1=O)(C(=O)NO)S(C)(=O)=O,68.0
CC(CCO)n1nc(-c2cnc3cc(OC4CC4)ccc3c2)c(C(N)=O)c1N,51.0
CC(CS(C)(=O)=O)Nc1ncc2cc(Oc3ccc(F)cc3F)c(=O)n(C)c2n1,4.0
CC(Cc1cc2c(c(C(N)=O)c1)N(CCCO)CC2)NCCOc1ccccc1OCC(F)(F)F,38.73
CC(Cn1ncnn1)Nc1ncc2cc(Oc3ccc(F)cc3F)c(=O)n(C)c2n1,3.3
CC(N)C(=O)CCC(=O)O,2.7
CC(N)C1CCN(c2c(F)cc3cc(C(=O)O)c(=O)n4c3c2OCC4C)C1,20.0
CC(N)CNc1nc(-c2ccncc2)cc2cnccc12,60.5
CC(NC(=O)C(Cc1ccccc1)NC(=O)c1ccccc1)C(=O)NC(C(=O)C(=O)NCC(=O)N1CC[N+](C)(C)CC1)C(C)C.O=C[O-],63.5
CC(NC(=O)C(NC(=O)C1CC[N+](C)(C)CC1)C(C)(C)C)C(=O)NC(C(=O)C(=O)NCc1ccccc1)C(C)C.O=C[O-],61.2
CC(NC(=O)c1cc(-c2ccc(F)cn2)cc(C(C)(C)O)c1)c1ccc(C(F)(F)F)[n+]([O-])c1,55.3
CC(NC(=O)c1ccc(C#Cc2cccc(F)c2)cn1)C(C)(C)O,2.75
CC(NC(CCc1ccccc1)C(=O)O)C(=O)N1CC(NC(=O)CC(N)Cc2cc(F)c(F)cc2F)CC1C(=O)O,42.0
CC(NC(CCc1ccccc1)C(=O)O)C(=O)N1CCCC1C(=O)O,57.6
CC(Nc1cnc(-c2cncc(CC(F)(F)F)c2)cn1)c1ccc(F)cc1,2.185
CC(Nc1ncc(-c2ccc3oc(=O)n(C)c3c2)nn1)c1ccc(F)cc1,1.125
CC(Nc1ncc(-c2cncc(S(C)(=O)=O)c2)cn1)c1ccc(F)cc1,5.525
CC(Nc1ncnc(N)c1C#N)c1nn2ccc(C#N)c2c(=O)n1-c1ccccc1,60.0
CC(O)(CS(C)(=O)=O)C(=O)NC1CCC2(S(=O)(=O)c3ccc(F)cc3)c3ccc(C(F)(C(F)(F)F)C(F)(F)F)cc3CCC12,0.30000000000000004
CC(O)(CS(C)(=O)=O)C(=O)NC1CCC2(S(=O)(=O)c3ccc(F)cc3)c3ccc(C(F)(C(F)(F)F)C(F)(F)F)nc3CCC12,1.85
CC(O)C1C(=O)N2C(C(=O)O)=C(SC(=S)N(C)CCO)C(C)C12,52.5
CC(O)C1C(=O)N2C(C(=O)O)=C(SC3CC(C(=O)N4CCC(NC(=O)CNC(=N)N)C4)N(C)C3)C(C)C12,9.0
CC(O)C1C(=O)N2C(C(=O)O)=C(SC3CNC(C(=O)Nc4cccc(C(=O)O)c4)C3)C(C)C12,36.925
CC(O)C1C(=O)N2C(C(=O)O)=C(SCCNC=N)CC12,5.0
CC(O)C1C(=O)N2C(C(=O)O)=C(c3cc(C4=NCCN4)c4oc5ccccc5c4c3)CC12,34.0
CC(O)C1NC(=O)C2NC(=O)C(CC(N)=O)NC(=O)C(N)Cc3c[nH]c4c(cccc34)OC2c2c[nH]c3cc(ccc23)C(CCCN)C(C(=O)NC(CCCNC(=N)N)C(=O)NC(Cc2c[nH]c3ccccc23)C(=O)O)NC1=O,57.5
CC(O)c1nc2cnc3[nH]ccc3c2n1C1CCC(C#N)CC1,47.0
CC(O)c1nc2cnc3[nH]ccc3c2n1C1CCC(CC#N)CC1,63.0
CC(O)c1nc2cnc3[nH]ccc3c2n1C1CCC(CCC#N)CC1,68.0
CC(O)c1nc2cnc3[nH]ccc3c2n1C1CCC(NCC(F)(F)F)C1,56.0
CC(O)c1nc2cnc3[nH]ccc3c2n1C1CCC(NCC(F)(F)F)CC1,56.0
CC(O)c1nc2cnc3[nH]ccc3c2n1C1CCCOC1,54.0
CC(Oc1cc(NC(=O)N2C(=O)CCC2CO)c(F)cc1C(=O)Nc1c(F)cccc1Cl)C(F)(F)F,0.95
CC(Oc1cc2oc(=O)n(CCC(=O)O)c2cc1Cl)c1cccnn1,61.349999999999994
CC(Oc1cc2oc(=O)n(CCC(=O)O)c2cc1Cl)c1ncccn1.NC(CO)(CO)CO,59.1
CC(Oc1ccc2c(c1)CN(C1CCC(=O)NC1=O)C2=O)C1CCCCN1C,31.0
CC(Oc1ccc2c(c1)OCCn1cc(-c3ncnn3C(C)C)nc1-2)C(N)=O,39.5
CC(Oc1cccc2ncnc(Nc3ccc4c(cnn4Cc4cccc(F)c4)c3)c12)C(=O)N(C)C,1.0
CC(Oc1cccc2ncnc(Nc3ccc4c(cnn4Cc4ccccn4)c3)c12)C(=O)N(C)C,12.0
CC(Oc1cccc2ncnc(Nc3ccc4c(cnn4Cc4cscn4)c3)c12)C(=O)N(C)C,14.0
CC(Oc1cccc2ncnc(Nc3ccc4c(cnn4Cc4nccs4)c3)c12)C(=O)N(C)C,14.0
CC(Oc1cccc2ncnc(Nc3ccc4c(cnn4Cc4nccs4)c3)c12)C(=O)N1CCOCC1,18.0
CC(Oc1ccccc1-c1cccc([N+](=O)[O-])c1)C1=NCCN1,59.66
CC(c1ccc(-n2cncn2)cc1)N1CC(N)C(C(=O)C2CCCC2C#N)C1,23.0
CC(c1ccccc1)N1C(=O)OC(Cc2ccccc2)(c2nnc(C3(c4ccccc4)CC3)o2)C1=O,0.5
CC1(C)C(=O)N(c2ccc(F)c(C(F)(F)F)c2)C(=O)N1CC#N,48.2
CC1(C)C(=O)N(c2ccc(F)c(C(F)(F)F)c2)C(=O)N1CC(N)=O,20.3
CC1(C)C(=O)N(c2ccc(F)c(C(F)(F)F)c2)C(=O)N1S(C)(=O)=O,66.0
CC1(C)C(=O)NC(=O)N1c1ccc(F)c(C(F)(F)F)c1,67.1
CC1(C)C(O)CCC2(C)C1CCC1(C)C2CCC2C3C(c4cc5c(c(-c6ccccc6)c4)C(=O)N(c4ccc(N)cc4)C5=O)CCC3(C(=O)O)CCC21C,62.96
CC1(C)CC(=O)N(c2ccc(F)c(C(F)(F)F)c2)C(=O)N1,15.0
CC1(C)CC(=O)N(c2ccc(F)c(C(F)(F)F)c2)C1=O,42.5
CC1(C)CC(O)(C(=O)N2CC3(CC3)CC2C(=O)NC(CC2CCNC2=O)C(=O)COC(F)(F)F)C1,58.8
CC1(C)CC(c2ccc(OC3CCN(C4CCC4)CC3)cc2)=NNC1=O,50.0
CC1(C)CCn2c(=O)c(=O)n(CCCO)c3cccc1c32,61.11
CC1(C)CCn2c(=O)n(CC(O)C(O)C(O)CO)c3cccc1c32,42.16
CC1(C)CNC(=O)N(c2ccc(F)c(C(F)(F)F)c2)C1=O,21.5
CC1(C)NC(=O)N(c2ccc(C(F)(F)F)nc2)C1=O,18.3
CC1(C)NC(=O)N(c2ccc(F)c(C#N)c2)C1=O,14.6
CC1(C)NC(=O)N(c2ccc(F)c(C(F)(F)F)c2)C1=O,52.1
CC1(C)NC(=O)N(c2ccc(F)c(C(F)F)c2)C1=O,20.4
CC1(C)NC(=O)N(c2cccc(C(F)(F)F)c2)C1=O,49.3
CC1(C)NC(=O)N(c2cccnc2)C1=O,6.6
CC1(C)NC(=O)N(c2ccnc(C(F)(F)F)c2)C1=O,22.7
CC1(C)NC(=O)N(c2ccnc3ccccc23)C1=O,16.9
CC1(C)NC(=O)N(c2ccncc2)C1=O,6.7
CC1(C)NC(=O)N(c2cnccn2)C1=O,5.8
CC1(C)OC(=O)N(c2ccc(F)c(C(F)(F)F)c2)C1=O,58.1
CC1(C)SC2C(NC(=O)C(N)c3ccc(O)cc3)C(=O)N2C1C(=O)O,24.0
CC1(C)SC2C(NC(=O)Cc3ccccc3)C(=O)N2C1C(=O)O,60.0
CC1(C2CC(=O)N(CCOc3ccc(F)c(C#N)c3)C2)CCNCC1.Cl,19.0
CC1(C2CC(=O)N(CCOc3ccc(F)c(C#N)c3)C2)CCS(=O)(=O)CC1,22.5
CC1(C2CC(=O)N(CCOc3ccc(F)c(F)c3)C2)CCS(=O)(=O)CC1,30.0
CC1(CO)Cc2cc(NC(=O)c3cnn4cccnc34)c(N3CCOCC3)cc2O1,66.0
CC1(CO)NC(=O)N(c2ccc(F)c(C(F)(F)F)c2)C1=O,34.3
CC1(N)CCC(Nc2c(C(N)=O)cnn3cc(-c4cc[nH]n4)cc23)C1(C)C,49.0
CC1(N)CCC(Nc2c(C(N)=O)cnn3cc(-c4ccccc4)cc23)C1(C)C,48.0
CC1(N)CCC(Nc2c(C(N)=O)cnn3cc(-c4ccncc4)cc23)C1(C)C,69.0
CC1(O)C(O)C(CO)OC1n1ccc(N)nc1=O,5.0
CC1(O)CC(NC(=O)c2cnc3cc(N4CCC4)ncc3c2)C1,52.0
CC1(OC(=O)N2CCC3(CC2)CC3CNC(=O)N2Cc3ccncc3C2)COC1,56.0
CC1(c2nc3c(C(N)=O)cccc3[nH]2)CCCN1,41.0
CC12CCC(=O)C=C1CCC1C2C(=O)CC2(C)C1CCC2(O)C(=O)CO,60.77
CC1=C(C(=O)O)N2C(=O)C(NC(=O)C(N)c3ccc(O)cc3)C2SC1,20.0
CC1=C(C(=O)O)N2C(=O)C(NC(=O)C(N)c3ccccc3)C2SC1,15.0
CC1=C(CC(=O)NCc2ccc(C(=N)N)cc2)C(=O)N(NS(=O)(=O)c2c(C)cccc2Cl)CC1,45.98
CC1C(NC(=O)C(=NOC(C)(C)C(=O)O)c2csc(N)n2)C(=O)N1S(=O)(=O)O,56.1
CC1CC(=O)NN=C1c1ccc(-c2cncnc2)cc1,55.0
CC1CC(=O)NN=C1c1ccc(F)c(F)c1,54.0
CC1CC(=O)NN=C1c1ccc(N2CCOCC2)c(F)c1,56.0
CC1CC(=O)NN=C1c1ccc(N2CCOCC2)cc1,44.5
CC1CC(N2C(=N)NC(C)(c3cccc(NC(=O)c4cccc(C#N)c4)c3Cl)CC2=O)CCO1,62.7
CC1CCCN1CCCOc1ccc(-c2ccc(=O)[nH]n2)cc1.Cl,39.0
CC1CCCN1CCCOc1ccc(-c2cn[nH]c(=O)c2)cc1,20.0
CC1CCCN1CCCOc1ccc(-c2cnn(-c3ccccn3)c(=O)c2)cc1,44.0
CC1CCCN1CCCOc1ccc(C(=O)CN2CCOCC2)cc1,20.0
CC1CCCN1CCCOc1ccc(C2=NNC(=O)C(C)(C)C2)cc1,26.0
CC1CCCN1CCCOc1ccc(C2=NNC(=O)C3CC23)cc1,57.0
CC1CCN(C(=O)CC#N)CC1N(C)c1ncnc2[nH]ccc12,33.0
CC1CCN(C2CCN(S(=O)(=O)c3ccc(OC(F)F)cc3)CC2)CC1,69.0
CC1CCN1c1cc2ncc(C(=O)NC3CCNC3=O)cc2cn1,56.0
CC1CN(C(=O)C(C)N2CCC(n3c(=O)[nH]c4ccccc43)CC2)CC(C)N1,26.75
CC1CN(C(=O)CC#N)C12CCN(c1ncnc3[nH]ccc13)C2,32.150000000000006
CC1CN(c2c(F)c(N)c3c(=O)c(C(=O)O)cn(C4CC4)c3c2F)CC(C)N1,40.0
CC1CNC(=O)c2cc(-c3ccnc(NC(=O)C4CC4)c3)nn21,64.0
CC1CNC(Nc2c(Cl)cccc2Cl)=N1,35.99
CC1COC2Cn3cc(C(=O)NCc4ccc5nonc5c4)c(=O)c(O)c3C(=O)N12,54.95
CC1COCCN1c1cc2n(n1)C(C(C)(C)C)CNC2=O,24.0
CC1COCCN1c1cc2n(n1)C(C(F)(F)F)CNC2=O,14.0
CC1COCCN1c1cc2n(n1)C(C1CC1)C1(CC1)NC2=O,33.5
CC1COCCN1c1cc2n(n1)C1CCCC1NC2=O,20.0
CC1COc2c(N3CC4CC(F)(F)CC(N)C4C3)c(F)cc3cc(C(=O)O)c(=O)n1c23,59.0
CC1COc2c(N3CCC(C4(N)CC4)C3)c(F)cc3cc(C(=O)O)c(=O)n1c23,24.0
CC1COc2c(N3CCN(C)CC3)c(F)cc3c(=O)c(C(=O)O)cn1c23,32.5
CC1COc2c(N3CCN(C)CC3)c(F)cc3c(=O)c(C(=O)O)cn1c23.CC1COc2c(N3CCN(C)CC3)c(F)cc3c(=O)c(C(=O)O)cn1c23.O,22.0
CC1Cc2c(nnn2-c2ncc(F)cn2)CN1C(=O)c1ccnc(C(F)(F)F)c1F,51.5
CC1Cc2cc(C(N)=O)cnc2N1,31.0
CC1Cn2c(nnc2-c2ccccn2)CN1C(=O)c1cccc(Cl)c1Cl,52.05
CC1Cn2c(nnc2-c2cnccn2)CN1C(=O)c1cccc(C(F)(F)F)c1Cl,69.8
CC1NC(=O)N(c2ccc(F)c(C(F)F)c2)C1=O,38.6
CC1OC(CNS(=O)(=O)c2ccc(C#Cc3ccccc3)s2)C(O)C(O)C1O,60.0
CC1OC(NC(=O)C=Cc2ccccc2)C(O)C(O)C1O,25.5
CC1OC(NC(=O)c2ccc(C(F)(F)F)cc2)C(O)C(O)C1O,50.5
CC1OC(NC(=O)c2ccc(Cl)cc2)C(O)C(O)C1O,55.0
CC1OC(NC(=O)c2ccc([N+](=O)[O-])cc2)C(O)C(O)C1O,51.5
CC1OC(NC(=O)c2ccccc2)C(O)C(O)C1O,43.5
CC1OC(NC(=O)c2cccs2)C(O)C(O)C1O,49.0
CC1OC(NS(=O)(=O)c2ccccc2)C(O)C(O)C1O,41.5
CC1OC(NS(=O)(=O)c2cccs2)C(O)C(O)C1O,57.5
CC=CC1=C(C(=O)O)N2C(=O)C(NC(=O)C(N)c3ccc(O)cc3)C2SC1,36.0
CCC#CCC(C)C(O)C=CC1CC(F)(F)C(=O)N1CCCCCCC(=O)O,58.4
CCC#CCC(C)C(O)C=CC1CCC(=O)N1CCCCCCC(=O)O,44.2
CCC(=C(c1ccc(O)cc1)c1ccc(OCCN(C)C)cc1)c1ccccc1,2.175
CCC(=O)CN1C(=O)C(NC(=O)c2cc3cc(Cl)sc3[nH]2)Cc2ccccc21,0.15
CCC(=O)N1CCC(Nc2ncnc3c2nc(-c2cnn(CC)c2C)n3C)C1,51.0
CCC(C#N)(CC)Nc1nc(NC)nc(-n2cncn2)n1,51.0
CCC(C)(C)C(=O)O,0.0
CCC(C)C(=O)OC1CC(O)C=C2C=CC(C)C(CCC(O)CC(O)CC(=O)O)C21,52.144999999999996
CCC(C)C(NC(=O)C(CC(C)C)NC(=O)C(Cc1c[nH]c2ccccc12)NC(=O)C(CCC(=O)O)NC(=O)C(NC(=O)C(Cc1ccccc1)NC(=O)C(CCC(=O)O)NC(=O)C(CCCCNC(=O)CCC(NC(=O)CCCCCNC(=O)CCC(C)=CCc1c(O)c2c(c(C)c1OC)COC2=O)C(=O)O)NC(=O)C(C)NC(=O)C(C)NC(=O)C(CCC(=O)O)NC(=O)C(CCC(=O)O)NC(=O)C(CCC(=O)O)NC(=O)C(CC(C)C)NC(=O)C(Cc1ccc(O)cc1)NC(=O)C(CCC(=O)O)NC(=O)C(NC(=O)C(NC(=O)C(CC(=O)O)NC(=O)C(CC(N)=O)NC(=O)C(NC(=O)C(Cc1ccc(O)cc1)NC(=O)C(NC(=O)CNC(=O)C(CCC(=O)O)NC(=O)CNC(=O)C(N)Cc1cnc[nH]1)C(C)O)C(C)O)C(C)C)C(C)O)C(C)CC)C(=O)NC(CCCCN)C(=O)NCC(=O)NC(CCCCN)C(=O)N1CCCC1C(=O)NC(CO)C(=O)NC(CO)C(=O)NCC(=O)NC(C)C(=O)N1CCCC1C(=O)N1CCCC1C(=O)N1CCCC1C(=O)NC(CO)C(=O)O,64.9
CCC(C)C(NC(=O)C(CC(C)C)NC(=O)C(Cc1c[nH]c2ccccc12)NC(=O)C(CCC(=O)O)NC(=O)C(NC(=O)C(Cc1ccccc1)NC(=O)C(CCC(=O)O)NC(=O)C(CCCCNC(=O)CCC(NC(=O)CCCCCNC(=O)CCC(C)=CCc1c(O)c2c(c(C)c1OC)COC2=O)C(=O)O)NC(=O)C(C)NC(=O)C(C)NC(=O)C(CCC(=O)O)NC(=O)C(CCC(=O)O)NC(=O)C(CCC(=O)O)NC(=O)C(CC(C)C)NC(=O)C(Cc1ccc(O)cc1)NC(=O)C(CCC(=O)O)NC(=O)C(NC(=O)C(NC(=O)C(CC(=O)O)NC(=O)C(CC(N)=O)NC(=O)C(NC(=O)C(Cc1ccc(O)cc1)NC(=O)C(NC(=O)CNC(=O)C(CCC(=O)O)NC(=O)CNC(=O)C(N)Cc1cnc[nH]1)C(C)O)C(C)O)C(C)C)C(C)O)C(C)CC)C(=O)NC(CCCCN)C(=O)NCC(=O)NC(CCCCN)C(=O)N1CCCC1C(=O)NC(CO)C(=O)NC(CO)C(=O)NCC(=O)NC(C)C(=O)N1CCCC1C(=O)N1CCCC1C(=O)NC(CO)C(=O)NC(CCCCN)C(=O)NC(CCCCN)C(=O)NC(CCCCN)C(=O)NC(CCCCN)C(=O)NC(CCCCN)C(=O)NC(CCCCN)C(=O)O,63.9
CCC(C)C(NC(=O)C(Cc1ccccc1)NC(=O)C(CC(=O)O)NC(=O)C(CCCNC(=N)N)NC(=O)C(C)NC(=O)C(C)NC(=O)C(CC(C)C)NC(=O)C(CC(N)=O)NC(=O)C(CC(=O)O)NC(=O)C(CC(C)C)NC(=O)C(NC(=O)C(NC(=O)C(CC(N)=O)NC(=O)C(CCSC)NC(=O)C(CCC(=O)O)NC(=O)C(CC(=O)O)NC(=O)C(CO)NC(=O)C(Cc1ccccc1)NC(=O)C(CO)NC(=O)CNC(=O)C(CC(=O)O)NC(=O)C(C)NC(=O)C(N)Cc1cnc[nH]1)C(C)O)C(C)CC)C(=O)NC(CC(N)=O)C(=O)NC(Cc1c[nH]c2ccccc12)C(=O)NC(CC(C)C)C(=O)NC(C(=O)NC(CCC(N)=O)C(=O)NC(C(=O)NC(CCCCN)C(=O)NC(C(=O)NC(C(=O)NC(CC(=O)O)C(=O)O)C(C)O)C(C)CC)C(C)O)C(C)CC,66.2
CCC(C)C(NC(=O)C(Cc1ccccc1)NC(=O)C(CC(=O)O)NC(=O)C(CCCNC(=N)N)NC(=O)C(C)NC(=O)C(C)NC(=O)C(CC(C)C)NC(=O)C(CC(N)=O)NC(=O)C(CC(=O)O)NC(=O)C(CC(C)C)NC(=O)C(NC(=O)C(NC(=O)C(CC(N)=O)NC(=O)C(CCSC)NC(=O)C(CCC(=O)O)NC(=O)C(CC(=O)O)NC(=O)C(CO)NC(=O)C(Cc1ccccc1)NC(=O)C(CO)NC(=O)CNC(=O)C(CC(=O)O)NC(=O)CNC(=O)C(N)Cc1c[nH]cn1)C(C)O)C(C)CC)C(=O)NC(CC(N)=O)C(=O)NC(Cc1c[nH]c2ccccc12)C(=O)NC(CC(C)C)C(=O)NC(C(=O)NC(CCC(N)=O)C(=O)NC(C(=O)NC(CCCCN)C(=O)NC(C(=O)NC(C(=O)NC(CC(=O)O)C(=O)O)C(C)O)C(C)CC)C(C)O)C(C)CC,58.1
CCC(C)C(NC(=O)C(Cc1ccccc1)NC(=O)C(CC(C)C)NC(=O)C(CCCNC(=N)N)NC(=O)C(NC(=O)C(C)NC(=O)C(CCC(=O)O)NC(=O)C(CCC(=O)O)NC(=O)C(CCC(=O)O)NC(=O)C(CCSC)NC(=O)C(CCC(N)=O)NC(=O)C(CCCCN)NC(=O)C(CO)NC(=O)C(CC(C)C)NC(=O)C(CC(=O)O)NC(=O)C(CO)NC(=O)C(NC(=O)C(Cc1ccccc1)NC(=O)C(NC(=O)CNC(=O)C(CCC(=O)O)NC(=O)CNC(=O)C(N)Cc1cnc[nH]1)C(C)O)C(C)O)C(C)C)C(=O)NC(CCC(=O)O)C(=O)NC(Cc1c[nH]c2ccccc12)C(=O)NC(CC(C)C)C(=O)NC(CCCCN)C(=O)NC(CC(N)=O)C(=O)NCC(=O)NCC(=O)N1CCCC1C(=O)NC(CO)C(=O)NC(CO)C(=O)NCC(=O)NC(C)C(=O)N1CCCC1C(=O)N1CCCC1C(=O)N1CCCC1C(=O)NC(CO)C(N)=O,22.3
CCC(C)C(NC(=O)C(Cc1ccccc1)NC(=O)C(CCC(=O)O)NC(=O)C(CCCCN)NC(=O)C(C)NC(=O)C(C)NC(=O)C(CCC(N)=O)NC(=O)CNC(=O)C(CCC(=O)O)NC(=O)C(CC(C)C)NC(=O)C(Cc1ccc(O)cc1)NC(=O)C(CO)NC(=O)C(CO)NC(=O)C(NC(=O)C(CC(=O)O)NC(=O)C(CO)NC(=O)C(NC(=O)C(Cc1ccccc1)NC(=O)C(NC(=O)CNC(=O)C(CCC(=O)O)NC(=O)CNC(=O)C(N)Cc1cnc[nH]1)C(C)O)C(C)O)C(C)C)C(=O)NC(C)C(=O)NC(Cc1c[nH]c2ccccc12)C(=O)NC(CC(C)C)C(=O)NC(C(=O)NC(CCCCN)C(=O)NCC(=O)NC(CCCNC(=N)N)C(=O)NC(CSC1CC(=O)N(CCC(=O)Nc2ccc(C(c3c(O)c4ccccc4oc3=O)c3c(O)c4ccccc4oc3=O)cc2)C1=O)C(N)=O)C(C)C,66.8
CCC(C)C(NC(=O)C(Cc1ccccc1)NC(=O)C(CCC(=O)O)NC(=O)C(CCCCN)NC(=O)C(C)NC(=O)C(C)NC(=O)C(CCC(N)=O)NC(=O)CNC(=O)C(CCC(=O)O)NC(=O)C(CC(C)C)NC(=O)C(Cc1ccc(O)cc1)NC(=O)C(CO)NC(=O)C(CO)NC(=O)C(NC(=O)C(CC(=O)O)NC(=O)C(CO)NC(=O)C(NC(=O)C(Cc1ccccc1)NC(=O)C(NC(=O)CNC(=O)C(CCC(=O)O)NC(=O)CNC(=O)C(N)Cc1cnc[nH]1)C(C)O)C(C)O)C(C)C)C(=O)NC(C)C(=O)NC(Cc1c[nH]c2ccccc12)C(=O)NC(CC(C)C)C(=O)NC(C(=O)NC(CCCCN)C(=O)NCC(=O)NC(CCCNC(=N)N)C(N)=O)C(C)C,6.3
CCC(C)C(NC(=O)C(Cc1ccccc1)NC(=O)C(CCC(=O)O)NC(=O)C(CCCCN)NC(=O)C(C)NC(=O)C(C)NC(=O)C(CCC(N)=O)NC(=O)CNC(=O)C(CCC(=O)O)NC(=O)C(CC(C)C)NC(=O)C(Cc1ccc(O)cc1)NC(=O)C(CO)NC(=O)C(CO)NC(=O)C(NC(=O)C(CC(=O)O)NC(=O)C(CO)NC(=O)C(NC(=O)C(Cc1ccccc1)NC(=O)C(NC(=O)CNC(=O)C(CCC(=O)O)NC(=O)CNC(=O)C(N)Cc1cnc[nH]1)C(C)O)C(C)O)C(C)C)C(=O)NC(C)C(=O)NC(Cc1c[nH]c2ccccc12)C(=O)NC(CC(C)C)C(=O)NC(C(=O)NC(CCCCN)C(=O)NCC(=O)NC(CS)C(N)=O)C(C)C,9.2
CCC(C)C(NC(=O)C(Cc1ccccc1)NC(=O)C(CCC(=O)O)NC(=O)C(CCCCN)NC(=O)C(C)NC(=O)C(C)NC(=O)C(CCC(N)=O)NC(=O)CNC(=O)C(CCC(=O)O)NC(=O)C(CC(C)C)NC(=O)C(Cc1ccc(O)cc1)NC(=O)C(CO)NC(=O)C(CO)NC(=O)C(NC(=O)C(CC(=O)O)NC(=O)C(CO)NC(=O)C(NC(=O)C(Cc1ccccc1)NC(=O)C(NC(=O)CNC(=O)C(CCC(=O)O)NC(=O)CNC(=O)C(N)Cc1cnc[nH]1)C(C)O)C(C)O)C(C)C)C(=O)NC(C)C(=O)NC(Cc1c[nH]c2ccccc12)C(=O)NC(CC(C)C)C(=O)NC(C(=O)NC(CS)C(=O)NCC(=O)NC(CCCNC(=N)N)C(N)=O)C(C)C,6.1
CCC(C)C(NC(=O)C(Cc1ccccc1)NC(=O)C(CCC(=O)O)NC(=O)C(CCCCN)NC(=O)C(C)NC(=O)C(C)NC(=O)C(CCC(N)=O)NC(=O)CNC(=O)C(CCC(=O)O)NC(=O)C(CC(C)C)NC(=O)C(Cc1ccc(O)cc1)NC(=O)C(CO)NC(=O)C(CS)NC(=O)C(NC(=O)C(CC(=O)O)NC(=O)C(CO)NC(=O)C(NC(=O)C(Cc1ccccc1)NC(=O)C(NC(=O)CNC(=O)C(CCC(=O)O)NC(=O)CNC(=O)C(N)Cc1cnc[nH]1)C(C)O)C(C)O)C(C)C)C(=O)NC(C)C(=O)NC(Cc1c[nH]c2ccccc12)C(=O)NC(CC(C)C)C(=O)NC(C(=O)NC(CCCCN)C(=O)NCC(=O)NC(CCCNC(=N)N)C(N)=O)C(C)C,7.8
CCC(C)C(NC(=O)C(Cc1ccccc1)NC(=O)C(CCC(=O)O)NC(=O)C(CCCCN)NC(=O)C(C)NC(=O)C(C)NC(=O)C(CCC(N)=O)NC(=O)CNC(=O)C(CCC(=O)O)NC(=O)C(CC(C)C)NC(=O)C(Cc1ccc(O)cc1)NC(=O)C(CO)NC(=O)C(CSC1CC(=O)N(CCC(=O)Nc2ccc(C(c3c(O)c4ccccc4oc3=O)c3c(O)c4ccccc4oc3=O)cc2)C1=O)NC(=O)C(NC(=O)C(CC(=O)O)NC(=O)C(CO)NC(=O)C(NC(=O)C(Cc1ccccc1)NC(=O)C(NC(=O)CNC(=O)C(CCC(=O)O)NC(=O)CNC(=O)C(N)Cc1cnc[nH]1)C(C)O)C(C)O)C(C)C)C(=O)NC(C)C(=O)NC(Cc1c[nH]c2ccccc12)C(=O)NC(CC(C)C)C(=O)NC(C(=O)NC(CCCCN)C(=O)NCC(=O)NC(CCCNC(=N)N)C(N)=O)C(C)C,69.0
CCC(C)C(NC(=O)C(Cc1ccccc1)NC(=O)C(CCC(=O)O)NC(=O)C(CS)NC(=O)C(C)NC(=O)C(C)NC(=O)C(CCC(N)=O)NC(=O)CNC(=O)C(CCC(=O)O)NC(=O)C(CC(C)C)NC(=O)C(Cc1ccc(O)cc1)NC(=O)C(CO)NC(=O)C(CO)NC(=O)C(NC(=O)C(CC(=O)O)NC(=O)C(CO)NC(=O)C(NC(=O)C(Cc1ccccc1)NC(=O)C(NC(=O)CNC(=O)C(CCC(=O)O)NC(=O)CNC(=O)C(N)Cc1cnc[nH]1)C(C)O)C(C)O)C(C)C)C(=O)NC(C)C(=O)NC(Cc1c[nH]c2ccccc12)C(=O)NC(CC(C)C)C(=O)NC(C(=O)NC(CCCCN)C(=O)NCC(=O)NC(CCCNC(=N)N)C(N)=O)C(C)C,5.1
CCC(C)C(NC(=O)C(Cc1ccccc1)NC(=O)C(CCC(=O)O)NC(=O)C(CSC1CC(=O)N(CCC(=O)Nc2ccc(C(c3c(O)c4ccccc4oc3=O)c3c(O)c4ccccc4oc3=O)cc2)C1=O)NC(=O)C(C)NC(=O)C(C)NC(=O)C(CCC(N)=O)NC(=O)CNC(=O)C(CCC(=O)O)NC(=O)C(CC(C)C)NC(=O)C(Cc1ccc(O)cc1)NC(=O)C(CO)NC(=O)C(CO)NC(=O)C(NC(=O)C(CC(=O)O)NC(=O)C(CO)NC(=O)C(NC(=O)C(Cc1ccccc1)NC(=O)C(NC(=O)CNC(=O)C(CCC(=O)O)NC(=O)CNC(=O)C(N)Cc1cnc[nH]1)C(C)O)C(C)O)C(C)C)C(=O)NC(C)C(=O)NC(Cc1c[nH]c2ccccc12)C(=O)NC(CC(C)C)C(=O)NC(C(=O)NC(CCCCN)C(=O)NCC(=O)NC(CCCNC(=N)N)C(N)=O)C(C)C,57.7
CCC(C)CCCCC(=O)NC(CCN)C(=O)NC(C(=O)NC(CCN)C(=O)NC1CCNC(=O)C(C(C)O)NC(=O)C(CCN)NC(=O)C(CCN)NC(=O)C(CC(C)C)NC(=O)C(CC(C)C)NC(=O)C(CCN)NC1=O)C(C)O,56.6
CCC(C)OC(=O)C(C)c1ccc(CC(C)C)cc1,67.0
CCC(C)n1ncn(-c2ccc(N3CCN(c4ccc(OCC5COC(Cn6cncn6)(c6ccc(Cl)cc6Cl)O5)cc4)CC3)cc2)c1=O,68.9
CCC(CC)OC1C=C(C(=O)O)CC(N)C1NC(C)=O,3.0
CCC(CC)OC1C=C(C(=O)O)CC(NC(=N)N)C1NC(C)=O,2.45
CCC(CC)OC1C=C(C(=O)O)CC(NC(C)=N)C1NC(C)=O,2.575
CCC(CC)[N+]12CCC(CC1)C(OC(=O)C(C)(c1ccccc1)N1CCCCC1)C2,57.9
CCC(CC)c1cc(NC2CCC(N)C2)n2nccc2n1,44.5
CCC(NC(=O)N1C(=O)C(Cc2ccnc(N)c2)C1C(=O)N(C)c1nccn1C)c1ccccc1,50.0
CCC(NC(=O)c1ccc(Cl)cc1)C1C2CC(n3cnc4cc(F)cnc43)CC21,65.9
CCC(NC(CCc1ccccc1)C(=O)O)C(=O)N1CC(NC(=O)CC(N)Cc2cc(F)c(F)cc2F)CC1C(=O)O,59.7
CCC(Nc1ncnc2c1nc(-c1cnn(CC)c1C)n2C)C(=O)N1CC(C)OC(C)C1,58.0
CCC(O)(CC)CCCCCCN1CC(O)C(O)C(O)C1CO,33.0
CCC(O)(c1cnc(C(F)(F)F)c(Cl)c1)c1c2ccn(C3CC3)c(=O)c2nn1C,47.1
CCC(O)(c1cnc(C(F)(F)F)c(Cl)c1)c1c2cnn(C3CC3)c(=O)c2nn1C,48.7
CCC(O)CN1C(=O)C(NC(=O)c2cc3cc(Cl)sc3[nH]2)Cc2ccccc21,0.11
CCC1(C2=NCCN2)Cc2ccccc2O1,24.03
CCC1(CCC(C)C)C(=O)NC(=O)NC1=O,60.77
CCC1C(O)C2C(CC(O)C3(C)C(C(C)CC(C)C(=O)O)CCC23)C2(C)CCC(O)CC12,62.0
CCC1OC(=O)C(C)C(=O)C(C)C(OC2OC(C)CC(N(C)C)C2O)C(C)(OC)CC(C)C(=O)C(C)C2N(CCCCn3cnc(-c4cccnc4)c3)C(=O)OC12C,50.0
CCC1OC(=O)C(C)C(OC(=O)CCNCCNc2cc3c(=O)c(C(=O)O)cn(C4CC4)c3cc2Cl)C(C)C(OC2OC(C)CC(N(C)C)C2O)C(C)(OCC=Cc2cnc3ccccc3c2)CC(C)NC(=O)C(C)C(O)C1(C)O,60.0
CCC1OC(=O)C(C)C(OC2CC(C)(OC)C(O)C(C)O2)C(C)C(OC2OC(C)CC(N(C)C)C2O)C(C)(O)CC(C)C(=O)C(C)C(O)C1(C)O,19.0
CCC1OC(=O)C(C)C(OC2CC(C)(OC)C(O)C(C)O2)C(C)C(OC2OC(C)CC(N(C)C)C2O)C(C)(O)CC(C)CN(C)C(C)C(O)C1(C)O,28.0
CCC1OC(=O)C(C)C(OC2CC(C)(OC)C(O)C(C)O2)C(C)C(OC2OC(C)CC(N(C)C)C2O)C(C)(O)CC(C)CN(CCCNC(=O)CCc2ccccc2)C(C)C(O)C1(C)O,43.0
CCC1OC(=O)C(C)C(OC2CC(C)(OC)C(O)C(C)O2)C(C)C(OC2OC(C)CC(N(C)C)C2O)C(C)(O)CC(C)CN(CCCNCc2ccnc3ccccc23)C(C)C(O)C1(C)O,43.0
CCC1OC(=O)C(C)C(OC2CC(C)(OC)C(O)C(C)O2)C(C)C(OC2OC(C)CC(N(C)C)C2O)C(C)(O)CC(C)CN(CCCNc2ccnc3cc(Cl)ccc23)C(C)C(O)C1(C)O,43.0
CCC1OC(=O)C(C)C(OC2CC(C)(OC)C(O)C(C)O2)C(C)C(OC2OC(C)CC(N(C)C)C2O)C(C)(O)CC(C)CN(CCCNc2ccnc3ccccc23)C(C)C(O)C1(C)O,43.0
CCC1OC(=O)C(C)C(OC2CC(C)(OC)C(O)C(C)O2)C(C)C(OC2OC(C)CC(N(C)C)C2O)C(C)(OC)CC(C)C(=O)C(C)C(O)C1(C)O,31.0
CCCC(=O)Nc1ccc(OCC(O)CNC(C)C)c(C(C)=O)c1,29.3
CCCC(CCC)C(=O)O,14.25
CCCC(CCO)Nc1nc(N)nc2c(F)cccc12,54.0
CCCC(CCO)Nc1nc(N)nc2c1CN(C(=O)c1csc(C)n1)CC2,30.0
CCCC(NC(C)C(=O)N1C(C(=O)O)CC2CCCCC21)C(=O)O,10.0
CCCC(NC(CCc1ccccc1)C(=O)O)C(=O)N1CC(NC(=O)CC(N)Cc2cc(F)c(F)cc2F)CC1C(=O)O,43.6
CCCC1(C(=O)c2cc(F)c3[nH]ccc3c2)CCCN1,64.5
CCCC1(C(=O)c2ccc(N)c(Cl)c2)CCCN1,43.5
CCCC1(C(=O)c2ccc3[nH]ccc3c2)CCCN1,64.5
CCCC1(C(=O)c2ccc3[nH]ncc3c2)CCCN1,8.5
CCCCC(CCO)Nc1nc(N)ncc1OC,33.0
CCCCC(CN(O)C=O)C(=O)N1CC=CC1C(=O)Nc1ccc(F)c[n+]1[O-],53.3
CCCCC(NC(=O)C1CCCN1C(=O)CNC(=O)C(CCCCN)NC(=O)C(Cc1c[nH]cn1)NC(=O)C(CO)NC(=O)C(CC(C)C)N(C)C(=O)C(CCCNC(=N)N)NC(=O)C1CCCN1C(=O)C(CCCNC(=N)N)NC(=O)C(CCC(N)=O)NC(=O)C(CCCNC(=N)N)NC(=O)C(CCCNC(=N)N)NC(=O)C(Cc1ccccc1)NC(=O)C(N)CCCCN)C(=O)NC(C)(C)C(=O)NC(Cc1ccc(Br)cc1)C(=O)O,55.0
CCCCC(NC(=O)C1CCCN1C(=O)CNC(=O)C(CCCCN)NC(=O)C(Cc1c[nH]cn1)NC(=O)C(CO)NC(=O)C(CC(C)C)NC(=O)C(CCCNC(=N)N)NC(=O)C1CCCN1C(=O)C(CCCNC(=N)N)NC(=O)C(CCC(N)=O)NC(=O)C(CCCNC(=N)N)NC(=O)C(CCCNC(=N)N)NC(=O)C(Cc1ccccc1)NC(=O)C(N)CCCCN)C(=O)NC(C)(C)C(=O)NC(Cc1ccc(Br)cc1)C(=O)O,57.0
CCCCC(NC(=O)C1CCCN1C(=O)CNC(=O)C(CCCCN)NC(=O)C(Cc1c[nH]cn1)NC(=O)C(CO)NC(=O)C(CC1CCCCC1)N(C)C(=O)C(CCCCNC(=N)N)NC(=O)C1CCCN1C(=O)C(CCCNC(=N)N)NC(=O)C(CCC(N)=O)NC(=O)C(CCCNC(=N)N)NC(=O)C(CCCNC(=N)N)NC(=O)C(Cc1ccccc1)NC(=O)C(N)CCCCN)C(=O)NC(C)(C)C(=O)NC(Cc1ccc(Br)cc1)C(=O)O,69.0
CCCCC(NC(=O)C1CCCN1C(=O)CNC(=O)C(CCCCN)NC(=O)C(Cc1c[nH]cn1)NC(=O)C(CO)NC(=O)C(CC1CCCCC1)N(C)C(=O)C(CCCNC(=N)N)NC(=O)C1CCCN1C(=O)C(CCCNC(=N)N)NC(=O)C(CCC(N)=O)NC(=O)C(CCCNC(=N)N)NC(=O)C(CCCNC(=N)N)NC(=O)C(Cc1ccccc1)NC(=O)C(N)CCCCN)C(=O)NC(C)(C)C(=O)NC(Cc1ccc(Br)cc1)C(=O)O,68.0
CCCCC(NC(=O)C1CCCN1C(=O)CNC(=O)C(CCCCN)NC(=O)C(Cc1c[nH]cn1)NC(=O)C(CO)NC(=O)C(CC1CCCCC1)NC(=O)C(CCCCNC(=N)N)NC(=O)C1CCCN1C(=O)C(CCCNC(=N)N)NC(=O)C(CCC(N)=O)NC(=O)C(CCCNC(=N)N)NC(=O)C(CCCNC(=N)N)NC(=O)C(Cc1ccccc1)NC(=O)C(N)CCCCN)C(=O)NC(C)(C)C(=O)NC(Cc1ccc(Br)cc1)C(=O)O,65.0
CCCCC(NC(C)=O)C(=O)NC1CC(=O)NCCCCC(C(=O)O)NC(=O)C(Cc2c[nH]c3ccccc23)NC(=O)C(CCCNC(=N)N)NC(=O)C(Cc2ccccc2)NC(=O)C(Cc2c[nH]cn2)NC1=O,27.09
CCCCC(NC(CCc1ccccc1)C(=O)O)C(=O)N1CC(NC(=O)CC(N)Cc2cc(F)c(F)cc2F)CC1C(=O)O,67.3
CCCCCCCCCCCC(CC1OC(=O)C1CCCCCC)OC(=O)C(CC(C)C)NC=O,1.0
CCCCN(Cc1ccc(C(=O)NO)cc1)C(=O)Nc1ccc(CN)cc1,47.0
CCCCNC(=O)CNc1ccc(C(=O)NC2CCC(=O)NC2=O)c(F)c1,30.0
CCCCOC(=O)C(C)c1ccc(CC(C)C)cc1,35.0
CCCCOc1ncc(C(C)=O)cc1-c1nc(O)c2nn(C3CCN(CC)CC3)c(CC)c2n1,60.0
CCCCOc1ncc(C(C)=O)cc1-c1nc(O)c2nn(C3CN(CC)C3)c(CC)c2n1,62.0
CCCC[N+]12CCC(CC1)C(OC(=O)C(C)(c1ccccc1)N1CCCCC1)C2,10.0
CCCN1CCC(c2nc3cccc(C(N)=O)c3[nH]2)CC1,57.0
CCCN1CCCCC1C(=O)Nc1c(C)cccc1C,48.85
CCCN1CCOC(c2cccc(O)c2)C1,65.0
CCCNC(C)C(=O)Nc1ccccc1C,55.0
CCCNc1nc(C(=O)NCCOCCOCCOCCOCCOCCOCCOCCOCCOCCOCCOCCOCCOCCOCCOCCOCCOCCOCCOCCOCCOCCOCCOCCOC)c(NCCC)nc1C(=O)NCCOCCOCCOCCOCCOCCOCCOCCOCCOCCOCCOCCOCCOCCOCCOCCOCCOCCOCCOCCOCCOCCOCCOCCOC,13.0
CCCOCCn1c(=O)c(NCCN2CCOCC2)nc2cnc(-c3ccc(OC)nc3)cc21,50.0
CCCON=C(C(=O)NC1C(=O)N2C(C(=O)[O-])=C(C[n+]3ccc(-c4cc(C([O-])=NC#N)[nH]n4)cc3)CSC12)c1csc(N)n1.[Na+],37.0
CCCOc1cccc(CCCN2CC(O)C(O)C(O)C2CO)c1,60.0
CCCOc1ccccc1NC(=O)c1ccccc1NS(=O)(=O)C1CC1,0.9
CCCOc1ncc(C(C)=O)cc1-c1nc(O)c2nn(C3CN(C(C)C)C3)c(CC)c2n1,66.0
CCCOc1nncc(-c2cnnc(OCCN(C)C)n2)n1,22.0
CCCn1c(=O)[nH]c(=O)c2nc[nH]c21,67.12
CCCn1ccc(=Nc2cnccn2)c2ccc(-c3cnc(N4CCCN(C)CC4)nc3)cc21,41.0
CCCn1cnc(CC(CCCN)C(=O)O)c1,0.0
CCCn1cnc(CC(OCCN)C(=O)O)c1,0.0
CCN(C)C(=O)Oc1cccc(C(C)N(C)C)c1,40.0
CCN(CC)C(=O)C1(c2ccccc2)CC1CN,13.0
CCN(CC)C(=O)c1ccc(C2=CC3(CCNCC3)Oc3cccc(O)c32)cc1,15.9
CCN(CC)CCCC(C)Nc1ccnc2cc(Cl)ccc12,50.5
CCN(CC)CCNC(=O)c1c(C)[nH]c(C=C2C(=O)Nc3ccc(I)cc32)c1C,5.0
CCN(CC)CCOC(=O)c1ccc(N)cc1,17.35
CCN(CCN)C(C)c1c(F)ccc(C#N)c1F,21.035
CCN1C(=O)N(c2ccc(F)c(C(F)(F)F)c2)C(=O)C1(C)C,49.3
CCN1CC(C)CC(Oc2ccc3c(c2)CN(C2CCC(=O)NC2=O)C3=O)C1,20.0
CCN1CC(Oc2ccc3c(c2)CN(C2CCC(=O)NC2=O)C3=O)CCC1C,28.0
CCN1CCCCC1COc1ccc2c(c1)CN(C1CCC(=O)NC1=O)C2=O,20.0
CCN1CCc2c(C)c(NS(C)(=O)=O)c(C)c(NC(=O)C(C)(C)C)c21,64.8
CCNC(=NS(=O)(=O)c1cccc(Cl)c1)N1CC(C)(C)C=N1,63.0
CCNC(=NS(=O)(=O)c1cccc(Cl)c1)N1CC2(C=N1)CCNCC2,62.5
CCNC(=O)C1CC(F)(c2ccc(CN3CCCC3)c(F)c2)C1,21.07
CCNC(=O)Nc1cc(N2CCC(N)C2)c(C(=O)Nc2cccnc2)cn1,50.2
CCNC(=O)Nc1ccc(-c2nc(N3CCOCC3C)c3c(n2)C(C)(CCN(C)C)OC3)cc1,67.0
CCNC(=O)Nc1ccc(-c2nc3c(c(N4CCOCC4C)n2)C2CCC(C3)N2C)cc1,32.5
CCNC1=NC2C(OC(C(F)F)C(O)C2O)S1,5.0
CCNc1nc2c(c(C(N)=O)n1)CN(C(=O)CCc1ccc(OC(F)(F)F)cc1)CC2,5.45
CCOC(=O)C(C)NC(=O)C1CCn2c(C(=O)c3ccccc3)ccc21,18.9
CCOC(=O)C(CC(C)C)NC(=O)C1CCn2c(C(=O)c3ccccc3)ccc21,45.0
CCOC(=O)C(CCc1ccccc1)NC(C)C(=O)N1CCCC1C(=O)O,50.0
CCOC(=O)C(Cc1ccccc1)NC(=O)C1CCn2c(C(=O)c3ccccc3)ccc21,45.0
CCOC(=O)C(Cc1cn(C)c2ccccc12)NC(=O)C(N)CC(C)C.Cl,50.0
CCOC(=O)C(NC(=O)C1CCn2c(C(=O)c3ccccc3)ccc21)C(C)C,45.0
CCOC(=O)C(NC(=O)C1CCn2c(C(=O)c3ccccc3)ccc21)C(C)CC,45.0
CCOC(=O)C1=CC(OC(CC)CC)C(NC(C)=O)C(N)C1.O=P(O)(O)O,42.0
CCOC(=O)C1=CC(OC(CC)CC)C(NC(C)=O)C(NC(=N)N)C1,30.1
CCOC(=O)C1=CC(OC(CC)CC)C(NC(C)=O)C(NC(C)=NO)C1,26.7
CCOC(=O)C1=CC(OC(CC)CC)C(NC(C)=O)C(NC(N)=NO)C1,37.5
CCOC(=O)CC(NC(=O)C1CCn2c(C(=O)c3ccccc3)ccc21)C(=O)OCC,45.0
CCOC(=O)CCC(NC(=O)C1CCn2c(C(=O)c3ccccc3)ccc21)C(=O)OCC,45.0
CCOC(=O)CCNC(=O)C1CCn2c(C(=O)c3ccccc3)ccc21,37.9
CCOC(=O)CNC(=O)C1CCn2c(C(=O)c3ccccc3)ccc21,45.0
CCOC(C)c1c(NC(=O)Nc2cnc(-n3nccn3)c(Cl)c2)cnc2sc(C)nc12,2.35
CCOC1CCN(Cc2c(OC)cc(C)c3[nH]ccc23)C(c2ccc(C(=O)O)cc2)C1,57.0
CCOC1CN(C2CCC(O)(c3ccc(C)cc3)CC2)CC1NC(=O)CNC(=O)c1cccc(C(F)(F)F)c1,7.9
CCOC1CN(C2CCC(O)(c3ccc4c(c3)OCO4)CC2)CC1NC(=O)CNC(=O)c1cccc(C(F)(F)F)c1,19.5
CCOC1CN(C2CCC(O)(c3ccccc3)CC2)CC1NC(=O)CNC(=O)c1cccc(C(F)(F)F)c1,22.0
CCOC1CN(C2CCC(c3ccccc3)CC2)CC1NC(=O)CNC(=O)c1cccc(C(F)(F)F)c1,1.4
CCOCc1nc2c(N)nc3ccccc3c2n1CC(C)(C)O,42.57
CCON=C(C(=O)NC1C(=O)N2C(C(=O)[O-])=C(C=CC[n+]3ccc(-c4c[nH]c(C([O-])=NC#N)c4)cc3)CSC12)c1csc(N)n1.[Na+],47.5
CCON=C(C(=O)NC1C(=O)N2C(C(=O)[O-])=C(C=CC[n+]3ccc(-c4c[nH]c(C([O-])=NC#N)c4C)cc3)CSC12)c1csc(N)n1.[Na+],65.0
CCON=C(C(=O)NC1C(=O)N2C(C(=O)[O-])=C(C=CC[n+]3ccc(-c4cc(C([O-])=NC#N)[nH]n4)cc3)CSC12)c1csc(N)n1.[Na+],25.0
CCON=C(C(=O)NC1C(=O)N2C(C(=O)[O-])=C(C=CC[n+]3ccc(-c4cc(C([O-])=NC#N)n(C)c4)cc3)CSC12)c1csc(N)n1.[Na+],55.0
CCON=C(C(=O)NC1C(=O)N2C(C(=O)[O-])=C(C=CC[n+]3ccc(-c4cc(C([O-])=NC#N)n(C)n4)cc3)CSC12)c1csc(N)n1.[Na+],50.0
CCON=C(C(=O)NC1C(=O)N2C(C(=O)[O-])=C(C=CC[n+]3ccc(-c4cc(C([O-])=NC#N)on4)cc3)CSC12)c1csc(N)n1.[Na+],58.0
CCON=C(C(=O)NC1C(=O)N2C(C(=O)[O-])=C(C=CC[n+]3ccc(-c4csc(C([O-])=NC#N)c4)cc3)CSC12)c1csc(N)n1.[Na+],50.5
CCON=C(C(=O)NC1C(=O)N2C(C(=O)[O-])=C(C=CC[n+]3ccc(-c4csc(C([O-])=NC#N)n4)cc3)CSC12)c1csc(N)n1.[Na+],54.0
CCON=C(C(=O)NC1C(=O)N2C(C(=O)[O-])=C(C=CC[n+]3ccc(-c4nc(C([O-])=NC#N)cs4)cc3)CSC12)c1csc(N)n1.[Na+],46.0
CCON=C(C(=O)NC1C(=O)N2C(C(=O)[O-])=C(C=CC[n+]3ccc(-n4ccc(C([O-])=NC#N)n4)cc3)CSC12)c1csc(N)n1.[Na+],50.0
CCON=C(C(=O)NC1C(=O)N2C(C(=O)[O-])=C(C=CC[n+]3ccc(C([O-])=NC#N)cc3)CSC12)c1csc(N)n1.[Na+],24.5
CCON=C(C(=O)NC1C(=O)N2C(C(=O)[O-])=C(C=CC[n+]3ccc4[nH]c(C([O-])=NC#N)cc4c3)CSC12)c1csc(N)n1.[Na+],47.0
CCON=C(C(=O)NC1C(=O)N2C(C(=O)[O-])=C(C=CC[n+]3ccc4c(C([O-])=NC#N)cccc4c3)CSC12)c1csc(N)n1.[Na+],30.5
CCON=C(C(=O)NC1C(=O)N2C(C(=O)[O-])=C(C=CC[n+]3ccc4sc(C([O-])=NC#N)nc4c3)CSC12)c1csc(N)n1.[Na+],62.5
CCON=C(C(=O)NC1C(=O)N2C(C(=O)[O-])=C(C=CC[n+]3cccc(C([O-])=NC#N)c3)CSC12)c1csc(N)n1.[Na+],19.5
CCON=C(C(=O)NC1C(=O)N2C(C(=O)[O-])=C(C=CC[n+]3cccc4[nH]c(C([O-])=NC#N)cc43)CSC12)c1csc(N)n1.[Na+],48.0
CCON=C(C(=O)NC1C(=O)N2C(C(=O)[O-])=C(C=CC[n+]3cccc4cc(C([O-])=NC#N)[nH]c43)CSC12)c1csc(N)n1.[Na+],63.5
CCON=C(C(=O)NC1C(=O)N2C(C(=O)[O-])=C(C=CC[n+]3cccc4cc(C([O-])=NC#N)ccc43)CSC12)c1csc(N)n1.[Na+],23.5
CCON=C(C(=O)NC1C(=O)N2C(C(=O)[O-])=C(C[n+]3ccc(-c4cc(C([O-])=NC#N)[nH]n4)cc3)CSC12)c1csc(N)n1.[Na+],23.0
CCON=C(C(=O)NC1C(=O)N2C(C(=O)[O-])=C(C[n+]3ccc(-c4cc(C([O-])=NC#N)[nH]n4)cc3)CSC12)c1nc(N)sc1Cl.[Na+],57.0
CCON=C(C(=O)NC1C(=O)N2C(C(=O)[O-])=C(Sc3nc(-c4cc[n+](C)cc4)cs3)CSC12)c1nsc(N)n1,20.0
CCON=C(C(=O)NC1C(=O)N2C(C(=O)[O-])=C(Sc3nc(-c4cc[n+](C)cc4)cs3)CSC12)c1nsc(NP(=O)(O)O)n1,20.0
CCOc1ccc(F)cc1NC(=O)c1cc(C)ccc1NS(=O)(=O)C1CC1,0.75
CCOc1ccc(F)cc1NC(=O)c1cc(C)ccc1NS(=O)(=O)CC,0.85
CCOc1ccc(F)cc1NC(=O)c1cc(Cl)ccc1NS(=O)(=O)C1CC1,0.2
CCOc1ccc(F)cc1NC(=O)c1cc(F)ccc1NS(=O)(=O)C1CC1,0.65
CCOc1ccc(F)cc1NC(=O)c1cc(F)ccc1NS(=O)(=O)CC,0.15000000000000002
CCOc1ccc(F)cc1NC(=O)c1ccccc1NS(=O)(=O)C1CC1,1.3
CCOc1cccc(C2CC(=O)Nc3nc(N)[nH]c(=O)c32)c1,59.05
CCOc1ccccc1NC(=O)c1cc(C)ccc1NS(=O)(=O)C1CC1,2.3
CCOc1ccccc1NC(=O)c1cc(Cl)ccc1NS(=O)(=O)C1CC1,0.1
CCOc1ccccc1NC(=O)c1cc(F)ccc1NS(=O)(=O)C1CC1,2.25
CCOc1ccccc1NC(=O)c1cc(F)ccc1NS(=O)(=O)CC,2.15
CCOc1ccccc1NC(=O)c1ccccc1NS(=O)(=O)C1CC1,1.05
CCS(=O)(=O)N1CC(N(C)c2ncnc3[nH]ccc23)C2(CC2)C1,46.95
CCS(=O)(=O)NC(=O)c1ccc2c(C3CCCCC3)c(-c3ccoc3)n(CC(=O)N(C)C)c2c1,0.8
CCS(=O)(=O)Nc1ccccc1C(=O)Nc1ccc(F)cc1OCC(F)(F)F,1.3
CCS(=O)(=O)c1ccc2oc(-c3ccc4c(c3)C=CC(O)C4O)nc2c1,63.7
CC[N+]1(C)CCN(c2ccc(C(=O)Nc3cccc(C)n3)cc2)CC1.[I-],32.0
CC[N+]1(C)CCN(c2ccc(NC(=O)c3cccc(C)n3)cc2)CC1.[I-],54.0
CCc1c(C)nn(CCNC(=O)C2C(c3ccc(F)cc3)C2(C)C)c1C,5.0
CCc1cc(C(N)=S)ccn1,45.98
CCc1ccc(-[n+]2c(C)cc3cc(OC)cc(OC)c3c2C)cc1.F[B-](F)(F)F,52.5
CCc1nn(CCO)c(CC)c1Oc1cc(C#N)cc(C#N)c1,51.0
CCn1c(-c2cnc(C)nc2)nc2c(NC3CCN(C(=O)C4CC4)C3)ncnc21,41.0
CCn1c(=O)[nH]c(=O)c2c1nc(Cc1cn3c(n1)CCCC3)n2Cc1ccccc1,16.5
CCn1c(=O)[nH]c(=O)c2c1nc(Cc1cn3cc(C)sc3n1)n2CC1COC1,49.5
CCn1c(=O)[nH]c(=O)c2c1nc(Cc1cn3cc(Cl)sc3n1)n2CC1COC1,56.0
CCn1c(=O)[nH]c(=O)c2c1nc(Cc1cn3ccccc3n1)n2Cc1ccc(-c2ccn(C)n2)cc1,66.0
CCn1c(CNC(=O)c2nc3cc[nH]c3nc2N)[n+](CC)c2ccc(C(=O)N3CCC(N(CC(O)C(O)C(O)C(O)CO)CC(O)C(O)C(O)C(O)CO)CC3)cc21.O=C(O)C(F)(F)F.O=C([O-])C(F)(F)F,10.0
CCn1cc(C(=O)O)c(=O)c2cc(F)c(N3CCNC(C)C3)c(F)c21,10.0
CCn1cc(C(=O)O)c(=O)c2cc(F)c(N3CCNCC3)cc21,15.0
CCn1cc(C)c2c(C(N)c3ccc(C(F)(F)F)nc3)n(C)nc2c1=O,59.8
CCn1cc(C)c2c(C(O)c3ccc(C(F)(F)F)nc3)n(C)nc2c1=O,58.25
CCn1cc(C2CC2)c2c(Cc3ccc(C(F)(F)F)nc3)n(C)nc2c1=O,59.95
CCn1cc(Cl)c2c(Cc3ccc(C(F)(F)F)nc3)n(C)nc2c1=O,55.175000000000004
CCn1ccc(=Nc2cnccn2)c2ccc(-c3cnc(N4CCCN(C)CC4)nc3)cc21,41.0
CCn1ccc2c(C(O)(CC)c3ccc(C(F)(F)F)nc3)n(C)nc2c1=O,34.825
CCn1ccc2c(C(O)(c3ccc(C(F)(F)F)nc3)C3CC3)n(C)nc2c1=O,31.6
CCn1ccc2c(C(O)(c3cnc(C(F)(F)F)c(Cl)c3)C3CC3)n(C)nc2c1=O,29.425
CCn1ncc(-c2nc3c(NC4CCN(C(=O)C5CC5)C4)ncnc3n2C)c1C,63.5
CCn1ncc(-c2nc3c(NC4CCN(C(=O)C5CCOCC5)C4)ncnc3n2C)c1C,48.0
CCn1ncc(-c2nc3c(OC4CCN(C(=O)C5CC5)C4)ncnc3n2C)c1C,54.0
CCn1ncc(-c2nc3c(OC4CCN(C(=O)C5CCOCC5)C4)ncnc3n2C)c1C,26.0
CCn1nccc1Oc1cc(CC2CC(C)(O)C2)cnc1NC(=O)NC,56.0
CN(C(=O)NC1COCC1(F)F)C1CCCOc2cnccc21,69.0
CN(C(=O)c1ccc([N+](=O)[O-])o1)c1ccccc1,66.83
CN(C)C(=O)C(=O)N(C)C1CCCn2c1nc(C(=O)NCc1ccc(F)cc1)c(O)c2=O,66.0
CN(C)C(=O)C(=O)NC(C)(C)c1nc(C(=O)NCc2ccc(F)cc2)c([O-])c(=O)n1C.[Na+],31.5
CN(C)C(=O)CCNC(=O)c1cc(-c2ccc(F)cc2)no1,58.0
CN(C)C(=O)CN1C(=O)C(NC(=O)c2cc3cc(Cl)sc3[nH]2)Cc2ccccc21,0.62
CN(C)C(=O)Cn1c(-c2ccccc2)c(C2CCCCC2)c2ccc(-c3noc(=O)[nH]3)cc21,0.1
CN(C)C(=O)Cn1c(-c2ccccc2)c(C2CCCCC2)c2ccc(C(=O)N(C)S(=O)(=O)Cc3ccccc3)cc21,0.1
CN(C)C(=O)Cn1c(-c2ccccc2)c(C2CCCCC2)c2ccc(C(=O)NS(=O)(=O)Cc3ccccc3)cc21,0.1
CN(C)C(=O)Cn1c(-c2ccccc2)c(C2CCCCC2)c2ccc(C(=O)NS(=O)(=O)N(C)C)cc21,0.8
CN(C)C(=O)Cn1c(-c2ccccc2)c(C2CCCCC2)c2ccc(C(=O)NS(=O)(=O)c3ccccc3)cc21,0.3
CN(C)C(=O)Cn1c(-c2ccoc2)c(C2CCCCC2)c2ccc(C(=O)NS(=O)(=O)CC(=O)O)cc21,1.0
CN(C)C(=O)Cn1c(-c2ccoc2)c(C2CCCCC2)c2ccc(C(=O)NS(=O)(=O)N(C)C)cc21,1.1
CN(C)C(=O)c1cc(N2C(=O)NC(C)(C)C2=O)ccc1F,5.9
CN(C)C(=O)c1cccc(-n2sc3ccccc3c2=O)c1,45.45
CN(C)C(C)(C(=O)OC1CC[N+](C)(C)CC1)c1ccccc1,54.59
CN(C)C1CCN(C(=O)Cn2c(-c3cnn(C)c3)c(C3CCCCC3)c3ccc(-c4noc(=O)[nH]4)cc32)CC1,9.4
CN(C)CCN(C)c1ncc(-c2ccc3c(Nc4cnccn4)ccnc3c2)cn1,67.0
CN(C)CCNC(=O)C1c2ccccc2CC1NC(=O)c1cc2ccccc2[nH]1,8.0
CN(C)CCS(=O)(=O)NC(=O)c1ccc2c(C3CCCCC3)c(-c3ccccc3)n(CC(=O)N(C)C)c2c1,1.9
CN(C)CCc1c[nH]c2ccc(CC3COC(=O)N3)cc12,25.0
CN(C)S(=O)(=O)c1cccc(-n2sc3ccccc3c2=O)c1,35.6
CN(C)c1cc(CNCC(C)(C)C)c(O)c2c1CC1CC3C(N(C)C)C(O)=C(C(N)=O)C(=O)C3(O)C(O)=C1C2=O.Cl,21.0
CN(C)c1ccc(-c2cc(=O)c3ccc(O)c(O)c3o2)cc1,19.0
CN(C)c1ccc(O)c2c1CC1CC3C(N(C)C)C(O)=C(C(N)=O)C(=O)C3(O)C(O)=C1C2=O,54.0
CN(CC1CCOCC1)c1ncnc2[nH]c(-c3ccc(CCO)cc3)nc12,63.4
CN(CC1CCOCC1)c1ncnc2[nH]c(-c3ccc(CO)cc3)nc12,56.0
CN(CC=CCN)CC1OC(n2cnc3c(N)nc(Cl)nc32)C(O)C1O,40.6
CN(CC=CCN)CC1OC(n2cnc3c(N)ncnc32)C(F)C1O,34.7
CN(CCCOC1CC(Nc2cccc3c2C(=O)N(C2CCC(=O)NC2=O)C3=O)C1)CC1CCC(n2cc3cc(NC(=O)c4cccc(C(F)(F)F)n4)c(C(C)(C)O)cc3n2)CC1,0.031
CN(Cc1cccc(-c2ccc(N3CCOCC3)cc2)c1)C(=O)CN.O=C(O)C(=O)O,62.0
CN(c1ccc(-c2cc3cccnc3cc2O)nn1)C1CC(C)(C)NC(C)(C)C1,66.0
CN(c1ccc(-c2cc3cnccc3cc2O)nn1)C1CC(C)(C)NC(C)(C)C1,69.0
CN(c1ncnc2[nH]ccc12)C1CCN(C(=O)CC#N)C1,16.2
CN(c1ncnc2[nH]ccc12)C1CN(C(=O)CC#N)CC12CC2,24.25
CN1C(=O)C(NC(=O)c2cc3cc(Cl)sc3[nH]2)Cc2ccccc21,0.04
CN1C(=O)CCC1C(=O)NCc1cccc(C(F)(F)F)c1Cl,60.0
CN1C(=O)N(c2ccc(F)c(C(F)(F)F)c2)C(=O)C1(C)C,40.9
CN1C(=O)NC2C3NC(=O)c4cc(Cl)c(Br)n4C3CC21O,46.5
CN1C(=O)NC2C3NC(=O)c4ccc(Br)n4C3CC21O,23.9
CN1C(=O)NCC1C(=O)NCc1ccc(Cl)cc1Cl,65.0
CN1C2CCC1C(c1cncc(I)c1)C2,40.0
CN1C2CCC1CC(OC(=O)C(CO)c1ccccc1)C2,24.55
CN1CC(c2ccccc2)n2nc(C(=O)NCc3ccc(F)cc3)c(O)c2C1=O,1.1
CN1CC2(CCN(c3ncc(-c4ccc5c(Nc6cnccn6)ccnc5c4)cn3)C2)C1,48.0
CN1CC2CC1CN2c1ncc(-c2ccc3c(Nc4cnccn4)ccnc3c2)cn1,54.5
CN1CCC(=C2c3ccccc3CCn3c(C(=O)O)cnc32)CC1,63.0
CN1CCC(=C2c3ccccc3CCn3c(C=O)cnc32)CC1,39.0
CN1CCC(C(C)(O)c2ccc3cnc(Nc4cc(C(F)(F)F)ncc4F)cc3n2)CC1,63.0
CN1CCC(C(C)(O)c2ccc3cnc(Nc4cc(N5CCOCC5)ncc4F)cc3n2)CC1,47.0
CN1CCC(C)(C2CC(=O)N(CCOc3ccc(F)c(C#N)c3)C2)CC1,36.5
CN1CCC(N(Cc2ccc(F)cn2)C(=O)NCc2ccc(OCC(F)(F)F)cc2)CC1,61.7
CN1CCC(N2CCN(C(=O)C(NC(=O)c3ccc4cc[nH]c4c3)c3ccccc3)CC2)CC1,45.98
CN1CCC23c4c5ccc(O)c4OC2C2(OCCF)C=CC3(CC2C(C)(O)CCc2ccccc2)C1C5,52.5
CN1CCCC(CN(C)C(=O)Cn2c(-c3ccccc3)c(C3CCCCC3)c3ccc(-c4noc(=O)[nH]4)cc32)C1,2.1
CN1CCCC1c1nc(C(=O)NCc2ccc(F)cc2)c(O)c(=O)n1C,59.5
CN1CCCCC1c1nc(C(=O)NCc2ccc(F)cc2)c(O)c(=O)n1C,48.0
CN1CCCN(c2ncc(-c3ccc4c(=Nc5cnccn5)ccn(C)c4c3)cn2)CC1,15.0
CN1CCCN(c2ncc(-c3ccc4c(N(C)c5cnccn5)ccnc4c3)cn2)CC1,67.0
CN1CCN(CCCC(=O)c2ccc(-c3ccc(N4CC(Cn5ccnn5)OC4=O)cc3F)cn2)CC1,50.0
CN1CCN(Nc2ncc(Nc3ccc4c(Nc5cnccn5)ccnc4c3)cn2)CC1,51.0
CN1CCN(S(C)(=O)=O)CC1c1nc(C(=O)NCc2ccc(F)cc2)c(O)c(=O)n1C,69.0
CN1CCN(c2cc(-c3ccc(C#N)cc3)nc(N)n2)CC1,38.0
CN1CCN(c2cc(-c3ccccc3)nc(N)n2)CC1,57.0
CN1CCN(c2ccc(C3CC(c4ccc([N+](=O)[O-])o4)=NO3)cc2)C(=O)C1,66.75
CN1CCN(c2ccc(C3CC(c4ccc([N+](=O)[O-])o4)=NO3)cn2)C(=O)C1,54.349999999999994
CN1CCN(c2nc3c(F)cccc3c(=O)n2-c2ccc(Cc3ccccc3)cc2)CC1,4.4
CN1CCN(c2nc3c(F)cccc3c(=O)n2-c2ccc(OC(F)(F)F)cc2)CC1,17.6
CN1CCN(c2nc3c(F)cccc3c(=O)n2-c2ccc(OC3CCOCC3)cc2)CC1,29.7
CN1CCN(c2nc3c(F)cccc3c(=O)n2-c2ccc(Oc3ccc(F)cc3)cc2)CC1,1.7
CN1CCN(c2nc3c(F)cccc3c(=O)n2-c2ccc(Oc3ccccc3)cc2)CC1,1.7
CN1CCN(c2nc3c(F)cccc3c(=O)n2-c2ccc(SC(F)(F)F)cc2)CC1,4.7
CN1CCN(c2ncc(-c3ccc4c(NC5CCCCC5O)ccnc4c3)cn2)CC1,63.0
CN1CCN(c2ncc(-c3ccc4c(NC5CCOCC5)ccnc4c3)cn2)CC1,50.0
CN1CCN(c2ncc(-c3ccc4c(NCC5CCOCC5)ccnc4c3)cn2)CC1,47.0
CN1CCOCC1c1nc(C(=O)NCc2ccc(F)cc2)c(O)c(=O)n1C,69.5
CN1CCc2nc(C(=O)NC3CC(C(=O)N(C)C)CCC3NC(=O)c3cc4cc(F)ccc4[nH]3)sc2C1,63.0
CN1Cc2cc(Cl)ccc2-n2c(nnc2C2CCN(c3ccccn3)CC2)C1,69.0
CN1Cc2cc3c(cc2C1)C(=O)N(C1CCC(=O)NC1=O)C3=O,17.0
CN1Cc2nc(C(=O)NC3CC(C(=O)N(C)C)CCC3NC(=O)c3cc4cc(Cl)ccc4[nH]3)sc2C1,68.0
CN1Cc2nc(C(=O)NC3CC(C(=O)N(C)C)CCC3NC(=O)c3cc4ccc(Cl)cc4cn3)sc2C1,48.0
CNC(=C[N+](=O)[O-])NCCSCc1ccc(CN(C)C)o1,24.825
CNC(=C[N+](=O)[O-])NCCSCc1csc(CN(C)C)n1,35.0
CNC(=NCCSCc1nc[nH]c1C)NC#N,30.0
CNC(=O)C(=O)C(CC1CCNC1=O)NC(=O)C(CC1CC1)n1cccc(NC(=O)C(C)C)c1=O,39.3
CNC(=O)C(=O)C(CC1CCNC1=O)NC(=O)C(CC1CC1)n1cccc(NC(=O)C2CCCCC2)c1=O,69.75
CNC(=O)C(=O)C(CC1CCNC1=O)NC(=O)C(CC1CC1)n1cccc(NC(=O)CCc2ccccc2)c1=O,69.65
CNC(=O)C(=O)C(CC1CCNC1=O)NC(=O)C(CC1CC1)n1cccc(NC(=O)CCc2cccs2)c1=O,61.6
CNC(=O)C(=O)C(CC1CCNC1=O)NC(=O)C(CC1CC1)n1cccc(NC(=O)Cc2ccccc2)c1=O,44.3
CNC(=O)C(=O)C(CC1CCNC1=O)NC(=O)C(CC1CC1)n1cccc(NC(=O)NCc2ccccc2)c1=O,68.25
CNC(=O)CCN1C(=O)C(NC(=O)c2cc3cc(Cl)sc3[nH]2)Cc2ccccc21,0.51
CNC(=O)CN1C(=O)C(NC(=O)c2cc3cc(Cl)sc3[nH]2)Cc2ccccc21,0.45
CNC(=O)Nc1ncc(SCCCOC)cc1Oc1cccnc1C,68.0
CNC(=O)OCCC1CC1c1cncc(OCC2CCN2)c1,16.1
CNC(=O)Oc1ccc2c(c1)C1(C)CCN(C)C1N2C,14.85
CNC(=O)c1c(I)c(NC(C)=O)c(I)c(C(=O)O)c1I,10.0
CNC(=O)c1c(I)c(NC(C)=O)c(I)c(C(=O)[O-])c1I.[Na+],10.0
CNC(=O)c1cc(F)ccc1CNC(=O)c1nn2c(c1O)C(=O)N(C)CC2c1ccccc1,12.0
CNC(=O)c1cc(OC)c(OC(C)C(=O)N2CCN(C(=O)c3ccccc3)CC2C)cn1,31.0
CNC(=O)c1ccc(OC(C)C(=O)N2CCN(C(=O)c3ccccc3)CC2C)c(OC)c1,19.0
CNC(=O)c1ccc(Oc2ccc3c(c2)CCN(C2CCC2)CC3)nc1,47.7
CNC(=O)c1cccc(-c2cnc(NCC3(c4ncccc4F)CC(F)C3)nc2)c1,35.0
CNC(=O)c1nn(C)c2c1CCc1cnc(NC3CCN(C(=O)C4CCN(S(C)(=O)=O)CC4)CC3)nc1-2,69.0
CNC(CC(C)C)C(=O)NC1C(=O)NC(CC(N)=O)C(=O)NC2C(=O)NC3C(=O)NC(C(=O)NC(C(=O)NCCCON=C(C(=O)NC4C(=O)N5C(C(=O)[O-])=C(C[n+]6ccccc6)CSC45)c4nc(N)sc4Cl)c4cc(O)cc(O)c4-c4cc3ccc4O)C(O)c3ccc(c(Cl)c3)Oc3cc2cc(c3OC2OC(CO)C(O)C(O)C2OC2CC(C)(N)C(O)C(C)O2)Oc2ccc(cc2Cl)C1O,49.0
CNC(CC(C)C)C(=O)NC1C(=O)NC(CC(N)=O)C(=O)NC2C(=O)NC3C(=O)NC(C(=O)NC(C(=O)O)c4cc(O)cc(O)c4-c4cc3ccc4O)C(O)c3ccc(c(Cl)c3)Oc3cc2cc(c3OC2OC(CO)C(O)C(O)C2OC2CC(C)(N)C(O)C(C)O2)Oc2ccc(cc2Cl)C1O,30.0
CNC1=NC(=O)C(C(C)c2c[nH]c3ccccc23)O1,55.9
CNC1=Nc2c(ccc[n+]2[O-])C(c2ccccc2)=NC1c1cccs1,64.7
CNC1=Nc2ncccc2C(c2ccco2)=NC1c1cncs1,60.9
CNC1C(OC2C(OC3C(O)C(O)C(N=C(N)N)C(O)C3N=C(N)N)OC(C)C2(O)C=O)OC(CO)C(O)C1O,29.0
CNC1CCN(C(=O)c2ccc(Nc3ncc(F)c(-c4cnc(C)n4C(C)C)n3)cc2)C1,16.0
CNC1CCN(c2cc(NCC3CC3)nc(N)n2)C1,16.0
CNC1CCN(c2nc(N)nc3c2CCCc2ccccc2-3)C1,53.0
CNC1CN(c2nc(N)nc3c2CCCc2ccccc2-3)C1,46.0
CNC1CN(c2nc3ncc(Br)cc3n3nnnc23)C1,69.35
CNCCC(c1ccccc1)c1ccc(O)c2ccc(OCCN3CCCC3)cc12,67.0
CNCCCc1cncc(CCc2cc(C)cc(N)n2)c1,20.0
CNCCN1CCCc2cc(NC(=N)c3cccs3)ccc21,40.0
CNCCOc1ccc(N2Nc3cc(O)ccc3-c3c2c2ccc(O)cc2oc3=O)cc1,1.0250000000000001
CNc1nc(C(F)(F)c2ccccc2)nc2c1CCNCC2,61.5
CNc1nc(Cc2ccccc2)nc2c1CCNCC2C,49.0
COC(=O)C(C)NC(=O)C(C)c1ccc(CC(C)C)cc1,36.0
COC(=O)C(CC(C)C)NC(=O)C(C)c1ccc(CC(C)C)cc1,51.0
COC(=O)C(Cc1ccccc1)NC(=O)C(C)c1ccc(CC(C)C)cc1,47.0
COC(=O)C(NC(=O)C(C)c1ccc(CC(C)C)cc1)C(C)C,45.0
COC(=O)CNC(=O)C(C)c1ccc(CC(C)C)cc1,24.0
COC(=O)N1CC2(CC2)CC(C(=O)NO)C1C(=O)N1C=CC(c2ccccc2)CC1,30.0
COC(=O)N1CC2(CC2)CC(C(=O)NO)C1C(=O)N1CC=C(c2ccccc2)C1,34.0
COC(=O)N1CC2(CC2)CC(C(=O)NO)C1C(=O)N1CC=C(c2ccccc2)CC1,30.0
COC(=O)N1CCc2nc(C)n(C3CC4CCC(C3)N4CCC(NC(C)=O)c3cccc(F)c3)c2C1,66.5
COC(=O)NC(C(=O)NC(Cc1ccccc1)C(O)CN(Cc1ccc(-c2ccccn2)cc1)NC(=O)C(NC(=O)OC)C(C)(C)C)C(C)(C)C,30.9
COC(=O)NC1CCC(n2c(C)nc3cnc4[nH]ccc4c32)CC1,52.0
COC(=O)c1cccc(-n2sc3ccccc3c2=O)c1,44.6
COC(=O)c1ccccc1N1CCC(O)(CNc2nccc(C)c2NC(=O)CC#N)CC1,65.0
COC(C)(C)c1c(NC(=O)Nc2cnc(-n3nccn3)c(Cl)c2)cnc2ccc(F)cc12,1.2
COC(C)c1c(NC(=O)Nc2cnc(-n3nccn3)c(Cl)c2)cnc2ccc(F)cc12,0.4
COC1(C)CC(OC2C(C)C(=O)NC(C(C)C)C(=O)NC(Cc3ccc(NC(=O)C(Cc4ccccc4Cl)NC(C)=O)cc3)CC(=O)N(C)CC(C)CC(C)(O)C(OC3OC(C)CC(N(C)C)C3O)C2C)OC(C)C1O,62.0
COC1C(OC(=O)c2ccc(C)[nH]2)C(O)C(Oc2ccc3c(O)c(NC(=O)c4ccc(C)c(C)c4)c(=O)oc3c2C)OC1(C)C,0.044
COC1C(OC(=O)c2ccc(C)[nH]2)C(O)C(Oc2ccc3c(O)c(NC(=O)c4ccc(O)c(CC=C(C)C)c4)c(=O)oc3c2C)OC1(C)C,0.044
COC1CCN(S(=O)(=O)c2ccc(S(N)(=O)=O)c(Cl)c2)CC1,65.0
COC1OC(CNS(=O)(=O)c2c(C)cc(C)cc2C)C(O)C(O)C1O,60.0
COC1OC(CNS(=O)(=O)c2cccs2)C(O)C(O)C1O,60.0
COC1OC(Cn2c(=O)n3c4c(cccc42)C(C)(C)CC3)C(O)C1O,66.18
COCCC(c1ccc(-c2c(-n3cnnn3)ccc(Cl)c2F)c[n+]1[O-])n1cc(-c2cnnn2C)cn1,67.1
COCCC1CC1c1cncc(OCC2CCCN2C)c1.O=C(O)C(F)(F)F,21.0
COCCCOc1cc(CC(CC(N)C(O)CC(C(=O)NCC(C)(C)C(N)=O)C(C)C)C(C)C)ccc1OC,49.5
COCCN1C(=O)C(NC(=O)c2cc3cc(Cl)sc3[nH]2)Cc2ccccc21,0.18
COCCOCCOCCNc1nc(C(=O)NCCOCCOCCOCCOCCOCCOCCOCCOCCOCCOCCOCCOCCOCCOCCOCCOCCOCCOCCOCCOCCOCCOCCOCCOC)c(NCCOCCOCCOC)nc1C(=O)NCCOCCOCCOCCOCCOCCOCCOCCOCCOCCOCCOCCOCCOCCOCCOCCOCCOCCOCCOCCOCCOCCOCCOCCOC,11.0
COCCOCCOCCOCCCNc1nc(C(=O)NCCOCCOCCOCCOCCOCCOCCOCCOCCOCCOCCOCCOC)c(NCCCOCCOCCOCCOC)nc1C(=O)NCCOCCOCCOCCOCCOCCOCCOCCOCCOCCOCCOCCOC,0.0
COCCOCCOCCOCCNC(=O)c1nc(N)c(C(=O)NCCOCCOCCOCCOC)nc1N,0.0
COCCOCCOCCOCCOCCOCCOCCOCCCNc1nc(C(=O)NCCOCCOCCOCCOCCOCCOCCOCCOCCOCCOCCOCCOC)c(NCCCOCCOCCOCCOCCOCCOCCOCCOC)nc1C(=O)NCCOCCOCCOCCOCCOCCOCCOCCOCCOCCOCCOCCOC,1.0
COCCOCCOCCOCCOCCOCCOCCOCCCNc1nc(C(=O)NCCOCCOCCOCCOCCOCCOCCOCCOCCOCCOCCOCCOCCOCCOCCOCCOCCOCCOCCOCCOCCOCCOCCOCCOC)c(NCCCOCCOCCOCCOCCOCCOCCOCCOC)nc1C(=O)NCCOCCOCCOCCOCCOCCOCCOCCOCCOCCOCCOCCOCCOCCOCCOCCOCCOCCOCCOCCOCCOCCOCCOCCOC,30.0
COCCOCCOCCOCCOCCOCCOCCOCCNC(=O)c1nc(N)c(C(=O)NCCOCCOCCOCCOCCOCCOCCOCCOC)nc1N,0.0
COCCOCCOCCOCCOCCOCCOCCOCCOCCOCCOCCOCCCNc1nc(C(=O)NCCOCCOCCOCCOCCOCCOCCOCCOCCOCCOCCOCCOC)c(NCCCOCCOCCOCCOCCOCCOCCOCCOCCOCCOCCOCCOC)nc1C(=O)NCCOCCOCCOCCOCCOCCOCCOCCOCCOCCOCCOCCOC,3.0
COCCOCCOCCOCCOCCOCCOCCOCCOCCOCCOCCOCCCNc1nc(C(=O)NCCOCCOCCOCCOCCOCCOCCOCCOCCOCCOCCOCCOCCOCCOCCOCCOCCOCCOCCOCCOCCOCCOCCOCCOC)c(NCCCOCCOCCOCCOCCOCCOCCOCCOCCOCCOCCOCCOC)nc1C(=O)NCCOCCOCCOCCOCCOCCOCCOCCOCCOCCOCCOCCOCCOCCOCCOCCOCCOCCOCCOCCOCCOCCOCCOCCOC,41.0
COCCOCCOCCOCCOCCOCCOCCOCCOCCOCCOCCOCCNC(=O)c1nc(N)c(C(=O)NCCOCCOCCOCCOCCOCCOCCOCCOCCOCCOCCOCCOC)nc1N,0.0
COCCOCCOCCOCCOCCOCCOCCOCCOCCOCCOCCOCCOCCOCCOCCOCCOCCOCCOCCOCCOCCOCCOCCOCCCNc1nc(C(=O)NCCOCCOCCOCCOCCOCCOCCOCCOCCOCCOCCOCCOCCOCCOCCOCCOCCOCCOCCOCCOCCOCCOCCOCCOC)c(NCCCOCCOCCOCCOCCOCCOCCOCCOCCOCCOCCOCCOCCOCCOCCOCCOCCOCCOCCOCCOCCOCCOCCOCCOC)nc1C(=O)NCCOCCOCCOCCOCCOCCOCCOCCOCCOCCOCCOCCOCCOCCOCCOCCOCCOCCOCCOCCOCCOCCOCCOCCOC,39.0
COCCOCCOCCOCCOCCOCCOCCOCCOCCOCCOCCOCCOCCOCCOCCOCCOCCOCCOCCOCCOCCOCCOCCOCCNC(=O)c1nc(N)c(C(=O)NCCOCCOCCOCCOCCOCCOCCOCCOCCOCCOCCOCCOCCOCCOCCOCCOCCOCCOCCOCCOCCOCCOCCOCCOC)nc1N,5.0
COCCOc1cc2oc(=O)n(CCC(=O)O)c2cc1Cl.NC(CO)(CO)CO,50.825
COCC[S+]([O-])c1sc2nc(-c3nccs3)cc(-c3cnc(C)n3C)c2c1N,56.0
COCCc1ccc(-c2c(C)nc3c(N4CCOCC4)nccn23)cn1,64.5
CON(C)C(=O)C=CC=C(C)C1CC=CC=CC(O)C(C)C(O)C(CCC(C)=O)C(=O)NC(C(C)C)C(=O)NC(Cc2cccc(O)c2)C(=O)N2CCCC(N2)C(=O)O1,27.0
CON=C(C(=O)NC1C(=O)N2C(C(=O)O)=C(COC(C)=O)CSC12)c1csc(N)n1,26.5
CON=C(C(=O)NC1C(=O)N2C(C(=O)O)=C(COC(N)=O)CSC12)c1ccco1,40.1
CON=C(C(=O)NC1C(=O)N2C(C(=O)O)=C(CSc3nc(=O)c(O)nn3C)CSC12)c1csc(N)n1,56.9
CON=C(C(=O)NC1C(=O)N2C(C(=O)O)=CCSC12)c1csc(N)n1,30.0
CON=C(C(=O)NC1C(=O)N2C(C(=O)[O-])=C(C[N+]3(C)CCCC3)CSC12)c1csc(N)n1,20.0
CON=C(C(=O)NC1C(=O)N2C(C(=O)[O-])=C(C[n+]3ccc(-c4cc(C([O-])=NC#N)[nH]n4)cc3)CSC12)c1csc(N)n1.[Na+],15.0
CON=C(C(=O)NC1C(=O)N2C(C(=O)[O-])=C(C[n+]3cccc4c3CCC4)CSC12)c1csc(N)n1,10.0
CON=C(C(=O)NC1CN2CC(C#N)=C(C(=O)O)N2C1=O)c1csc(N)n1,41.5
CON=C(C(=O)NC1CN2CC(S(C)(=O)=O)=C(C(=O)O)N2C1=O)c1csc(N)n1,22.0
CON=C1CN(c2nc3c(cc2F)c(=O)c(C(=O)O)cn3C2CC2)CC1CN,60.0
COc1c(F)cc(C2CC(C(C)(C)C)=NN2c2ccc(C(=O)N3CCN(C)CC3)cc2)cc1F,13.0
COc1c(N)c(F)cc(C(=O)NC2CCC(=O)NC2=O)c1F,14.0
COc1c(N2CC(C)(N)C3(CC3)C2)c(F)cc2c(=O)c(C(=O)O)cn(C3CC3F)c12,5.4
COc1c(N2CC(C)(N)C3(CC3)C2)c(F)cc2c(=O)c(C(=O)O)cn(C3CC3F)c12.O,34.7
COc1c(N2CC(C)CC(N)C2)ccc2c(=O)c(C(=O)O)cn(C3CC3)c12,16.0
COc1c(N2CC(N)C3(CC3)C2)c(F)cc2c(=O)c(C(=O)O)cn(C3CC3F)c12.Cl.O,41.8
COc1c(N2CC3CCOCC3(N)C2)c(F)cc2c(=O)c(C(=O)O)cn(C3CC3F)c12,6.0
COc1c(N2CCC(C3(N)CC3)C2)ccc2c(=O)c(C(=O)O)cn(C3CC3F)c12,65.0
COc1c(N2CCCC(=C(F)CN)C2)c(F)cc2c(=O)c(C(=O)O)cn(C3CC3)c12,56.0
COc1c(N2CCNC(C)C2)c(F)cc2c(=O)c(C(=O)O)cn(C3CC3)c12,20.0
COc1c(NC(=O)c2ccc(C)c(N3C=C(C(=O)NCC(C)(C)CN(C)C)NN3)c2)cc(C(C)(C)C)cc1NS(C)(=O)=O,66.0
COc1c(NC(=O)c2ccc(C)c(N3C=C(C(=O)NCC(C)(C)O)NN3)c2)cc(C(C)(C)C)cc1NS(C)(=O)=O,66.0
COc1cc(-c2cn(C)c(=O)c3cnccc23)c(OC)cc1CN(C)C,35.0
COc1cc(-c2cn(C)c(=O)c3cnccc23)cc(OC)c1CN(C)C,33.0
COc1cc(Br)cc(C(=O)NCC2CCCN2CC2CC2)c1OC,34.0
COc1cc(C#N)c(OC2CCC(C)(C(=O)O)CC2)cc1C(=O)NC1C2CCC(C2)C1C(=O)NC12CC(F)(C1)C2,10.1
COc1cc(C#N)c(OC2CCC(C)(C(=O)O)CC2)cc1C(=O)NC1C2CCC(C2)C1C(=O)NCC(C)(C)C,7.8
COc1cc(C(=O)Nc2cc(OC(F)(F)F)ccc2-n2cncn2)ccc1OCC1CC1,0.03
COc1cc(C(=O)Nc2ccc(NC(=O)C3CCCCN3)cc2)cc(-c2c[nH]c(=O)[nH]c2=O)c1,60.5
COc1cc(C(F)(F)F)cc(SC)c1C(=O)NC1(c2ccccc2)CCCN(C)C1,1.7
COc1cc(CNC(=O)c2ccc([N+](=O)[O-])o2)cc(OC)c1OC,65.57
COc1cc(F)c(OC2CCC(C(=O)O)CC2)cc1C(=O)NC1C2CCC(C2)C1C(=O)NCC(C)(C)C,7.9
COc1cc(F)c(OC2CCC(C)(C(=O)O)CC2)cc1C(=O)NC1C2CCC(C2)C1C(=O)NCC1(C)CCC1,2.75
COc1cc(F)c(OC2CCC(C)(C(=O)O)CC2)cc1C(=O)NC1C2CCC(C2)C1C(=O)Nc1ccc(F)c(S(F)(F)(F)(F)F)c1,0.19
COc1cc(N)ccc1C(=O)NC1CCC(=O)NC1=O,17.0
COc1cc(N2CCC(N3CCN(C)CC3)CC2)ccc1Nc1ncc(Cl)c(Nc2ccccc2P(C)(C)=O)n1,65.85
COc1cc(NC(=O)c2ccc([N+](=O)[O-])o2)ncn1,53.13
COc1cc(NC(=O)c2ccccn2)ccc1NC(=O)c1ccccc1Cl,49.915
COc1cc(NC(=O)c2nccs2)ccc1NC(=O)c1ccccc1Cl,50.03
COc1cc(OC)c2c(C)[n+](-c3c(C)cccc3C)c(C)cc2c1.F[B-](F)(F)F,46.2
COc1cc(OC)c2c(C)[n+](-c3ccc(C(C)C)cc3C(C)C)c(C)cc2c1.F[B-](F)(F)F,58.4
COc1cc(OC)c2c(C)[n+](-c3ccc(C)cc3)c(C)cc2c1.F[B-](F)(F)F,55.9
COc1cc(OC)c2c(C)[n+](-c3ccc4scnc4c3)c(C)cc2c1.F[B-](F)(F)F,32.9
COc1cc(OC)cc(-c2nnc(C3(Cc4ccccc4)OC(=O)N(C(C)c4ccccc4)C3=O)o2)c1,0.2
COc1cc2c(cc1O)CC1NCCc3cc(OC)c(O)c-2c31,51.21
COc1cc2ccnc(Oc3ccc(F)cc3)c2cc1OC,2.0
COc1cc2nc(C3CCC(CN4CC5(CC(CCNc6cccc7c6C(=O)N(C6CCC(=O)NC6=O)C7=O)C5)C4)CC3)cn2cc1NC(=O)c1cccc(C(F)(F)F)n1,0.073
COc1cc2nc(C3CCC(CN4CC5(CC(CCNc6cccc7c6C(=O)N(C6CCC(=O)NC6=O)C7=O)C5)C4)CC3)n(C)c2cc1NC(=O)c1cccc(C(F)(F)F)n1,0.069
COc1cc2nc(C3CCC(CN4CC5(CC(CCNc6cccc7c6C(=O)N(C6CCC(=O)NC6=O)C7=O)C5)C4)CC3)oc2cc1NC(=O)c1cccc(C(F)(F)F)n1,0.067
COc1cc2nc(C3CCC(CN4CC5(CC(CCNc6cccc7c6C(=O)N(C6CCC(=O)NC6=O)C7=O)C5)C4)CC3)sc2cc1NC(=O)c1cccc(C(F)(F)F)n1,0.062
COc1cc2nc(N3CCCN(C(=O)N4CCOCC4)CC3)nc(N)c2c(-c2ccccn2)c1OC,44.0
COc1cc2nc(N3CCc4ncccc4C3)nc(N)c2c(-c2ncccn2)c1OC,55.0
COc1cc2ncc(C(=O)NC3CCC(C(C)(C)O)CC3)cc2cn1,67.0
COc1cc2nn(C3CCC(CN4CC5(CC(CCNc6cccc7c6C(=O)N(C6CCC(=O)NC6=O)C7=O)C5)C4)CC3)cc2cc1NC(=O)c1cccc(C(F)(F)F)n1,0.072
COc1cc2nn(C3CCC(CN4CCC5(CC4)CC(CNc4cccc6c4C(=O)N(C4CCC(=O)NC4=O)C6=O)C5)CC3)cc2cc1NC(=O)c1cccc(C(F)(F)F)n1,0.074
COc1ccc(-c2nnc(-c3cc(OC(F)(F)F)ccc3-n3ccnc3)o2)cc1OC,0.1
COc1ccc(C#N)cc1Oc1ncnc(N2CCC(Oc3ncc(F)c(N)n3)CC2)c1F,59.0
COc1ccc(C(=O)NC2OC(C)C(O)C(O)C2O)cc1,24.0
COc1ccc(C(=O)Nc2cc(OC(F)(F)F)ccc2-n2cncn2)cc1OC,0.24
COc1ccc(C(NC(=O)c2cnc(-c3cccnn3)nc2O)c2ccc(OC)cc2)cc1,0.6
COc1ccc(C(c2ccc(OCCN(C(C)C)C(C)C)cc2)c2cccs2)cc1,60.0
COc1ccc(C(c2ccccc2)c2nc(-c3ccc(F)cc3)c(CC(=O)O)s2)cc1,6.0
COc1ccc(C2Sc3ccccc3N(CCN(C)C)C(=O)C2OC(C)=O)cc1.Cl,35.46
COc1ccc(CCNC(=O)c2ccc([N+](=O)[O-])o2)cc1OC,69.68
COc1ccc(CN2CCCN(Cc3ccccc3)C(C)C2)cc1,1.6
COc1ccc(CNC(=O)c2ccc([N+](=O)[O-])o2)c(OC)c1,59.13
COc1ccc(CNC(=O)c2ccc([N+](=O)[O-])o2)cc1,65.28
COc1ccc(CNC(=O)c2ccc([N+](=O)[O-])o2)cc1OC,63.68
COc1ccc(Cc2cccc(OC3OC(CO)C(O)C(O)C3O)c2)cc1,33.13
COc1ccc(Cc2nnc(Nc3ccc(NC(=O)Nc4ccc(OC)cc4)cc3)c3ccccc23)cc1,7.88
COc1ccc(N(C)C(=O)c2ccc([N+](=O)[O-])o2)cc1,60.45
COc1ccc(NC(=O)N2CCN(c3c(Nc4ccccc4C)c(=O)c3=O)CC2)cc1OC,69.0
COc1ccc(NC(=O)c2ccc([N+](=O)[O-])o2)cc1,63.09
COc1ccc(NC(=O)c2ccccc2C)nc1,60.1
COc1ccc(OC(CC(C)C)C2CCNC2)c(C)n1,57.0
COc1ccc(S(=O)(=O)N2CCC(N3CCC(C)CC3)CC2)cc1,8.0
COc1ccc2ccc(=O)n(CCN3CCC4C(C3)OC(=O)N4c3ccc4c(n3)NC(=O)CO4)c2n1,1.6
COc1ccc2ccc(=O)n(CCNC3CCC4C(C3)OC(=O)N4c3ccc4c(n3)NC(=O)CO4)c2n1,12.2
COc1ccc2ncc(F)c(C(O)CN3CCC(NCc4cc5c(cn4)OCCO5)CC3)c2n1,64.6
COc1cccc(CNC(=O)c2cc(-c3nnn(CC4COC(CO)CO4)n3)nc(C)n2)c1,66.0
COc1cccc(CNC(=O)c2ccc([N+](=O)[O-])o2)c1OC,64.36
COc1cccc(NC(=O)c2ccc(S(=O)(=O)c3ccccc3)o2)c1,51.5
COc1cccc(NC(=O)c2ccc([N+](=O)[O-])o2)c1,63.6
COc1cccc(NC(=O)c2ccc([S+]([O-])c3ccccc3)o2)c1,61.04
COc1ccccc1C(=O)n1ccc2cc(NC(=O)c3ccccn3)ccc21,49.83
COc1ccccc1CNC(=O)c1ccc([N+](=O)[O-])o1,66.45
COc1ccccc1OCC(O)CN1CCN(CC(=O)Nc2c(C)cccc2C)CC1,53.45
COc1ccccc1OCCCCCCN1CC(O)C(O)C(O)C1CO,69.0
COc1ccccc1S(=O)(=O)Nc1ccc2c(c1)CN(C)C(=O)N2,69.0
COc1ccn2c(-c3cncc(NC4CNCCC4F)n3)cnc2c1,16.1
COc1ccnc(C2(C#N)CCN(Cc3cc(C(=O)O)c(=O)n4ccccc34)CC2)c1,64.9
COc1ccnc(CCc2nc3cccnc3[nH]2)c1,69.12
COc1nc(C)nc(Cl)c1NC1=NCCN1,11.41
COc1ncc(-c2cc3c(c(NC(=O)CN4CCOCC4)c2)COC3)cc1NS(C)(=O)=O,64.0
COc1ncc(-c2nc(C(=O)NC(=N)N)c(N)nc2N)cn1,60.0
CS(=O)(=O)C1CCN(Cc2ccnc(Nc3ncc(C#N)s3)c2)CC1,65.5
CS(=O)(=O)CCN1C(=O)C(NC(=O)c2cc3cc(Cl)sc3[nH]2)Cc2ccccc21,0.5
CS(=O)(=O)N1CCN(Cc2cc3nc(-c4cnc(N)nc4)nc(N4CCOCC4)c3s2)CC1,51.5
CS(=O)(=O)NC(=O)CN1C(=O)C(NC(=O)c2cc3cc(Cl)sc3[nH]2)Cc2ccccc21,0.37
CS(=O)(=O)O.NCCSCc1cnccc1SC1=C(C(=O)O)N2C(=O)C(NC(=O)C(=NO)c3nc(N)sc3Cl)C2SC1,60.0
CS(=O)(=O)c1ccc(-c2cnc(N)c(-c3ccc(CO)nc3)c2)cc1,45.9
CS(=O)(=O)c1ccc(-c2cnc(N)c(-c3ccc(F)nc3)c2)cc1,56.9
CS(=O)(=O)c1ccc(C(CC2CCC(=O)C2)C(=O)Nc2cnccn2)cc1Cl,50.0
CS(=O)(=O)c1ccc(Oc2cc(F)cc(C#N)c2)c2c1C(O)C(F)C2F,54.0
CSCCC(NC(=O)C1CCCN1C(=O)CNC(=O)C(CCCCN)NC(=O)C(Cc1c[nH]cn1)NC(=O)C(CO)NC(=O)C(CC(C)C)NC(=O)C(CCCNC(=N)N)NC(=O)C1CCCN1C(=O)C(CCCNC(=N)N)NC(=O)C(CCC(N)=O)NC(=O)C(CCCNC(=N)N)NC(=O)C(CCCNC(=N)N)NC(=O)C(Cc1ccccc1)NC(=O)C(N)CCCCN)C(=O)N1CCCC1C(=O)NC(Cc1ccccc1)C(=O)O,54.0
CSCCC1NC(=O)C(CC(C)C)NC(=O)C(CCCNC(=N)N)NC(=O)C(CO)NC(=O)C2CSSCC3NC(=O)C(CO)NC(=O)CNC(=O)C(C(C)O)NC(=O)C(CSSCC(N)C(=O)NC(CCCCN)C(=O)NCC(=O)NC(CCCCN)C(=O)NCC(=O)NC(C)C(=O)NC(CCCCN)C(=O)N2)NC(=O)C(CSSCC(C(N)=O)NC(=O)C(CCCCN)NC(=O)CNC(=O)C(CO)NC(=O)C(CCCNC(=N)N)NC3=O)NC(=O)C(CC(=O)O)NC(=O)C(Cc2ccc(O)cc2)NC1=O,50.0
CSCCC1NC(=O)C2CSCCC(=O)N3CN(CN(C3)C(=O)CCSCC(C(N)=O)NC(=O)C(Cc3c[nH]c4ccccc34)NC(=O)C3CC(O)CN3C(=O)C3CCCN3C(=O)C(C(C)O)NC(=O)C(CO)NC(=O)C(Cc3c[nH]c4ccccc34)NC(=O)C(CC(=O)O)NC(=O)C(CCCCNC(=N)N)NC1=O)C(=O)CCSCC(N)C(=O)N1CCCC1C(=O)NC(Cc1cccc3ccccc13)C(=O)NC(CC(=O)O)C(=O)N2,8.8
CSCCN1C(=O)C(NC(=O)c2cc3cc(Cl)sc3[nH]2)Cc2ccccc21,0.03
C[N+]1(C)C2CC(OC(=O)C(O)(c3cccs3)c3cccs3)CC1C1OC12.O.[Br-],48.0
C[S+]([O-])CCN1C(=O)C(NC(=O)c2cc3cc(Cl)sc3[nH]2)Cc2ccccc21,1.11
Cc1[nH]c(C(=O)NC2CC2)c(C)c1C(=O)c1ccc(C(F)(F)F)cn1,50.4
Cc1[nH]c(C(=O)NC2CC2)c(C)c1Oc1ccc(C(F)(F)F)nc1,42.7
Cc1[nH]c(C(=O)NC2CC2)cc1Cc1cnc(C(F)(F)F)nc1,44.5
Cc1[nH]cnc1CN(Cc1c[nH]cn1)C(CCCn1c(-c2ccccc2)n[nH]c1=S)C(=O)O,62.3
Cc1c(-c2cc(F)c(CO)cc2F)ccc2c3ocnc3c(=O)n(C3CC3)c12,2.6
Cc1c(-c2cc(F)c(N)cc2F)ccc2c3ocnc3c(=O)n(C3CC3)c12,1.2
Cc1c(-c2ccc(C(C)N)cc2)ccc2c3ocnc3c(=O)n(C3CC3)c12,26.0
Cc1c(-c2ccc(N)c(C#N)c2)ccc2c3ocnc3c(=O)n(C3CC3)c12,4.2
Cc1c(-c2ccc(N)cc2)ccc2c3ocnc3c(=O)n(C3CC3)c12,3.8
Cc1c(-c2ccc(N)cc2F)ccc2c3ocnc3c(=O)n(C3CC3)c12,3.0
Cc1c(-c2ccc3[nH]c(N)nc3c2)ccc2c3ocnc3c(=O)n(C3CC3)c12,5.2
Cc1c(-c2ccc3[nH]cnc3c2)ccc2c3ocnc3c(=O)n(C3CC3)c12,4.7
Cc1c(-c2ccc3[nH]ncc3c2)ccc2c3ocnc3c(=O)n(C3CC3)c12,2.4
Cc1c(-c2ccc3c(c2)CNC3)ccc2c3ocnc3c(=O)n(C3CC3)c12,23.5
Cc1c(-c2ccc3nonc3c2)ccc2c3ocnc3c(=O)n(C3CC3)c12,3.0
Cc1c(-c2ccnn2C)cc(C(=O)NCc2ccc(S(=N)C3CC3)cc2)c(=O)n1-c1cccc(C(F)(F)F)c1,58.1
Cc1c(-c2ccnn2C)cc(C(=O)NCc2ccc(S(C)(=N)=N)cc2)c(=O)n1-c1cccc(C(F)(F)F)c1,46.9
Cc1c(-c2ccnn2C)cc(C(=O)NCc2ccc(S(C)(=N)=O)cc2)c(=O)n1-c1cccc(C(F)(F)F)c1,64.0
Cc1c(-c2ccnn2C)cc(C(=O)NCc2ccc(S(C)=N)cc2)c(=O)n1-c1cccc(C(F)(F)F)c1,49.7
Cc1c(-c2ccnn2C)cc(C(=O)NCc2ccc([S+](C)[O-])cc2)c(=O)n1-c1cccc(C(F)(F)F)c1,68.3
Cc1c(-c2cnc(N)cn2)ccc2c3ocnc3c(=O)n(C3CC3)c12,30.0
Cc1c(C(=O)Nc2ccccc2)sc(N)c1C(N)=O,68.0
Cc1c(C(=O)Nc2ccccn2)ccc(F)c1F,63.9
Cc1c(Cc2ccc(C(F)(F)F)nc2)c[nH]c1C(=O)N1CCC1,65.9
Cc1c(Cc2ccc(C(F)(F)F)nc2)c[nH]c1C(=O)NC1CC1,64.0
Cc1c(F)c(N2CCNC(C)C2)cc2c1c(=O)c(C(=O)O)cn2C1CC1,50.0
Cc1c(F)cccc1C(=O)Nc1ccccn1,67.9
Cc1c(N2CC3CC3(N)C2)c(F)cc2c(CN)c(F)c(=O)n(C3CC3)c12,35.0
Cc1c(N2CCC(C(C)N)C2)c(F)cc2c(CN)cc(=O)n(C3CC3)c12,18.0
Cc1c(N2CCC(C(C)N)C2)c(F)cc2cc(C(=O)O)c(=O)n(C3CC3)c12,46.0
Cc1c(N2CCC(C3(N)CC3)C2)c(F)cc2c(CC(=O)N(C)C)cc(=O)n(C3CC3)c12,43.0
Cc1c2c(=O)n(-c3ccccc3Cl)[nH]c2cc(=O)n1Cc1ccccn1,20.5
Cc1c[nH]c2ncnc(N3CCN(C(=O)C(N)Cc4ccc(F)cc4)CC3)c12,65.5
Cc1cc(-c2nnc(N)nc2-c2ccc(F)cc2)cc(C)n1,69.0
Cc1cc(=O)n2nc(CC(=O)c3ccccc3)nc2[nH]1,7.0
Cc1cc(C#N)ccc1-c1cc(N)cc2ncnn12,69.8
Cc1cc(C#N)ccc1-c1cc2c(cn1)ncn2-c1ccc2c(C)n[nH]c2c1,3.0
Cc1cc(C#N)ccc1-c1cnn2c1CC(O)C2,59.0
Cc1cc(C(=O)CNc2c(-c3ccc(O)cc3)c(=O)oc3cc(O)ccc23)ccc1OCCN1CCC=C(C(=O)O)C1,0.955
Cc1cc(C(=O)NNS(=O)(=O)c2ccccc2F)cc(-n2nccn2)c1,68.3
Cc1cc(C)c(CN2CCc3c(Cl)cc(-c4c(C)noc4C)c(Cl)c3C2=O)c(=O)[nH]1,15.0
Cc1cc(C)c(CNC(=O)c2c(C)n(C(C)C(=O)N3CCCC3)c3ccccc23)c(O)n1,69.5
Cc1cc(C)c(CNC(=O)c2c(C)n(C(C)C3CCN(C)CC3)c3ccccc23)c(=O)[nH]1,55.0
Cc1cc(CC(NC(=O)N2CCC3(CC2)OC(=O)Nc2ncccc23)C(=O)NC(CC2CCNCC2)C(=O)N2CCN(c3ccncc3)CC2)cc2cn[nH]c12,33.5
Cc1cc(CN2CC(N)C(C(=O)C3CCCC3C#N)C2)ccc1C#N,34.0
Cc1cc(CN2CCN(c3c(Br)cnc4[nH]c(N5CCN(C)CC5)nc34)CC2)no1,1.6
Cc1cc(COc2nc(N)nc3ccn(Cc4ccccn4)c23)no1,61.0
Cc1cc(F)ccc1-c1cc2c(cn1)ncn2-c1cnc2c(cnn2C)c1,24.0
Cc1cc(F)ncc1-c1cc2c(cn1)ncn2-c1ccc2c(cnn2C)c1,11.0
Cc1cc(N)ccc1C(=O)NC1CCC(=O)NC1=O,2.0
Cc1cc(N2CCCC(N)C2)c2c(n1)n(C)c(=O)n2Cc1ccccc1C#N,62.0
Cc1cc(N2Nc3cc(O)ccc3-c3c2c2ccc(O)cc2oc3=O)ccc1OCCN1CCC=C(C(=O)O)C1,1.095
Cc1cc(NS(=O)(=O)c2ccc(N)cc2)no1,57.0
Cc1cc(Nc2cc(N)ncn2)c(=O)n2c1C(=O)NC21CCCCC1,50.0
Cc1cc(Nc2ccc(C(F)(F)F)cc2)n2nc(CCO)nc2n1,67.0
Cc1cc(Nc2ccc(C(F)(F)F)nc2)n2nc(C(C)(F)F)nc2n1,50.0
Cc1cc(Nc2ccnc3[nH]ccc23)n[nH]1,69.0
Cc1cc(OCC2CCN2)on1,10.55
Cc1cc(S(=O)(=O)NCC2OC(C)C(O)C(O)C2O)c(C)s1,60.0
Cc1cc2c(C(C)C)c(O)c(O)c(C=O)c2c(O)c1-c1c(C)cc2c(C(C)C)c(O)c(O)c(C=O)c2c1O,51.0
Cc1cc2c3c(c1C)C(C)(C)CCn3c(=O)c(=O)n2CC(O)C(O)C(O)CO,58.84
Cc1cc2cccc(NC(=O)c3ccccc3NS(=O)(=O)C3CC3)c2o1,1.45
Cc1cc2n[nH]c(=O)n2c2cc(-c3ccc[nH]3)ccc12,3.0
Cc1cc2n[nH]c(=O)n2c2cc(-c3cn[nH]c3)ccc12,1.3
Cc1cc2ncc(-c3ccc4cc(CCN5CCCC5C)ccc4n3)c(C)n2n1,62.0
Cc1cc2ncc(C(=O)NCC(C)(C)NCC(=O)N3CCCC3C#N)c(C)n2n1.Cl,20.75
Cc1cc2ncc(C(=O)NCC(C)(C)NCC(=O)N3CCCC3C#N)cn2n1.Cl,58.3
Cc1ccc(-c2cc(C(=O)NC(C)c3ccc(C(F)(F)F)[n+]([O-])c3)cc(C(C)(C)O)c2)nc1,62.4
Cc1ccc(C(=O)N2CC3CNCC(C2)O3)cc1C(=O)NCC12CC3CC(CC(C3)C1)C2,66.0
Cc1ccc(C(=O)NC2CC2)cc1-c1ccn2c(C(C)(C)C)nnc2c1,59.5
Cc1ccc(C(=O)NC2CC2)cc1-n1cnc2ccc(N3CCN(C)CC3)cc2c1=O,35.7
Cc1ccc(C(=O)NC2CC2)cc1NC(=O)c1cnn(-c2ncccc2C(F)(F)F)c1C,64.0
Cc1ccc(C(=O)NC2OC(C)C(O)C(O)C2O)cc1,31.0
Cc1ccc(C(C(=O)N2CCOCC2)N2C(=O)C(C3Cc4ccccc4C3)NC(=O)C2CC(C)C)cn1,65.75
Cc1ccc(CC2NC(=O)CCCSCC(C(=O)N3CCCC3C(=O)NC(CO)CCCNC(=N)N)NC(=O)C(CC(N)=O)NC(=O)C(C(C)C)NC(=O)C(Cc3cccs3)NC2=O)cc1,68.0
Cc1ccc(CN2C3CCC2CC(Oc2cccc(C(N)=O)c2)C3)s1,50.0
Cc1ccc(Cn2c(=O)[nH]c3c(N)nc(OCC4CCOCC4)cc32)cn1,41.0
Cc1ccc(N2C(=O)NC(C)(C)C2=O)cc1C(F)(F)F,64.8
Cc1ccc(N2CCN(Cc3cc(C(=O)NC4CCCCC4O)c(=O)n4ccccc34)CC2)nc1,65.7
Cc1ccc(O)c(C)c1-n1c(N)c(C(N)=O)c2nc(C(C)(C)O)cnc21,48.2
Cc1ccc(O)c(C)c1-n1c(N)c(C(N)=O)c2nc(N3CCOCC3)cnc21,62.8
Cc1ccc(OCC(F)(F)F)c(OCCNC(C)Cc2cc(C(N)=O)c3c(ccn3CCCO)c2)c1,62.25
Cc1ccc(Oc2ccc(N(CC(C(=O)NO)N3CCOCC3)S(C)(=O)=O)cc2)cc1,58.0
Cc1ccc(S(=O)(=O)NCC2OC(C)C(O)C(O)C2O)s1,60.0
Cc1ccc2nc(-c3ccc(F)cc3)c(CC(=O)N3CCCC3)n2c1.O=C(O)C(O)C(O)C(=O)O,63.980000000000004
Cc1ccc2nc(-c3ccc(NCCOCCOCCOCCNC(=O)COc4cccc5c4C(=O)N(C4CCC(=O)NC4=O)C5=O)cc3)sc2c1,58.05
Cc1cccc(-c2nn3c(c2-c2ccc4ncnn4c2C=CC(N)=O)CCC3)n1,47.8
Cc1cccc(C(=O)NC2OC(C)C(O)C(O)C2O)c1,40.0
Cc1cccc(C)c1NC(=O)C(C)N,28.049999999999997
Cc1cccc(CN2CCC3(CC2)CCN(C(=O)c2ccccc2)CC3)c1,54.02
Cc1cccc(S(=O)(=O)Nc2ccc(C)n(CC(=O)NCCONC(=N)N)c2=O)c1,45.7
Cc1ccccc1C(=O)Nc1cc(C#N)ccn1,64.1
Cc1ccccc1C(=O)Nc1ccc(F)cn1,56.0
Cc1ccccc1C(=O)Nc1ccc(NC(=O)c2ccccn2)cc1Cl,49.925
Cc1ccccc1C(=O)Nc1cccc(F)n1,67.0
Cc1ccccc1C(OCCN(C)C)c1ccccc1,20.0
Cc1ccccc1N1CC(C)(C)N(C2CNCC(C(=O)NC(CC(C)C)c3ccc(F)cn3)C2)CC1=O.O=C(O)C=CC(=O)O,55.0
Cc1ccnc(C2(C#N)CCN(Cc3cc(C(=O)O)c(=O)n4ccccc34)CC2)c1,64.9
Cc1ccnc2c3c(nn12)CN(C1COC(c2cc(F)ccc2F)C(N)C1)C3.O=C(O)C(F)(F)F,49.0
Cc1cn(C2CC(O)C(CNC(=O)Nc3ccc(N4CCCCC4)cc3)O2)c(=O)[nH]c1=O,52.3
Cc1cn(CC(=O)c2ccc(-c3ccc(N4CC(Cn5ccnn5)OC4=O)cc3F)cn2)cn1,69.0
Cc1cnc(N)nc1OCC(C)(C)CO,54.0
Cc1cnc(NCC(F)(F)c2ccccc2)c(=O)n1CC(=O)NCCONC(=N)N,67.0
Cc1n[nH]c(=O)cc1-c1ccc(OC2CCN(C3CCC3)CC2)cc1,54.0
Cc1n[nH]c(C)c1CCCOc1cc(C(=O)O)ccc1F,13.05
Cc1nc(C(C(=O)NC(C)C)N2C(=O)C(C3Cc4ccccc4C3)NC(=O)C2CC(C)C)co1,63.0
Cc1nc(C)c(-c2cccc(C(CC(=O)O)CN3CCC(CCc4ccc5c(n4)NCCC5)C3)c2)[nH]1,47.0
Cc1nc(CN2CCCC2c2ncccc2C)cc(N2CCN(C)CC2)n1,44.0
Cc1nc(N)c2ncn(C3OC(CN(C)CC=CCN)C(O)C3O)c2n1,38.45
Cc1nc(N)ccc1CNC(=O)Cn1c(C)ccc(NS(=O)(=O)Cc2ccccc2)c1=O,62.5
Cc1nc(N2CCC3(CC2)COC(C)C3N)cc(=O)n1-c1cccc(Cl)c1Cl,65.0
Cc1nc2c(c(-c3ccc(Cl)cc3Cl)c1CN)C(=O)N(CC(=O)N(C)C)C2,18.0
Cc1nc2cnc3[nH]ccc3c2n1C1CCC(NCCC#N)CC1,42.0
Cc1nc2cnc3[nH]ccc3c2n1C1CCCC(O)C1,49.0
Cc1nc2cnc3[nH]ccc3c2n1C1CCNCC1,37.0
Cc1nc2ncccc2cc1-c1ccc2cc(CCN3CCCC3C)ccc2n1,53.0
Cc1ncc(-c2nc(Nc3ccc(C(=O)N4CCCN(C)CC4)cc3)ncc2F)n1C(C)C,7.0
Cc1ncc(-c2nc(Nc3ccc(C(=O)NC4CCN(C)CC4)c(F)c3)ncc2F)n1C(C)C,6.0
Cc1ncc(-c2nc(Nc3ccc(C(=O)NCCN(C)C)c(F)c3)ncc2F)n1C(C)C,7.0
Cc1ncc([N+](=O)[O-])n1CCO,10.95
Cc1nccn1CC1CCc2c(c3ccccc3n2C)C1=O,54.765
Cc1nccnc1Nc1ccnc2cc(-c3cnc(N4CCCN(C)CC4)nc3)ccc12,58.0
Cc1ncnc2c1c1c(ccn1C)n2C1OC(CO)C(O)C1O,29.0
Cc1ncnc2c1c1occc1n2C1OC(CO)C(O)C1O,59.0
Cc1nn(C)cc1-c1ccc2cc(CCN3CCCC3C)ccc2n1,60.0
Cc1nn(C2CC2)c(=O)c2nn(C)c(Cc3ccc(C(F)(F)F)c(C#N)c3)c12,48.6
Cc1nn(CC(F)(F)F)cc1Nc1nc(C2CC2)c(-c2cncc3c2ncn3C)nc1C(N)=O,6.8
Cc1nnc(C(=O)NC(C)(C)c2nc(C(=O)NCc3ccc(F)cc3)c([O-])c(=O)n2C)o1.[Na+],21.5
Cc1nnc(C(C)C)n1C1CC2CCC(C1)N2CCC(NC(=O)C1CCC(F)(F)CC1)c1ccccc1,53.0
Cc1nnc2n1-c1ccc(-c3cncc(C(C)(C)O)c3)cc1CC2,67.0
Cc1nnc2n1-c1ccc(-c3cncc(C(C)(O)C(F)(F)F)c3)cc1CC2,28.0
Cc1oc(=O)oc1COC(=O)C1=C(C2CCCO2)SC2C(C(C)O)C(=O)N12,53.15
Cc1oc(=O)oc1COC(=O)N1CCC(N2CCC(=CC3=C(C(=O)O)N4C(=O)C(NC(=O)C(=NO)c5nsc(N)n5)C4SC3)C2=O)C1,16.0
Cc1oc2ncnc(NCc3ccco3)c2c1C,12.9
Cc1oncc1S(=O)(=O)NCC1OC(C)C(O)C(O)C1O,60.0
Cc1sc(N)nc1C(=NOC(COc1ccc(C(=N)NC2CCNC2)cc1)C(=O)O)C(=O)NC1C(=O)N(OS(=O)(=O)O)C1(C)C,54.25
Cl.NCC(=CF)C1Cc2ccccc2O1,58.0
Cl.NCC1CC1c1cc(Cl)ccc1OCCF,57.0
Cl.NCc1cc(Oc2cccc(C(=O)N3CC(O)C(F)C3)c2)nc(C(F)(F)F)c1,68.0
Cl.Nc1c2c(nc3ccccc13)CCCC2,55.0
Cl.O=C(O)C1CC(Cc2cccc(F)c2)CN1,22.5
Cl.OCCCc1cc(-c2cncc(OCC3CCN3)c2)on1,13.2
Cl.c1coc(CNc2ncnc3ccccc23)c1,12.9
Clc1cc(NCc2ccco2)c2nc[nH]c2n1,12.9
Clc1cc2[nH]cnc2c(NCc2ccco2)n1,12.9
Clc1nc(NCc2ccco2)c2[nH]ccc2n1,12.9
Clc1nc(NCc2ccco2)c2[nH]cnc2n1,12.9
Clc1nc(NCc2ccco2)c2cc[nH]c2n1,12.9
Cn1c(=O)[nH]c(=O)c2c1nc(Sc1nc3cc(NC(=O)CCC(N)C(=O)O)ccc3[nH]1)n2Cc1ccccc1,23.0
Cn1c(=O)c(Oc2ccc(F)cc2F)cc2cnc(NC3CCOCC3)nc21,48.45
Cn1c(=O)c2[nH]cnc2n(C)c1=O,41.0
Cn1c(=O)c2nc[nH]c2n(C)c1=O.O,43.14
Cn1c(=O)cc(N2CCCC(N)C2)n(Cc2cc(F)ccc2C#N)c1=O,22.0
Cn1c(=O)cc(N2CCCC(N)C2)n(Cc2ccccc2C#N)c1=O,28.0
Cn1c(=O)n(C2CCNCC2)c2c3cc(-c4cn[nH]c4)ccc3ncc21,65.0
Cn1c(N)c(NC(=O)NCCN)c[n+]1CC1=C(C(=O)O)N2C(=O)C(NC(=O)C(=NOC(C)(C)C(=O)[O-])c3nsc(N)n3)C2SC1,20.0
Cn1c([N+](=O)[O-])cnc1C(=O)N1CCOCC1,9.0
Cn1cc(-c2c(Cl)cnc3[nH]c(C4CCNCC4)cc23)cn1,28.9
Cn1cc(-c2cn3nccc3c(-c3cnn(C4(CC#N)CC(C#N)C4)c3)n2)cn1,28.0
Cn1cc(-c2ncc(C#N)c(N3CC4CC3CN4C(=O)C3CC3)n2)cn1,46.0
Cn1cc(CN2CCc3cc4nc(N)sc4cc3CC2)cn1,47.0
Cn1cc(Cl)c(C(=O)N2CCN(CC(=O)c3ccc(F)cc3)CC2)n1,65.0
Cn1ccc(-c2ccnc(NC(=O)C3CC3)c2)cc1=O,38.5
Cn1ccnc1S,18.814999999999998
Cn1cnc([N+](=O)[O-])c1Sc1ncnc2[nH]cnc12,67.63
Cn1cnc2cc(-c3ccc(OC4OC(CO)C(O)C(O)C4O)c(Cl)c3)cnc21,30.0
Cn1cnc2ncn(Cc3nn(CC(F)c4ccc(Cl)cc4)c(=O)o3)c(=O)c21,64.25
Cn1cncc1-c1c2c(=O)n(C)c(=O)n(CC3CC3)c2nn1Cc1ccnc2ccc(Cl)cc12,3.1
Cn1nc2c(=O)n(C3CC3)ccc2c1C(O)(c1cnc(C(F)(F)F)c(Cl)c1)C(F)(F)F,42.25
Cn1nc2c(=O)n(C3CC3)ccc2c1C(O)(c1cnc(C(F)(F)F)c(Cl)c1)C1CC1,48.9
Cn1nc2c(=O)n(C3CC3)cnc2c1C(O)(c1cnc(C(F)(F)F)c(Cl)c1)C(F)(F)F,68.1
Cn1nc2c(=O)n(C3CC3)ncc2c1C(N)(c1ccc(C(F)(F)F)c(Cl)c1)C1CC1,45.55
Cn1nc2c(=O)n(C3CC3)ncc2c1C(O)(c1cnc(C(F)(F)F)c(Cl)c1)C(F)(F)F,66.2
FCCC1CC1c1cncc(N2CC3CNCC3C2)c1.O=C(O)C(F)(F)F,50.0
Fc1ccc(Oc2nccc3[nH]ccc23)c(F)c1,6.0
Fc1ccc(Oc2nccc3[nH]ccc23)cc1,9.0
Fc1ccc(Oc2ncnc3[nH]ccc23)cc1,11.0
N#CC1(c2ccc(-c3ccc(N4CC(Cn5ccnn5)OC4=O)cc3F)cn2)C2CNCC21,19.0
N#CC1(c2ccccn2)CCN(Cc2cc(C(=O)NC3CCCCC3O)c(=O)n3ccccc23)CC1,69.0
N#CC1(c2ccccn2)CCN(Cc2cc(C(=O)NC3CCOCC3)c(=O)n3ccccc23)CC1,62.1
N#CC1(c2ccccn2)CCN(Cc2cc(C(=O)O)c(=O)n3ccccc23)CC1,69.55000000000001
N#CC1(c2cccnc2)CCN(Cc2cc(C(=O)O)c(=O)n3ccccc23)CC1,56.5
N#CC1CC2CC2N1C(=O)C(N)C12CC3CC(CC(O)(C3)C1)C2,30.0
N#CC1CCCN1C(=O)C1CCCN1C(=O)CCCc1ccc(I)cc1,1.0
N#CCCN1C(=O)CCC1C(=O)N1CCC2(S(=O)(=O)c3ccc(F)cc3)c3ccc(C(F)(C(F)(F)F)C(F)(F)F)cc3CCC12,1.75
N#CCCN1C(=O)CCC1C(=O)N1CCC2(S(=O)(=O)c3ccc(F)cc3)c3ccc(C(F)(C(F)(F)F)C(F)(F)F)nc3CCC12,6.1
N#CCCN1C(=O)CCC1C(=O)N1CCC2(S(=O)(=O)c3ccc(F)cc3)c3cnc(C(F)(C(F)(F)F)C(F)(F)F)cc3CCC12,9.4
N#CCCN1C(=O)CCC1C(=O)N1CCC2(S(=O)(=O)c3ccc(F)cc3)c3ncc(C(F)(C(F)(F)F)C(F)(F)F)cc3CCC12,18.0
N#CCN1C(=O)C(NC(=O)c2cc3cc(Cl)sc3[nH]2)Cc2ccccc21,0.09
N#CCN1CCC(n2c(=O)cnc3cnc4ccc(-c5ccc(N)nc5)cc4c32)CC1,62.05
N#CN=C([O-])c1cc(-c2cc[n+](CC3=C(C(=O)[O-])N4C(=O)C(NC(=O)C(=NOCCF)c5csc(N)n5)C4SC3)cc2)n[nH]1.[Na+],24.0
N#Cc1cc(CN2CCC2)cnc1-c1ccc(C(=O)Nc2ccccc2N)cc1,53.0
N#Cc1cc(S(=O)(=O)Nc2ncns2)ccc1Oc1ccc(-c2cccc(C(F)(F)F)c2)cc1-c1ccnc(CNCCC2CCNCC2)c1,0.12
N#Cc1ccc(-c2cc(N3CCNCC3)nc(N)n2)cc1,5.5
N#Cc1ccc(C=Cc2nc3ccccc3c(=O)n2-c2ccc[n+]([O-])c2)cc1,67.9
N#Cc1ccc(NCC(F)(F)c2ccccn2)c(F)c1CC(=O)NCCONC(=N)N,69.0
N#Cc1ccc(SC2OC(CO)C(O)C(n3cc(-c4cc(F)c(F)c(F)c4)nn3)C2O)cc1Cl,1.05
N#Cc1ccc2[nH]cc(C3CCC(N4CCc5cc(OCCCF)ccc5C4)CC3)c2c1,2.7
N#Cc1cccc(N2CCN(CCN3CCC(C(F)(F)F)CC3)C2=O)c1,66.5
N#Cc1cnc(NCC(F)(F)c2ccccc2)c(=O)n1CC(=O)NCCONC(=N)N,49.0
N#Cc1cnc(Nc2cc(CN3CCNCC3)ccn2)s1,30.6
N=C(N)NC(=O)c1cnn(-c2cccc3ncccc23)c1C1CC1,54.5
N=C(N)NCCCC(NC(=O)C1CCCN1C(=O)C1CSSCCC(=O)NC(Cc2ccc(O)cc2)C(=O)NC(Cc2ccccc2)C(=O)NC(CCC(N)=O)C(=O)NC(CC(N)=O)C(=O)N1)C(=O)NCC(N)=O,41.0
N=C(N)NCCCC(NC(=O)C1NC(=O)C(CO)NC(=O)C2NC(=O)C(CCC(N)=O)NC(=O)C(N)Cc3c[nH]c4c(cccc34)OC2c2c[nH]c3cc(ccc23)C1CCCN)C(=O)NC(Cc1c[nH]c2ccccc12)C(=O)O,53.6
N=C(N)NCCCC(NS(=O)(=O)Cc1ccccc1)C(=O)NCC(=O)NC(CCCNC(=N)N)C(=O)c1nccs1,43.0
N=C(N)c1ccc(CNC(=O)C2CCN2C(=O)C(NCC(=O)O)C2CCCCC2)cc1,12.65
NC(=O)CN1C(=O)C(NC(=O)c2cc3cc(Cl)sc3[nH]2)Cc2ccccc21,0.38
NC(=O)c1c(-c2ccccc2)[nH]c(-c2ccnc(N)n2)c1I,68.0
NC(=O)c1cc(-c2ccnc(N)n2)[nH]c1-c1ccccc1,64.0
NC(=O)c1cc(-c2ccnc(N)n2)[nH]c1-c1cccs1,68.0
NC(=O)c1cc(-c2nc(N)ncc2F)[nH]c1-c1ccccc1,68.0
NC(=O)c1cccc(-c2cnc(NCC3(c4ncccc4F)CC(F)C3)nc2)c1,28.0
NC(=O)c1cccc(C2CC3CCC(C2)N3CCN(CC2CCCCC2)C(=O)C(O)CO)c1.O=S(=O)(O)O,23.0
NC(=O)c1cccc(OC2CC3CCC(C2)N3CC2CCCCC2)c1,46.0
NC(=O)c1ccn(-c2ccc(NCC3(c4ncccc4F)CCC3)nn2)c1,39.0
NC(=O)c1ccn(-c2cnc(NCC3(c4ncccc4F)CC(F)C3)nc2)c1,51.0
NC(=O)c1ccn(-c2cnc(NCC3(c4ncccc4F)CCC3)nc2)c1,49.0
NC(=O)c1cnn(-c2ccc(NCC3(c4ncccc4F)CC(F)C3)nn2)c1,64.0
NC(=O)c1cnn(-c2ccc(NCC3(c4ncccc4F)CCC3)nn2)c1,45.0
NC(=O)c1cnn(-c2cnc(NCC3(c4ncccc4F)CC(F)C3)nc2)c1,15.0
NC(=O)c1nc(NCC(O)CO)c(C(N)=O)nc1NCC(O)CO,15.0
NC(C(=O)NC1C(=O)N2C(C(=O)O)=C(Cl)CSC12)c1ccccc1,25.0
NC(CC(=O)N1CCN(C(=O)c2ccccn2)CC1)Cc1cc(F)c(F)cc1F,44.3
NC(CC(=O)O)Cn1nnc(-c2ccc(Oc3ncc(Cl)cc3F)cc2)n1,7.9
NC(CN1C(=O)C(NC(=O)c2cc3cc(Cl)sc3[nH]2)Cc2ccccc21)=NO,0.6
NC(CO)(CO)CO.O=C(O)CCn1c(=O)oc2cc(OCCN3CCCC3)c(Cl)cc21,15.1
NC(Cc1ccc(N(CCCl)CCCl)cc1)C(=O)O,69.0
NC(Cc1cn(-c2nc(Cl)nc(N3CCOCC3)n2)c2ccccc12)C(=O)O,67.57
NC(N)=Nc1nc(CSCCC(N)=NS(N)(=O)=O)cs1,17.375
NC1(C(=O)NCc2ccc(Cl)cc2)CCN(c2ncnc3[nH]ccc23)CC1,14.0
NC1C(O)OC(CO)C(O)C1O,54.0
NC1CC(N2Cc3nn4nccnc4c3C2)COC1c1cc(F)ccc1F.O=C(O)C(F)(F)F,47.0
NC1CCN(c2c(F)cc3c(=O)c(C(=O)O)cn(C4CC4)c3c2Cl)C1,40.0
NC1CCN(c2cc3c(cc2F)n2ncnc2c(=O)n3C2CC2)C1,62.0
NCCCCN(Cc1nc2ccccc2[nH]1)C1CCCc2cccnc21,69.245
NCc1ccc(NC(=O)N(CCCCO)Cc2ccc(C(=O)NO)cc2)cc1,1.9
NNC(=O)c1ccncc1,8.85
NS(=O)(=O)c1nc2ccc(O)cc2s1,53.0
NS(=O)(=O)c1nc2ccccc2s1,56.0
Nc1c(C(=O)NCC(O)(CN(CCO)C(=O)c2c(F)cccc2F)C(F)(F)F)cnn1-c1ccc(F)cc1,68.0
Nc1c(C(=O)c2cccc(OCC(O)CO)c2)cnn1-c1ccc(F)cc1,12.1
Nc1cc(Cc2ccn(Cc3ccc4c(c3)CCNC4)n2)c2nn[nH]c2n1,50.0
Nc1ccc(-c2c(C(=O)c3ccc(OCCN4CC(C(=O)O)=CCC4=O)cc3)c3ccc(O)cc3[nH]c2=O)cc1,1.27
Nc1ccc(-c2c(C(=O)c3ccc(OCCN4CC(C(=O)O)=CCC4=O)cc3)c3ccc(O)cc3oc2=O)cc1,1.4100000000000001
Nc1ccc(-c2c(C(=O)c3ccc(OCCNS(=O)(=O)O)cc3)c3ccc(O)cc3oc2=O)cc1,1.205
Nc1ccc(C(=O)NC2CCC(=O)NC2=O)c(C(F)(F)F)c1,6.0
Nc1ccc(C(=O)NC2CCC(=O)NC2=O)c(Cl)c1,10.0
Nc1ccc(C(=O)NC2CCC(=O)NC2=O)c(F)c1,5.0
Nc1ccc(C(=O)NC2CCC(=O)NC2=O)c(O)c1,18.0
Nc1ccc(C(=O)NC2CCC(=O)NC2=O)cc1,3.0
Nc1cccc(C(=O)NC2CCC(=O)NC2=O)c1,4.0
Nc1cccc(C(=O)NC2CCC(=O)NC2=O)c1F,4.0
Nc1cccc(F)c1C(=O)NC1CCC(=O)NC1=O,12.0
Nc1cccc2c1C(=O)N(C1CCC(=O)NC1=O)C2=O,51.0
Nc1cccc2c1CN(C1CCC(=O)NC1=O)C2=O,12.0
Nc1ccccc1C(=O)NC1CCC(=O)NC1=O,9.0
Nc1ccccc1NC(=O)c1ccc(CNC2=NC(Cc3c[nH]cn3)CO2)cc1,46.65
Nc1ccccc1NC(=O)c1ccc(CNC2=NC(c3cccnc3)CO2)cc1,68.7
Nc1nc(-c2ccc(CNC(=O)Cc3ccc(NS(=O)(=O)c4ccccc4)cc3)cc2)c[nH]1,4.0
Nc1nc(-c2ccc(CNC(=O)Cc3ccc(NS(=O)(=O)c4ccccc4)nc3)cc2)c[nH]1,15.0
Nc1nc(C(=CCC(=O)O)C(=O)NC2C(=O)N3C(C(=O)O)=CCSC23)cs1,65.0
Nc1nc(C(=NO)C(=O)NC2C(=O)N3C(C(=O)O)=C(C=C4CCN(C5CCNC5)C4=O)CSC23)ns1,16.0
Nc1nc(C(=NOC2(C(=O)O)CC2)C(=O)NC2C(=O)N(S(=O)(=O)O)C2CN2CCOC2=O)cs1,25.0
Nc1nc(C(=O)NC(CC(=O)O)C(=O)O)c(N)nc1C(=O)NC(CC(=O)O)C(=O)O,0.0
Nc1nc(C(=O)NC(CO)C(=O)O)c(N)nc1C(=O)NC(CO)C(=O)O,0.0
Nc1nc(C(=O)NCC(O)CO)c(N)nc1C(=O)NCC(O)CO,2.0
Nc1nc(C(=O)NCCO)c(N)nc1C(=O)NCCO,12.0
Nc1nc2c(c(N3CCC(N)C3)n1)CCCc1ccccc1-2,55.0
Nc1nc2c(c(N3CCNCC3)n1)CCC1=C2C2CCCCC2O1,59.0
Nc1nc2c(c(N3CCNCC3)n1)CCCCC2c1ccccc1,67.5
Nc1nc2c(c(N3CCNCC3)n1)CCCc1ccc(F)cc1-2,63.5
Nc1nc2c(c(N3CCNCC3)n1)CCCc1ccccc1-2,51.0
Nc1nc2c(c(N3CCNCC3)n1)CCc1ccccc1-2,34.0
Nc1nc2c(c(N3CCNCC3)n1)Cc1ccccc1-2,48.5
Nc1nc2c(ncn2COCCO)c(=O)[nH]1,10.09
Nc1ncc(F)c2c1ncn2C1CCC(O)C1O,0.1
Nc1nccc(-c2cnn3ncccc23)n1,58.0
Nc1noc2ccc(-n3nc(C(F)(F)F)cc3C(=O)Nc3ccc(-c4ccccc4CN4CCC(O)C4)cc3F)cc12,68.0
O=C(C1CCS(=O)(=O)CC1)N1CCC2(S(=O)(=O)c3ccc(F)cc3)c3ccc(C(F)(C(F)(F)F)C(F)(F)F)cc3CCC12,3.8
O=C(C1CCS(=O)(=O)CC1)N1CCC2(S(=O)(=O)c3ccc(F)cc3)c3ccc(C(F)(C(F)(F)F)C(F)(F)F)nc3CCC12,5.0
O=C(CBr)N1CC([N+](=O)[O-])([N+](=O)[O-])C1,26.0
O=C(CC(O)c1cc(Cl)ccc1O)NO,49.0
O=C(CC(O)c1cc(Cl)ccc1OCc1ccccc1)NO,43.8
O=C(CC1(c2ccccc2)C2CC3CC1CC(C2)C3O)N1CC(O)C1,63.0
O=C(CC1C(=O)Nc2ccccc2N1S(=O)(=O)c1ccc(Cl)c(Cl)c1)NCCc1ccc(C2=NCCN2)cc1,36.0
O=C(CCCCCc1ccccn1)NC1CCC(O)CC1,36.0
O=C(CCCCCc1cccnc1)NC1CCC(O)CC1,34.2
O=C(CCCCCc1ccncc1)NC1CCC(O)CC1,21.4
O=C(CCCN1CCOCC1)c1ccc(-c2ccc(N3CC(Cn4ccnn4)OC3=O)cc2F)cn1,65.0
O=C(CCCOCc1ccccc1)NC1CCC(O)CC1,58.75
O=C(CCOCCc1ccccc1)NC1CCC(O)CC1,43.35
O=C(CN1C(=O)C(NC(=O)c2cc3cc(Cl)sc3[nH]2)Cc2ccccc21)NC(CO)CO,2.63
O=C(CN1C(=O)C(NC(=O)c2cc3cc(Cl)sc3[nH]2)Cc2ccccc21)NCCO,0.97
O=C(CN1C(=O)C(NC(=O)c2cc3cc(Cl)sc3[nH]2)Cc2ccccc21)NO,0.04
O=C(CNC(=O)c1cccc(C(F)(F)F)c1)NC1CN(C2CCC(c3ccccc3)CC2)CC1O,2.6
O=C(COCCCc1ccccc1)NC1CCC(O)CC1,60.800000000000004
O=C(Cc1ccc(F)c(C(F)(F)F)c1)N1CCN(c2ccc3nncn3n2)CC1,67.9
O=C(Cc1ccccc1)NC1CCN(CCCN2C(=O)COc3ccccc32)CC1,62.0
O=C(Cn1c(Cl)cnc(NCC(F)(F)c2cccc[n+]2[O-])c1=O)NCc1ncccc1Cl,45.5
O=C(Cn1cc(CN2CCN(c3cc4c(cc3F)c(=O)c(C(=O)O)cn4C3CC3)CC2)nn1)Nc1ccc(SC2OC(CO)C(O)C(O)C2O)cc1,69.0
O=C(NC(CO)C(=O)O)c1nc(NCC(O)CO)c(C(=O)NC(CO)C(=O)O)nc1NCC(O)CO,0.0
O=C(NC1C2CCN(CC2)C1Cc1cccnc1)c1cc2ccccc2o1,60.0
O=C(NC1CC1)c1cc(Cc2ccc(C(F)(F)F)nc2)c[nH]1,66.7
O=C(NC1CCC(O)CC1)C1CCCC(CCc2ccccc2)C1,50.9
O=C(NC1CCC2(S(=O)(=O)c3ccc(F)cc3)c3ccc(C(F)(C(F)(F)F)C(F)(F)F)cc3CCC12)C1CCS(=O)(=O)CC1,0.3
O=C(NC1CCC2(S(=O)(=O)c3ccc(F)cc3)c3ccc(C(F)(C(F)(F)F)C(F)(F)F)nc3CCC12)C1CCS(=O)(=O)CC1,2.2
O=C(NC1CCCCC1)c1ccc([N+](=O)[O-])o1,64.78
O=C(NC1CCCN(c2ncnc3[nH]ncc23)C1)C(Nc1cc(Cl)cc(Cl)c1)C1CC1,6.0
O=C(NC1CCNC1=O)c1cnc2cc(C3CC3)ncc2c1,43.0
O=C(NC1CCNC1=O)c1cnc2cc(N3CCC3)ncc2c1,59.0
O=C(NC1CCNCC1)c1n[nH]cc1NC(=O)c1c(Cl)cccc1Cl,42.0
O=C(NC1CN2CCC1CC2)c1cc2ccoc2cn1,0.83
O=C(NC1Cc2ccccc2N(CC(=O)N2CC(O)C(O)C2)C1=O)c1cc2cc(Cl)sc2[nH]1,2.35
O=C(NC1Cc2ccccc2N(CC(=O)N2CCC(O)CC2)C1=O)c1cc2cc(Cl)sc2[nH]1,1.83
O=C(NC1Cc2ccccc2N(CC(CO)CO)C1=O)c1cc2cc(Cl)ccc2[nH]1,0.21
O=C(NC1Cc2ccccc2N(CC(CO)CO)C1=O)c1cc2cc(Cl)sc2[nH]1,0.51
O=C(NC1Cc2ccccc2N(CC(CO)CO)C1=O)c1cc2sc(Cl)c(Cl)c2[nH]1,0.23
O=C(NC1Cc2ccccc2N(CC(O)CO)C1=O)c1cc2cc(Cl)ccc2[nH]1,0.2
O=C(NC1Cc2ccccc2N(CC(O)CO)C1=O)c1cc2cc(Cl)sc2[nH]1,0.36
O=C(NC1Cc2ccccc2N(CC(O)CO)C1=O)c1cc2sc(Cl)c(Cl)c2[nH]1,0.08
O=C(NC1Cc2ccccc2N(CCCO)C1=O)c1cc2cc(Cl)sc2[nH]1,0.22
O=C(NC1Cc2ccccc2N(CCO)C1=O)c1cc2cc(Cl)ccc2[nH]1,0.06
O=C(NC1Cc2ccccc2N(CCO)C1=O)c1cc2cc(Cl)sc2[nH]1,0.25
O=C(NC1Cc2ccccc2N(CCO)C1=O)c1cc2sc(Cl)c(Cl)c2[nH]1,0.03
O=C(NC1Cc2ccccc2NC1=O)c1cc2cc(Cl)sc2[nH]1,0.14
O=C(NC1Cc2ccccc2NC1=O)c1cc2sc(Cl)c(Cl)c2[nH]1,0.03
O=C(NCC(O)CN1CCc2ccccc2C1)c1cc(NC2COC2)ncn1,30.0
O=C(NCC(O)CO)c1nc(NCC(O)CO)c(C(=O)NCC(O)CO)nc1NCC(O)CO,6.0
O=C(NCC1CCOCC1)c1n[nH]c2ccc(-c3cncc(CO)c3)cc12,69.0
O=C(NCCN1CCCC1)c1cc(-c2ccc(CN3CCOCC3)cc2)nc2ccc(F)cc12,63.0
O=C(NCCN1CCCC1)c1cc(-c2ccc(CN3CCOCC3)cc2Cl)nc2ccc(F)cc12,56.0
O=C(NCCN1CCCC1)c1cc(NCCCCN2CCOCC2)nc2ccc(Cl)cc12,49.0
O=C(NCCN1CCCC1)c1cc(NCCCN2CCOCC2)nc2ccc(F)cc12,59.0
O=C(NCc1ccccc1Cl)c1ccc([N+](=O)[O-])o1,68.69
O=C(NCc1ccccn1)c1ccc([N+](=O)[O-])o1,57.31
O=C(NCc1ccco1)c1ccc([N+](=O)[O-])o1,62.01
O=C(NNS(=O)(=O)c1ccccc1F)c1cccc(-n2cccn2)c1,66.1
O=C(NO)C1CC2(CC2)CNC1C(=O)N1CC=C(c2ccccc2)CC1,60.0
O=C(NO)c1ccc(CN(CCCCO)C(=O)Nc2ccccc2)cc1,48.0
O=C(Nc1cc[nH]n1)c1ccc([N+](=O)[O-])o1,48.7
O=C(Nc1ccc(C2CCN(C(=O)C3CCC(C(=O)O)CC3)CC2)cc1)c1nc(-c2ccccc2)oc1C(F)(F)F,0.7
O=C(Nc1ccc(NC(=O)c2ccccc2Cl)c(Cl)c1)c1ccccn1,49.895
O=C(Nc1ccc(NC(=O)c2ccccc2Cl)c(F)c1)c1ccccn1,0.58
O=C(Nc1ccc(NC(=O)c2nccs2)c(Cl)c1)c1ccccn1,0.65
O=C(Nc1ccc2nc(S)sc2c1)c1ccc(OC(F)F)c(OCC2CC2)c1,53.71
O=C(Nc1cccc(Br)c1)c1ccc([N+](=O)[O-])o1,68.91
O=C(Nc1cccc(Cl)c1)c1ccc([N+](=O)[O-])o1,68.45
O=C(Nc1cccc(F)c1)c1ccc([N+](=O)[O-])o1,66.61
O=C(Nc1cccc(O)c1)c1ccc([N+](=O)[O-])o1,60.94
O=C(Nc1ccccc1)c1ccc([N+](=O)[O-])o1,67.46
O=C(Nc1ccccc1F)C(=O)N1CC2(CC2)CC1C(=O)NC(CC1CCNC1=O)C(=O)COC(F)(F)F,63.6
O=C(Nc1ccccc1OCC(F)(F)F)c1ccccc1NS(=O)(=O)C1CC1,1.3
O=C(Nc1ccccn1)c1ccc([N+](=O)[O-])o1,56.21
O=C(Nc1cccnc1)c1ccc([N+](=O)[O-])o1,55.33
O=C(Nc1ccncc1)c1ccc([N+](=O)[O-])o1,55.36
O=C(Nc1cnccn1)c1ccc([N+](=O)[O-])o1,47.18
O=C(Nc1nc2cccc(-c3ccc(CN4CCS(=O)(=O)CC4)cc3)n2n1)C1CC1,31.8
O=C(O)C(CCCn1c(-c2ccccc2)n[nH]c1=S)N(Cc1c[nH]cn1)Cc1c[nH]cn1,67.6
O=C(O)C(CCCn1c(-c2ccccc2)n[nH]c1=S)N(Cc1ccccn1)Cc1ccccn1,68.7
O=C(O)C(CCn1c(-c2ccccc2)n[nH]c1=S)N(Cc1c[nH]cn1)Cc1c[nH]cn1,55.0
O=C(O)C1C(=CCO)OC2CC(=O)N21,25.0
O=C(O)C1CC(COc2cccc(F)c2)CN1,38.5
O=C(O)C1CC(Cc2ccccc2Cl)CN1,33.0
O=C(O)C1OC(Oc2cc(O)cc(C=Cc3ccc(O)cc3)c2)C(O)C(O)C1O,66.75
O=C(O)CC(CN1CCC(CCc2ccc3c(n2)NCCC3)C1)c1cccc(-n2cncn2)c1,60.0
O=C(O)CC(CN1CCC(CCc2ccc3c(n2)NCCC3)C1)c1cccc(-n2cnnc2)c1,54.0
O=C(O)CC(NC(=O)CN1CCC(CCc2ccc3c(n2)NCCC3)C1=O)c1cccnc1,55.4
O=C(O)CC1c2ccccc2CC1NC(=O)c1cc2cc(Cl)ncc2[nH]1,0.01
O=C(O)CCCCC(=O)OCC1CCC(n2cnc3c(=O)[nH]cnc32)O1,8.0
O=C(O)CCCCCCCC(=O)OCC1CCC(n2cnc3c(=O)[nH]cnc32)O1,53.0
O=C(O)CCCS(=O)(=O)CC1c2ccccc2CC1NC(=O)c1cc2sc(Cl)c(Cl)c2[nH]1,0.3
O=C(O)CN1C(=O)C(NC(=O)c2cc3sc(Cl)c(Cl)c3[nH]2)Cc2ccccc21,0.12
O=C(O)Cc1sc(C(c2ccccc2)c2ccccc2)nc1-c1ccc(Cl)cc1,3.4
O=C(O)c1cc(CN2CCN(c3ccccc3)C(=O)C2)c2ccccn2c1=O,45.05
O=C(O)c1cc(CN2CCN(c3ccccc3)CC2)c2ccccn2c1=O,68.55
O=C(O)c1cc(O)cc(O)c1,17.61
O=C(O)c1ccc2nc(-c3cc(Cl)cc(Cl)c3)oc2c1,21.450000000000003
O=C(O)c1cccc(-n2sc3ccccc3c2=O)c1,30.1
O=C(O)c1cn(Cc2ccc(-c3cccnc3)nn2)c2c(F)cccc2c1=O,63.3
O=C(O)c1cn(Cc2ccc(-n3cccn3)cc2)c2c(c1=O)C(O)CCC2,59.2
O=C(O)c1cn(Cc2ccc(-n3ccnc3)cc2)c2c(c1=O)C(O)CCC2,31.049999999999997
O=C(O)c1cn(Cc2ccc3c(c2)CCC3O)c2cccc(F)c2c1=O,62.25
O=C(O)c1nn(Cc2ccc(Cl)c(Cl)c2)c(=O)c2cc(Oc3ccccc3)ccc12,0.061
O=C(OCCF)C1C2CCC(CC1c1cccc(C=CI)c1)N2,7.15
O=C(c1cc(Cc2n[nH]c(=O)c3ccccc23)ccc1F)N1CCCNCC1,40.34
O=C(c1cc2cc(Cl)ccc2[nH]1)N1CCNCC1,61.5
O=C(c1ccc(-c2ccc(OC3OC(CO)C(O)C(O)C3O)cc2)cc1)N1CCOCC1,48.0
O=C(c1ccccc1)c1ccc2n1CCC2C(=O)NCc1c[nH]c2ccccc12,45.0
O=C(c1cccn2ccnc12)N1CCN(CCc2ccc(F)cc2F)CC1,67.4
O=C1C(Nc2cc(F)cc(Cl)c2)CCCN1C1CCCN(c2ncnc3[nH]ccc23)C1,1.5
O=C1C(Nc2cc(F)cc(Cl)c2)CCCN1C1CCCN(c2ncnc3[nH]ncc23)C1,1.0
O=C1C2CCCN2C(=O)N1c1ccc(F)c(C(F)(F)F)c1,46.0
O=C1C=C2C=CC3CC2(O1)C1CCCCN31,49.0
O=C1CCC(N2C(=O)c3cccc(NCC4CC5(CCN(CC6CCC(n7cc8cc(NC(=O)c9cccc(C(F)(F)F)n9)c(C(F)F)cc8n7)CC6)CC5)C4)c3C2=O)C(=O)N1,0.052
O=C1CCC(NC(=O)c2cc(F)c(F)c(F)c2F)C(=O)N1,17.0
O=C1CCC(NC(=O)c2ccccc2)C(=O)N1,10.0
O=C1CCCCN1c1ccc(COC2COc3nc([N+](=O)[O-])cn3C2)cc1,66.4
O=C1CCCCN1c1ccc(COC2COc3nc([N+](=O)[O-])cn3C2)cn1,39.6
O=C1CCc2cc(-c3cccnc3)ccc21,23.0
O=C1CCc2cc(-c3cccnc3)ccc2C1,24.5
O=C1CCc2cc(-c3cccnc3)ccc2N1,60.5
O=C1CCc2ccc(OCCCCN3CCCN(c4ccc(O)c5[nH]c(=O)ccc45)CC3)cc2N1,27.0
O=C1CN(c2cc3nccnc3c(NCC3CCCNC3)n2)CCN1,59.0
O=C1CN(c2cn[nH]c(=O)c2Cl)CCN1Cc1ccccc1C(F)(F)F,69.0
O=C1CN=C(c2ccccn2)c2cc(Br)ccc2N1,60.0
O=C1CNC(=O)N1c1ccc(F)c(C(F)(F)F)c1,43.6
O=C1COCCN1c1ccc(C2CC(c3ccc([N+](=O)[O-])o3)=NO2)cc1,65.15
O=C1COCCN1c1ccc(C2CC(c3ccc([N+](=O)[O-])o3)=NO2)cn1,59.55
O=C1COCCN1c1ccc(COC2COc3nc([N+](=O)[O-])cn3C2)cc1,50.4
O=C1COCCN1c1ccc(COC2COc3nc([N+](=O)[O-])cn3C2)cc1F,67.8
O=C1COCCN1c1ccc(COC2COc3nc([N+](=O)[O-])cn3C2)cn1,27.9
O=C1CSCCN1c1ccc(COC2COc3nc([N+](=O)[O-])cn3C2)cc1,59.8
O=C1CSCCN1c1ccc(COC2COc3nc([N+](=O)[O-])cn3C2)cn1,32.1
O=C1Cc2cc(Cn3cc(C(=O)O)c(=O)c4c(F)cccc43)ccc2N1,65.5
O=C1NC(=O)C(CCC(=O)N2CCN(c3ccccc3)CC2)N1,30.0
O=C1NCCc2[nH]c(-c3ccnc(-c4ccccc4F)c3)cc21,61.5
O=C1Nc2c(O)cc(Cl)cc2C(C#CC2(O)CC2)(C(F)(F)F)O1,57.515
O=C1Nc2cc(O)c(Cl)cc2C(C#CC2CC2)(C(F)(F)F)O1,68.855
O=C1OC(Cn2ccnn2)CN1c1ccc(-c2ccc(C(O)CN3CCOCC3)nc2)c(F)c1,33.0
O=C1OC(Cn2ccnn2)CN1c1ccc(-c2ccc(C(O)CO)nc2)c(F)c1,46.0
O=S(=O)(c1cc(F)c(O)c2ncccc12)C1CCCC1,57.0
O=S(=O)(c1cc(F)c(O)c2ncccc12)N1CCCC1,51.0
O=S(=O)(c1ccc(F)cc1)c1cc(F)c(O)c2ncccc12,53.0
O=[N+]([O-])c1cn2c(n1)OCC(OCc1ccc(N3CCOCC3)c(F)c1)C2,51.3
O=[N+]([O-])c1cn2c(n1)OCC(OCc1ccc(N3CCOCC3)cc1)C2,39.4
O=[N+]([O-])c1cn2c(n1)OCC(OCc1ccc(N3CCOCC3)nc1)C2,14.5
O=[N+]([O-])c1cn2c(n1)OCC(OCc1ccc(SC(F)(F)F)cc1)C2,60.0
O=c1[nH]c(=O)n(C2CC2)c2nc(Cc3nc4ccc(O)cc4[nH]3)n(Cc3ccccc3)c12,68.0
O=c1[nH]c(=O)n(C2CC2)c2nc(Cc3nc4ccc(OCCO)cc4[nH]3)n(Cc3ccccc3)c12,66.5
O=c1[nH]c2c(O)ccc(C(O)CNCCCOCCOCCc3ccccc3)c2s1,53.45
O=c1[nH]c2c(O)ccc(C(O)CNCCc3ccc(CNCCc4ccccn4)cc3)c2s1,51.73
O=c1[nH]ccc2cc(OC3CCCNC3)ccc12,13.0
O=c1[nH]cnc2c1ncn2C1CCC(CO)O1,5.0
O=c1cc(-c2ccc(F)cc2)oc2c(O)c(O)ccc12,24.0
O=c1ccc2ccc(F)c3c2n1CC3CN1CCC(NCc2cc3c(nn2)OCCO3)CC1,47.03
O=c1ccc2ncc(=O)n3c2n1CC3CN1CCC(NCc2cc3c(cn2)OCCC3)CC1,30.0
O=c1ccc2ncc(F)c3c2n1CC3(O)CN1CCC(NCc2cc3c(cn2)OCCO3)CC1,22.08
OB1OCc2cc(F)ccc21,66.0
OB1ON=Cc2ccccc21,29.01
OC1CCC(C(O)CC2c3c(F)cccc3-c3cncn32)CC1,48.0
OC1CCC(Nc2nccc(-c3cnn4ncccc34)n2)CC1,68.0
OC1CCN(Cc2ccc(Oc3ccc(-c4ccn[nH]4)cn3)cn2)CC1,52.0
OCC1C(O)C(O)C(O)CN1CCCCCCOCc1ccccc1,52.0
OCC1OC(OCCc2ccc(O)cc2)C(O)C(O)C1O,12.67
OCCCNc1nccc(-c2cnn3ncccc23)n1,59.0
Oc1cc(O)c2c(c1)OC(c1ccc(O)c(O)c1)C(O)C2,65.0
[N-]=[N+]=CC(=O)CCC(N)C(=O)O,56.0
c1cc(-c2ccc(Oc3ccc(CN4CCCC4)nc3)nc2)[nH]n1,44.0
c1cc(-c2ccc(Oc3ccc(CN4CCCCC4)nc3)nc2)[nH]n1,54.0
c1cc2c3c(c1)C1(CCC1)CN3CCNC2,63.6
c1cc2cc(-c3ccc(-c4cc5ccc(C6=NCCN6)cc5[nH]4)cc3)[nH]c2cc1C1=NCCN1,25.0
c1ccc(-c2cnn3ncccc23)nc1,61.0
c1ccc(CN2CCCCC3NCCC32)cc1,49.0
c1ccc(Cc2ncc3c(n2)CCNCC3)cc1,0.0
c1ccc(N2CCN(CC3CCCCN3)C2)cc1,49.6
c1cncc(-c2cc(N3CCC(N4CCOCC4)CC3)nc(-c3ccncc3)n2)c1,59.0
c1cnn2ncc(-c3ccnc(NCCCN4CCOCC4)n3)c2c1,40.0
c1cnn2ncc(-c3ccnc(Nc4ccncc4)n3)c2c1,41.0
c1cnn2ncc(-c3ccnc(Nc4ccnnc4)n3)c2c1,44.0
c1coc(CNc2ccnc3[nH]cnc23)c1,12.9
c1coc(CNc2ccnc3ccnn23)c1,12.9
c1coc(CNc2nccc3[nH]cnc23)c1,12.9
c1coc(CNc2ncnc3[nH]ccc23)c1,12.9
c1coc(CNc2ncnc3[nH]cnc23)c1,12.9
c1coc(CNc2ncnc3[nH]nnc23)c1,12.9
c1coc(CNc2ncnc3cc[nH]c23)c1,12.9
c1coc(CNc2ncnc3ccsc23)c1,12.9
c1coc(CNc2ncnc3cn[nH]c23)c1,12.9
c1coc(CNc2ncnc3occc23)c1,12.9
c1coc(CNc2ncnc3sccc23)c1,12.9
c1nc(Cc2ccsc2)c[nH]1,62.94
